# Blender 3.6.10
# www.blender.org
mtllib kumo.mtl
o ICO球
v -0.910753 -1.092193 -0.000000
v -1.259615 -0.485048 0.960777
v -2.152915 -0.463839 0.000000
v -1.254239 -0.465794 -0.915288
v -0.477738 0.428628 1.049335
v -2.071100 0.522882 0.614732
v -1.891478 0.411756 -0.484036
v -0.477505 0.392922 -0.950829
v -0.957421 0.970142 -0.000000
v -1.189161 -0.958625 0.571609
v -0.524247 -0.634070 0.811149
v -1.808794 -0.944952 0.000000
v -1.885457 -0.504395 0.479709
v -1.180971 -0.866401 -0.519774
v -1.960054 -0.561478 -0.534022
v -0.524707 -0.714708 -0.903793
v -0.997788 0.053164 1.090062
v -2.241387 0.000000 0.330162
v -1.887406 -0.000084 0.911877
v -1.799688 -0.000022 -0.790782
v -2.071918 0.000000 -0.275098
v -0.995213 0.051538 -1.027519
v -1.285321 0.529738 0.803845
v -2.163729 0.580022 0.000000
v -1.293453 0.568765 -0.856595
v -0.790605 0.810233 0.438583
v -1.682896 0.915751 0.332705
v -1.631561 0.812732 -0.295246
v -0.791347 0.850659 -0.462041
v 0.953776 -0.947371 0.518158
v 1.121388 -1.097321 0.000000
v 1.873901 -0.976660 0.354853
v 2.189946 -0.497017 0.584312
v 1.444670 -0.523478 0.795383
v 0.638444 -0.436662 1.071503
v 2.334572 -0.586320 -0.000000
v 1.856049 -0.940835 -0.341826
v 2.074391 -0.425528 -0.500233
v 0.953082 -0.909580 -0.496230
v 1.441383 -0.507703 -0.774062
v 2.393716 -0.000000 0.327458
v 2.316646 -0.000000 -0.302416
v 2.235331 0.424720 -0.000000
v 1.158229 -0.053030 1.084920
v 1.987952 0.000041 0.828898
v 1.411644 0.454154 0.887791
v 2.064187 0.000095 -0.934143
v 1.159717 -0.053969 -1.121050
v 1.417998 0.476918 -0.941570
v 2.120808 0.561555 0.534095
v 0.685166 0.680753 -0.864783
v 2.132353 0.570389 -0.542501
v 1.331954 0.757512 0.458572
v 1.870198 0.783606 -0.000000
v 1.063972 0.829828 -0.000000
v 1.334106 0.781741 -0.472190
v 0.638275 -0.410802 -1.000154
v 0.684771 0.611609 0.785342
v -1.091806 -1.034931 0.494678
v -1.031637 -1.077213 0.424606
v -0.986998 -1.104631 0.354026
v -0.954757 -1.120750 0.281920
v -0.933007 -1.126814 0.209135
v -0.919770 -1.123604 0.137166
v -0.913016 -1.111839 0.067203
v -0.581911 -0.630796 0.829848
v -0.657429 -0.621406 0.851084
v -0.737517 -0.605346 0.869001
v -0.819944 -0.583205 0.881374
v -0.904640 -0.556628 0.885840
v -0.995235 -0.525768 0.879843
v -1.101017 -0.504338 0.901941
v -1.713187 -0.995410 0.000000
v -1.631086 -1.026129 -0.000000
v -1.545337 -1.046484 0.000000
v -1.451622 -1.056103 0.000000
v -1.346052 -1.052875 0.000000
v -1.223642 -1.032543 0.000000
v -1.082403 -1.069877 0.000000
v -1.953904 -0.513733 0.411255
v -1.999111 -0.516428 0.356453
v -2.036129 -0.515731 0.303585
v -2.067567 -0.512075 0.250251
v -2.094522 -0.505539 0.195161
v -2.117424 -0.496040 0.137490
v -2.136599 -0.483116 0.075522
v -1.082891 -0.892202 -0.424976
v -1.023010 -0.903582 -0.351931
v -0.979073 -0.909486 -0.285721
v -0.948600 -0.940755 -0.231938
v -0.928822 -0.989493 -0.181005
v -0.917099 -1.030954 -0.124759
v -0.911693 -1.065192 -0.064137
v -1.890540 -0.554492 -0.609979
v -1.832342 -0.545114 -0.661871
v -1.773065 -0.533522 -0.705018
v -1.709397 -0.519625 -0.741622
v -1.637977 -0.503124 -0.772265
v -1.552489 -0.483438 -0.796360
v -1.441500 -0.459157 -0.812535
v -0.980282 -0.033292 1.087353
v -0.979789 -0.103173 1.072421
v -0.991058 -0.165777 1.048299
v -1.014559 -0.226679 1.033716
v -1.050440 -0.287709 1.024644
v -1.099030 -0.348325 1.012500
v -1.162216 -0.410499 0.994745
v -2.217031 -0.084368 0.267424
v -2.190890 -0.142166 0.221371
v -2.161214 -0.190287 0.180458
v -2.134846 -0.233379 0.143889
v -2.147666 -0.285247 0.114349
v -2.155419 -0.338905 0.081999
v -2.157809 -0.395773 0.045821
v -1.915114 0.088974 0.856195
v -1.931552 0.152462 0.812058
v -1.966565 0.214056 0.795486
v -1.996198 0.274235 0.773005
v -2.021188 0.333913 0.744702
v -2.041775 0.393320 0.710654
v -2.058251 0.453825 0.669757
v -1.756760 -0.081515 -0.818159
v -1.719070 -0.140929 -0.833360
v -1.677708 -0.194142 -0.844440
v -1.629246 -0.243975 -0.852946
v -1.570239 -0.291989 -0.859291
v -1.495966 -0.339075 -0.863055
v -1.400024 -0.387807 -0.866323
v -2.050349 0.075375 -0.317071
v -2.032768 0.128742 -0.346038
v -2.012161 0.175481 -0.369715
v -1.988451 0.218107 -0.389710
v -1.963816 0.259392 -0.408534
v -1.946952 0.305231 -0.432842
v -1.924586 0.353680 -0.457058
v -0.892829 0.115859 -1.001746
v -0.819117 0.166279 -0.972393
v -0.755383 0.209267 -0.939364
v -0.696511 0.256358 -0.945930
v -0.638268 0.301953 -0.956078
v -0.579944 0.341595 -0.959050
v -0.522793 0.373190 -0.956258
v -1.494511 0.549590 0.812034
v -1.615200 0.563772 0.813965
v -1.711024 0.569488 0.801898
v -1.793848 0.569646 0.780069
v -1.868847 0.565123 0.750531
v -1.937961 0.556226 0.714196
v -2.002890 0.542993 0.671050
v -2.132051 0.560444 -0.102142
v -2.101676 0.541671 -0.173263
v -2.069113 0.521545 -0.233329
v -2.033694 0.499656 -0.285939
v -1.994832 0.475637 -0.332460
v -1.951924 0.449119 -0.373848
v -1.904408 0.419752 -0.411614
v -1.102857 0.537359 -0.886944
v -0.982026 0.504821 -0.890783
v -0.881925 0.489319 -0.911375
v -0.791093 0.476470 -0.937294
v -0.703314 0.456985 -0.953239
v -0.618339 0.434297 -0.959535
v -0.538427 0.411164 -0.957400
v -1.766347 0.882918 0.393279
v -1.825259 0.848731 0.436083
v -1.876221 0.810408 0.473094
v -1.922267 0.766719 0.506548
v -1.964144 0.717530 0.537006
v -2.002035 0.662898 0.564586
v -2.036700 0.601274 0.589801
v -1.692735 0.757301 -0.339671
v -1.730538 0.707833 -0.367128
v -1.758630 0.657273 -0.387526
v -1.778828 0.604523 -0.402189
v -1.807374 0.564007 -0.422927
v -1.835668 0.521474 -0.443483
v -1.862749 0.473519 -0.463159
v -1.353115 -0.552816 0.908184
v -1.398681 -0.604391 0.853300
v -1.416970 -0.647837 0.794487
v -1.411893 -0.682010 0.733595
v -1.389358 -0.718527 0.682716
v -1.353180 -0.787394 0.656426
v -1.293304 -0.863572 0.623955
v -2.131292 -0.543613 -0.000000
v -2.106277 -0.608433 0.000000
v -2.076451 -0.668270 0.000000
v -2.041171 -0.724914 0.000000
v -2.000075 -0.778911 0.000000
v -1.952281 -0.831022 0.000000
v -1.894463 -0.883312 0.000000
v -1.467972 -0.516233 0.933052
v -1.582091 -0.530954 0.886181
v -1.665293 -0.538952 0.833153
v -1.729612 -0.542236 0.775953
v -1.780741 -0.541092 0.715258
v -1.821584 -0.535515 0.650299
v -1.854590 -0.524932 0.578230
v -1.343298 -0.526664 -0.852120
v -1.386589 -0.572412 -0.798170
v -1.409370 -0.625350 -0.764228
v -1.412009 -0.682428 -0.734034
v -1.393129 -0.735712 -0.697278
v -1.352619 -0.784069 -0.654048
v -1.288656 -0.827018 -0.601168
v -2.150755 -0.490594 -0.076623
v -2.142724 -0.510083 -0.141324
v -2.129677 -0.526052 -0.203239
v -2.111481 -0.539077 -0.264140
v -2.087896 -0.549287 -0.324705
v -2.058219 -0.556726 -0.386030
v -2.020066 -0.561278 -0.451071
v -1.103800 -0.519258 -0.938542
v -0.998563 -0.551739 -0.937893
v -0.906320 -0.577027 -0.925393
v -0.820596 -0.596558 -0.903336
v -0.737769 -0.614276 -0.881715
v -0.657994 -0.655675 -0.894963
v -0.582501 -0.690966 -0.901646
v -0.523160 0.410958 1.065170
v -0.580488 0.381847 1.084155
v -0.639123 0.344069 1.101542
v -0.697918 0.298953 1.115516
v -0.757624 0.247531 1.124557
v -0.821842 0.190384 1.126676
v -0.895863 0.127156 1.118602
v -2.125073 0.456535 0.589040
v -2.163866 0.397675 0.563395
v -2.194937 0.339183 0.535481
v -2.219331 0.279697 0.504750
v -2.236922 0.219059 0.471062
v -2.247480 0.156506 0.433844
v -2.250698 0.088776 0.390876
v -1.423469 -0.446725 0.999131
v -1.532170 -0.402209 1.013057
v -1.619975 -0.351767 1.016323
v -1.693365 -0.295008 1.011816
v -1.754966 -0.232603 1.000213
v -1.805544 -0.165561 0.981800
v -1.847275 -0.093002 0.955831
v -1.895137 0.364157 -0.539138
v -1.894238 0.321832 -0.582419
v -1.889979 0.279320 -0.621263
v -1.882416 0.235391 -0.657049
v -1.871310 0.188968 -0.690583
v -1.856013 0.138417 -0.722695
v -1.835008 0.080795 -0.754376
v -2.166915 -0.399679 -0.046242
v -2.172302 -0.345093 -0.083464
v -2.172018 -0.292675 -0.117434
v -2.166499 -0.241042 -0.149194
v -2.155675 -0.189288 -0.179308
v -2.138940 -0.135765 -0.208651
v -2.114621 -0.077688 -0.238489
v -1.159486 -0.396438 -0.959384
v -1.097013 -0.336652 -0.979849
v -1.048598 -0.276664 -0.989016
v -1.012536 -0.215291 -0.988721
v -0.988600 -0.154399 -0.988712
v -0.977038 -0.094436 -1.003386
v -0.977459 -0.029206 -1.016230
v -0.538859 0.445936 1.049136
v -0.619056 0.468491 1.042446
v -0.704445 0.491439 1.027293
v -0.792809 0.512126 1.003304
v -0.884426 0.526766 0.970877
v -0.984393 0.531608 0.928552
v -1.101273 0.523890 0.869387
v -2.111943 0.548016 0.539064
v -2.139994 0.565353 0.471263
v -2.161152 0.578430 0.403260
v -2.176178 0.587717 0.333474
v -2.184958 0.593142 0.261795
v -2.187217 0.594539 0.187450
v -2.182288 0.591492 0.106503
v -1.855399 0.439883 -0.543545
v -1.819313 0.461576 -0.591714
v -1.778323 0.480991 -0.636809
v -1.730137 0.498882 -0.680435
v -1.671764 0.515695 -0.723497
v -1.597220 0.532190 -0.766958
v -1.494280 0.549009 -0.811171
v -0.892986 0.986487 0.079232
v -0.848666 0.982216 0.145178
v -0.815339 0.964649 0.204833
v -0.792262 0.935909 0.258239
v -0.779111 0.897558 0.304849
v -0.774954 0.851257 0.343983
v -0.778912 0.811795 0.381866
v -1.119923 0.851970 0.040473
v -1.228585 0.842282 0.072056
v -1.317497 0.880762 0.106693
v -1.393342 0.911513 0.143030
v -1.461890 0.929290 0.181350
v -1.527742 0.936322 0.222912
v -1.595574 0.933306 0.269669
v -1.120497 0.864465 -0.041000
v -1.226157 0.810315 -0.069582
v -1.310169 0.819116 -0.099774
v -1.382501 0.850482 -0.133769
v -1.445704 0.864663 -0.168616
v -1.503962 0.864272 -0.205111
v -1.561234 0.850029 -0.244484
v -0.893407 1.007902 -0.080946
v -0.849277 1.021046 -0.150935
v -0.816041 1.019168 -0.216553
v -0.793039 1.004575 -0.277760
v -0.780033 0.978881 -0.333789
v -0.776135 0.943715 -0.383673
v -0.780267 0.900551 -0.426604
v -0.961390 0.804959 -0.425878
v -1.103366 0.827865 -0.427332
v -1.220185 0.834159 -0.417201
v -1.316248 0.830221 -0.399525
v -1.395897 0.819725 -0.376743
v -1.463997 0.804259 -0.349683
v -1.537312 0.812108 -0.330087
v -0.809542 0.831688 -0.513708
v -0.835552 0.814246 -0.567808
v -0.870676 0.788162 -0.616934
v -0.916371 0.753221 -0.659070
v -0.974191 0.708832 -0.691945
v -1.047785 0.673474 -0.736935
v -1.142261 0.638098 -0.792962
v -1.603100 0.765705 -0.378115
v -1.584565 0.737945 -0.441075
v -1.569384 0.725139 -0.508472
v -1.546286 0.708268 -0.573977
v -1.512757 0.687074 -0.639360
v -1.465690 0.660491 -0.705811
v -1.400515 0.625417 -0.774879
v -1.648541 0.836204 -0.201261
v -1.659889 0.853053 -0.130909
v -1.675881 0.880228 -0.066075
v -1.687436 0.900633 -0.000000
v -1.694920 0.915095 0.068773
v -1.698025 0.923707 0.141840
v -1.695700 0.925713 0.222914
v -1.715718 0.788663 -0.249664
v -1.779631 0.770949 -0.216298
v -1.846966 0.762698 -0.187365
v -1.910220 0.747239 -0.157103
v -1.971041 0.724488 -0.124988
v -2.030639 0.693456 -0.090513
v -2.091195 0.650979 -0.052128
v -1.783872 0.900141 0.282669
v -1.854754 0.877993 0.243145
v -1.916124 0.850103 0.205949
v -1.971662 0.816178 0.169183
v -2.022647 0.775884 0.132069
v -2.069903 0.728089 0.093990
v -2.115052 0.669226 0.053198
v -1.576326 0.913639 0.373790
v -1.492220 0.901620 0.395945
v -1.408553 0.880887 0.407927
v -1.318878 0.849420 0.409838
v -1.217564 0.803428 0.400094
v -1.100669 0.774959 0.397219
v -0.960558 0.777307 0.409939
v -1.660422 0.888427 0.438980
v -1.637776 0.857640 0.514291
v -1.609784 0.821703 0.579180
v -1.573877 0.780050 0.635976
v -1.528243 0.732135 0.684393
v -1.470403 0.676219 0.723630
v -1.396000 0.607891 0.752494
v -0.808907 0.802720 0.494594
v -0.834885 0.788966 0.548971
v -0.870035 0.768511 0.600492
v -0.915853 0.740823 0.647494
v -0.973984 0.705069 0.688063
v -1.046725 0.659109 0.720796
v -1.138071 0.597884 0.743835
v -1.135788 0.118751 -1.045086
v -1.226045 0.176646 -1.041258
v -1.290425 0.233484 -1.027634
v -1.333391 0.291689 -1.007614
v -1.356694 0.352314 -0.982437
v -1.359805 0.415700 -0.952238
v -1.341859 0.483299 -0.915186
v -1.185276 0.032293 -1.045767
v -1.316778 0.022041 -1.036682
v -1.423232 0.016236 -1.015482
v -1.512716 0.013008 -0.986769
v -1.590388 0.010893 -0.952149
v -1.659721 0.008670 -0.911636
v -1.724819 0.005448 -0.863196
v -1.467774 0.480775 -0.877233
v -1.552900 0.410231 -0.882878
v -1.613417 0.345104 -0.882333
v -1.660571 0.282319 -0.877208
v -1.699890 0.220147 -0.867394
v -1.734155 0.156701 -0.852272
v -1.765557 0.088921 -0.830137
v -2.123141 0.083707 -0.242859
v -2.156942 0.150222 -0.215098
v -2.180519 0.213972 -0.186524
v -2.195836 0.277388 -0.156549
v -2.203568 0.341994 -0.124659
v -2.203388 0.409331 -0.090350
v -2.193473 0.482785 -0.052077
v -2.132808 0.004025 -0.194913
v -2.174451 0.007044 -0.129796
v -2.205811 0.009166 -0.065511
v -2.229196 0.010373 0.000000
v -2.245510 0.010634 0.068206
v -2.254699 0.009636 0.140722
v -2.255632 0.006767 0.221209
v -2.220463 0.495964 0.053147
v -2.251925 0.428962 0.093826
v -2.272618 0.365167 0.131740
v -2.284975 0.301513 0.168630
v -2.289625 0.236741 0.205107
v -2.286282 0.169544 0.241945
v -2.273546 0.096537 0.280989
v -1.835797 0.100244 0.942247
v -1.790853 0.174976 0.953209
v -1.744094 0.242677 0.954586
v -1.692738 0.306347 0.947963
v -1.633992 0.366947 0.933581
v -1.562443 0.424553 0.910572
v -1.467282 0.479637 0.875410
v -1.799150 0.008410 0.994251
v -1.720232 0.012313 1.046718
v -1.636606 0.013712 1.086686
v -1.545103 0.014366 1.115507
v -1.443810 0.016420 1.132308
v -1.328301 0.021840 1.134471
v -1.190418 0.032562 1.115720
v -1.338842 0.473688 0.900152
v -1.361566 0.420075 0.960896
v -1.361750 0.362757 1.009701
v -1.339629 0.302982 1.048282
v -1.296125 0.242930 1.075907
v -1.230317 0.183230 1.090552
v -1.138408 0.122211 1.087931
v 1.086668 -0.522657 -0.754705
v 0.791749 -0.568602 -0.791502
v 0.508947 -0.631916 -0.852583
v 0.239802 -0.644915 -0.856903
v -0.007392 -0.695515 -0.905832
v -0.226056 -0.723413 -0.928883
v -0.406404 -0.724499 -0.921608
v 1.100499 0.488333 -1.047758
v 0.814708 0.476392 -1.056983
v 0.536854 0.441955 -0.993830
v 0.273710 0.425732 -0.972361
v 0.030656 0.406590 -0.940002
v -0.184247 0.378210 -0.880500
v -0.361257 0.389395 -0.928014
v -0.687446 1.085919 0.000000
v -0.422492 1.129196 0.000000
v -0.151768 1.103734 0.000000
v 0.118823 1.008040 0.000000
v 0.382549 0.907771 -0.000000
v 0.633580 0.930878 -0.000000
v 0.863461 0.899404 -0.000000
v -1.861675 -0.004573 -0.709815
v -1.899554 -0.006276 -0.646353
v -1.928342 -0.006680 -0.586166
v -1.950523 -0.006248 -0.526945
v -1.978104 -0.005727 -0.473809
v -2.011056 -0.004922 -0.421540
v -2.041233 -0.003241 -0.361209
v -1.823121 -0.085567 -0.741381
v -1.833378 -0.146059 -0.700570
v -1.857188 -0.204788 -0.680446
v -1.886099 -0.265415 -0.666270
v -1.910966 -0.327492 -0.646875
v -1.931923 -0.392783 -0.621588
v -1.948628 -0.464672 -0.588257
v -2.088798 -0.083207 -0.329048
v -2.092597 -0.148162 -0.367826
v -2.089623 -0.209819 -0.401637
v -2.080648 -0.270736 -0.432095
v -2.065631 -0.332587 -0.460040
v -2.043902 -0.397078 -0.485791
v -2.013180 -0.467539 -0.509627
v -2.207940 -0.007222 0.435138
v -2.173159 -0.010811 0.508630
v -2.134499 -0.012539 0.571976
v -2.091083 -0.012917 0.629066
v -2.042232 -0.012155 0.681338
v -1.996135 -0.010555 0.738819
v -1.956672 -0.007677 0.815632
v -2.191715 -0.092371 0.370159
v -2.146532 -0.156816 0.392149
v -2.099636 -0.212117 0.406593
v -2.049886 -0.261368 0.415543
v -2.001543 -0.307845 0.422823
v -1.976588 -0.365090 0.443888
v -1.942196 -0.425897 0.462233
v -1.925135 -0.098863 0.864211
v -1.943180 -0.170040 0.821610
v -1.952304 -0.232867 0.777970
v -1.954505 -0.290859 0.731783
v -1.950290 -0.345160 0.682163
v -1.939342 -0.396706 0.627848
v -1.920436 -0.447117 0.565967
v 0.846715 -0.979346 0.000000
v 0.582327 -0.993242 0.000000
v 0.312312 -1.030999 0.000000
v 0.041853 -0.998689 -0.000000
v -0.222512 -1.002934 -0.000000
v -0.473933 -1.018479 -0.000000
v -0.706112 -1.080601 -0.000000
v -0.858004 -0.872839 -0.511994
v -0.573212 -0.979715 -0.567944
v -0.288727 -1.017237 -0.585684
v -0.008683 -0.988897 -0.565428
v 0.261513 -0.971618 -0.551255
v 0.516151 -0.955728 -0.537093
v 0.748375 -0.894862 -0.495499
v 1.096456 -0.636451 0.893509
v 0.797903 -0.699531 0.946934
v 0.511056 -0.704328 0.937395
v 0.240067 -0.660108 0.874561
v -0.008476 -0.578574 0.770557
v -0.226540 -0.553688 0.733170
v -0.406137 -0.598986 0.777196
v -0.863361 -1.010411 0.590504
v -0.573171 -0.977688 0.566772
v -0.287767 -0.928715 0.534195
v -0.008281 -0.898003 0.512410
v 0.261461 -0.900629 0.509812
v 0.516196 -0.963567 0.541667
v 0.749273 -0.974527 0.541886
v 1.093993 0.443938 0.932997
v 0.812646 0.452665 0.994249
v 0.536577 0.437014 0.980588
v 0.272792 0.399661 0.901819
v 0.029989 0.373446 0.849696
v -0.183999 0.407910 0.961861
v -0.361275 0.424179 1.023708
v 0.566905 0.653114 -0.839474
v 0.387068 0.597610 -0.783817
v 0.169045 0.587663 -0.781071
v -0.077576 0.554916 -0.752300
v -0.347869 0.617324 -0.835493
v -0.634040 0.631236 -0.865857
v -0.931541 0.586906 -0.833075
v -0.587744 0.896820 -0.496639
v -0.355229 0.908920 -0.509785
v -0.100787 0.872046 -0.493126
v 0.168392 0.775102 -0.440723
v 0.447838 0.875040 -0.502974
v 0.732550 0.914681 -0.530351
v 1.019117 0.884636 -0.518727
v 0.521928 -0.424248 -1.023896
v 0.344422 -0.435446 -1.037294
v 0.129434 -0.434569 -1.016234
v -0.113603 -0.441259 -1.014373
v -0.376754 -0.451820 -1.020270
v -0.650856 -0.439580 -0.959653
v -0.935281 -0.457182 -0.967232
v -0.575648 -0.724571 -0.881666
v -0.641599 -0.737739 -0.846830
v -0.711121 -0.750634 -0.802748
v -0.782780 -0.760621 -0.750174
v -0.857168 -0.764895 -0.689136
v -0.938889 -0.780796 -0.633990
v -1.034362 -0.791370 -0.569021
v -1.394155 -0.883426 -0.548256
v -1.517869 -0.867124 -0.558177
v -1.614495 -0.838980 -0.562795
v -1.695568 -0.802754 -0.563992
v -1.766890 -0.759728 -0.562209
v -1.831388 -0.709481 -0.557561
v -1.892084 -0.649432 -0.549676
v -1.339390 -0.936069 -0.468450
v -1.445265 -0.968062 -0.419261
v -1.531126 -0.985518 -0.366621
v -1.603303 -0.993403 -0.309323
v -1.664917 -0.993732 -0.246878
v -1.717246 -0.987336 -0.178831
v -1.762468 -0.973815 -0.102727
v -1.958426 -0.652946 -0.468268
v -1.950932 -0.715046 -0.412860
v -1.939823 -0.766906 -0.357612
v -1.925032 -0.812068 -0.300335
v -1.906368 -0.851794 -0.240011
v -1.883381 -0.886565 -0.175163
v -1.854398 -0.917004 -0.101773
v -1.843701 -0.900973 0.099843
v -1.864251 -0.859769 0.169536
v -1.879170 -0.816196 0.229568
v -1.889783 -0.769243 0.283958
v -1.896355 -0.718186 0.334269
v -1.898859 -0.661623 0.381574
v -1.896810 -0.596442 0.427508
v -1.753055 -0.957006 0.100707
v -1.702562 -0.957962 0.172611
v -1.647367 -0.952839 0.234936
v -1.585098 -0.941636 0.290513
v -1.513926 -0.923309 0.340326
v -1.433558 -0.912067 0.392982
v -1.340093 -0.940794 0.470863
v -1.823862 -0.581872 0.494720
v -1.769909 -0.634432 0.502244
v -1.712948 -0.678338 0.506698
v -1.650104 -0.715887 0.508562
v -1.578171 -0.747663 0.507746
v -1.494131 -0.784275 0.510404
v -1.390497 -0.863257 0.536960
v -0.727278 0.029310 -0.938855
v -0.466221 0.017127 -0.942855
v -0.195904 0.008079 -1.009696
v 0.080327 -0.000000 -1.111205
v 0.357219 -0.008463 -1.139993
v 0.628644 -0.018176 -1.097514
v 0.892346 -0.031979 -1.144327
v 0.892577 -0.032119 1.155092
v 0.629296 -0.018563 1.154506
v 0.356930 -0.008296 1.083166
v 0.080327 -0.000000 0.959994
v -0.196137 0.008214 1.055571
v -0.468431 0.018437 1.135944
v -0.731745 0.032011 1.146785
v -0.931440 -0.430975 0.899487
v -0.650530 -0.435828 0.949735
v -0.374804 -0.417043 0.927061
v -0.111346 -0.377098 0.840768
v 0.129965 -0.408195 0.944374
v 0.344477 -0.428819 1.019140
v 0.521935 -0.437271 1.059726
v -1.041204 -0.934435 0.662421
v -0.942513 -0.895474 0.718863
v -0.859053 -0.850647 0.759499
v -0.783441 -0.802984 0.788297
v -0.711167 -0.754653 0.806669
v -0.641328 -0.707797 0.815493
v -0.575207 -0.665138 0.815831
v 1.014171 0.757618 0.446240
v 0.730715 0.823963 0.477910
v 0.447267 0.822394 0.472352
v 0.168309 0.756358 0.429789
v -0.100704 0.757993 0.426542
v -0.354578 0.795828 0.443804
v -0.586852 0.817669 0.450551
v -0.933613 0.610993 0.862455
v -0.634801 0.647427 0.885078
v -0.348183 0.628089 0.848100
v -0.077698 0.561895 0.760412
v 0.169778 0.508537 0.689541
v 0.387168 0.562747 0.743616
v 0.566790 0.598771 0.776947
v 0.941827 -0.960003 0.456573
v 0.937054 -0.964490 0.392591
v 0.940474 -0.960138 0.327119
v 0.953031 -0.946164 0.261155
v 0.975864 -0.954735 0.202701
v 1.009636 -1.002403 0.148171
v 1.054887 -1.049941 0.084312
v 1.935300 -0.897082 0.399324
v 1.974310 -0.831472 0.427636
v 2.004061 -0.767676 0.449216
v 2.042909 -0.721476 0.477439
v 2.084642 -0.678207 0.507786
v 2.122308 -0.628573 0.535193
v 2.156519 -0.571284 0.560073
v 1.261717 -0.522115 0.867073
v 1.145301 -0.534492 0.932618
v 1.045474 -0.532669 0.980257
v 0.953819 -0.519557 1.017061
v 0.865358 -0.499366 1.044331
v 0.779876 -0.476474 1.061802
v 0.699611 -0.453907 1.070166
v 2.348272 -0.594787 0.106965
v 2.348403 -0.594867 0.187538
v 2.340892 -0.590226 0.260637
v 2.326295 -0.581205 0.329960
v 2.304815 -0.567929 0.396027
v 2.276526 -0.550445 0.458769
v 2.240583 -0.528230 0.519404
v 1.910666 -0.855044 -0.381384
v 1.943937 -0.786292 -0.405525
v 1.968048 -0.720779 -0.423011
v 1.985036 -0.656036 -0.435333
v 1.995435 -0.590847 -0.442871
v 1.999517 -0.524191 -0.445810
v 2.023679 -0.473722 -0.463361
v 0.941549 -0.941777 -0.447385
v 0.937150 -0.972019 -0.395823
v 0.940931 -1.000470 -0.341471
v 0.953947 -1.027081 -0.284159
v 0.977109 -1.051442 -0.223492
v 1.010739 -1.072471 -0.158559
v 1.055647 -1.088585 -0.087407
v 1.635243 -0.499446 -0.737529
v 1.735860 -0.493521 -0.709402
v 1.814835 -0.491606 -0.688387
v 1.878909 -0.485686 -0.661856
v 1.934115 -0.476474 -0.630702
v 1.983118 -0.464090 -0.594967
v 2.027959 -0.448207 -0.553839
v 2.385469 -0.087045 0.381342
v 2.382102 -0.153140 0.423199
v 2.370593 -0.213828 0.458896
v 2.351390 -0.272069 0.490503
v 2.324749 -0.328536 0.518541
v 2.290793 -0.383302 0.543097
v 2.248520 -0.437447 0.564547
v 2.314567 0.080251 -0.249591
v 2.304790 0.136405 -0.209924
v 2.289897 0.184516 -0.173821
v 2.270271 0.227271 -0.139661
v 2.245773 0.266170 -0.106423
v 2.240455 0.311190 -0.075440
v 2.242573 0.363219 -0.042318
v 1.056140 -0.125753 1.104098
v 0.982063 -0.186560 1.102199
v 0.917855 -0.240327 1.089688
v 0.858204 -0.287850 1.071309
v 0.799606 -0.335656 1.072483
v 0.741106 -0.379259 1.076113
v 0.683846 -0.414362 1.074986
v 1.940537 0.084449 0.853330
v 1.896195 0.145621 0.861635
v 1.846000 0.197945 0.859844
v 1.787537 0.242096 0.847094
v 1.724394 0.284180 0.838776
v 1.655255 0.336695 0.857401
v 1.562143 0.391490 0.874625
v 2.094878 -0.090925 -0.880487
v 2.110751 -0.155910 -0.833997
v 2.119625 -0.212056 -0.787124
v 2.122790 -0.262607 -0.738293
v 2.120361 -0.308333 -0.686864
v 2.112294 -0.349647 -0.632312
v 2.098253 -0.387500 -0.573142
v 1.143016 0.036304 -1.139775
v 1.143276 0.112176 -1.143551
v 1.155391 0.182812 -1.137507
v 1.179200 0.249125 -1.122398
v 1.214902 0.310557 -1.098346
v 1.262903 0.366964 -1.064630
v 1.324694 0.419903 -1.018391
v 2.050202 0.553677 0.609104
v 1.989172 0.541703 0.657759
v 1.925799 0.525713 0.694454
v 1.857261 0.505322 0.719905
v 1.780873 0.479833 0.732683
v 1.699083 0.460870 0.753700
v 1.601145 0.456983 0.807945
v 0.743045 0.679880 -0.888417
v 0.818930 0.672885 -0.916999
v 0.899652 0.657833 -0.943732
v 0.983105 0.634589 -0.965885
v 1.069303 0.605323 -0.980255
v 1.161876 0.572505 -0.984310
v 1.267287 0.534449 -0.975808
v 2.166994 0.551414 -0.442811
v 2.184057 0.532990 -0.368608
v 2.192691 0.513079 -0.301916
v 2.194439 0.491303 -0.239567
v 2.189645 0.467304 -0.180103
v 2.178384 0.440705 -0.122383
v 2.178937 0.420617 -0.066324
v 1.435510 0.718492 0.533515
v 1.496319 0.683594 0.582190
v 1.536914 0.658833 0.632136
v 1.557643 0.628538 0.677384
v 1.557198 0.587407 0.713167
v 1.539113 0.550914 0.761108
v 1.497819 0.510329 0.817102
v 1.791621 0.831453 -0.000000
v 1.725544 0.854326 -0.000000
v 1.655315 0.862903 -0.000000
v 1.575414 0.855861 -0.000000
v 1.480555 0.829469 -0.000000
v 1.365759 0.777624 0.000000
v 1.228322 0.742369 -0.000000
v 1.438043 0.738419 -0.545937
v 1.505679 0.739066 -0.621862
v 1.551314 0.724465 -0.687748
v 1.576488 0.696156 -0.748466
v 1.580178 0.655395 -0.804659
v 1.559458 0.604720 -0.853867
v 1.511131 0.545791 -0.893124
v 1.292824 -1.118822 0.051731
v 1.411244 -1.132081 0.094475
v 1.508918 -1.139584 0.135743
v 1.593300 -1.132780 0.176606
v 1.668837 -1.114138 0.217770
v 1.737330 -1.084589 0.259544
v 1.801581 -1.043291 0.302931
v 2.113476 -0.507991 0.627767
v 2.043669 -0.512394 0.657476
v 1.972069 -0.511747 0.678382
v 1.896977 -0.505754 0.690111
v 1.816331 -0.493656 0.691376
v 1.738197 -0.497628 0.715514
v 1.635518 -0.500138 0.738557
v 2.097322 -0.439690 -0.431426
v 2.115783 -0.451100 -0.375508
v 2.162661 -0.480072 -0.335515
v 2.204514 -0.505939 -0.289331
v 2.241879 -0.529032 -0.236306
v 2.275290 -0.549681 -0.175412
v 2.305334 -0.568249 -0.103238
v 1.293858 -1.141367 -0.052682
v 1.412670 -1.150865 -0.095928
v 1.509488 -1.144382 -0.136281
v 1.592206 -1.126622 -0.175671
v 1.665106 -1.099238 -0.214834
v 1.730047 -1.062522 -0.254092
v 1.789884 -1.014926 -0.294353
v 0.699160 -0.417575 -0.974314
v 0.778780 -0.424160 -0.934956
v 0.863108 -0.430817 -0.896994
v 0.950339 -0.447220 -0.883145
v 1.040504 -0.458277 -0.862048
v 1.139163 -0.465010 -0.834651
v 1.257492 -0.486201 -0.820258
v 2.290954 0.383973 0.044551
v 2.330148 0.344064 0.083220
v 2.360806 0.301256 0.120999
v 2.383902 0.254780 0.158705
v 2.399622 0.204324 0.196601
v 2.407923 0.149114 0.235176
v 2.408049 0.086349 0.276003
v 2.131147 -0.377232 -0.487280
v 2.173660 -0.333382 -0.472598
v 2.209693 -0.288814 -0.455344
v 2.240451 -0.242475 -0.435225
v 2.266375 -0.193622 -0.411902
v 2.287778 -0.140943 -0.384625
v 2.304765 -0.081647 -0.351612
v 1.319029 0.390720 0.945003
v 1.257601 0.336277 0.978802
v 1.210014 0.281243 1.003785
v 1.175558 0.228626 1.041406
v 1.152657 0.170157 1.071233
v 1.141133 0.105368 1.089761
v 1.141283 0.033795 1.096104
v 2.169802 -0.426832 0.630437
v 2.146948 -0.366438 0.662432
v 2.120181 -0.308258 0.686693
v 2.089170 -0.251129 0.704030
v 2.054725 -0.194964 0.715651
v 2.043017 -0.143316 0.753868
v 2.023787 -0.083666 0.790125
v 1.580713 0.438156 -0.979817
v 1.691316 0.399583 -1.006817
v 1.781597 0.352931 -1.019383
v 1.857921 0.298115 -1.021487
v 1.922704 0.236130 -1.014498
v 1.976364 0.168457 -0.999253
v 2.020930 0.094652 -0.975607
v 0.683582 -0.387215 -0.996703
v 0.740737 -0.351889 -0.991045
v 0.799176 -0.314497 -0.999403
v 0.857901 -0.278661 -1.034726
v 0.917578 -0.235594 -1.066784
v 0.981919 -0.185289 -1.094062
v 1.056400 -0.126721 -1.114110
v 2.254144 0.460345 0.072171
v 2.261302 0.486729 0.134948
v 2.260582 0.508694 0.196403
v 2.252276 0.526867 0.257860
v 2.236364 0.541389 0.319734
v 2.212417 0.552325 0.382799
v 2.178355 0.559579 0.449648
v 1.260240 0.496673 0.883137
v 1.155191 0.520326 0.867680
v 1.063749 0.537871 0.849471
v 0.979634 0.563460 0.848899
v 0.897580 0.584480 0.839293
v 0.817723 0.599582 0.823139
v 0.742345 0.608410 0.803136
v 1.628493 0.515949 -0.932452
v 1.749697 0.542114 -0.907278
v 1.842088 0.560124 -0.869135
v 1.917431 0.572621 -0.822086
v 1.981054 0.580201 -0.768161
v 2.035512 0.583052 -0.707605
v 2.083416 0.580987 -0.638437
v 1.065784 0.833835 0.048935
v 1.072021 0.832158 0.098138
v 1.084424 0.823807 0.147064
v 1.104700 0.807644 0.194974
v 1.134556 0.782175 0.241159
v 1.177662 0.782793 0.301373
v 1.236466 0.778879 0.369633
v 2.186044 0.480733 0.000000
v 2.139614 0.520919 -0.000000
v 2.091497 0.552959 0.000000
v 2.040991 0.577850 0.000000
v 2.003054 0.612896 0.000000
v 1.975618 0.665905 -0.000000
v 1.936509 0.719707 0.000000
v 1.065413 0.820786 -0.048077
v 1.072092 0.834609 -0.098467
v 1.085513 0.859535 -0.154383
v 1.106945 0.873286 -0.213202
v 1.138299 0.874354 -0.273424
v 1.181550 0.861049 -0.334128
v 1.239665 0.830096 -0.394646
v 1.806757 0.766009 -0.077743
v 1.754373 0.740229 -0.126509
v 1.718628 0.744549 -0.174106
v 1.682602 0.762074 -0.225269
v 1.632762 0.772059 -0.276394
v 1.564994 0.772319 -0.327395
v 1.473620 0.758340 -0.377682
v 1.877562 0.710968 -0.076974
v 1.897145 0.680814 -0.131960
v 1.940955 0.686794 -0.191606
v 1.981008 0.684889 -0.251700
v 2.018612 0.675149 -0.313648
v 2.054731 0.656719 -0.378702
v 2.090629 0.626856 -0.449448
v 1.533855 0.767895 -0.483555
v 1.652755 0.777193 -0.506320
v 1.747909 0.770504 -0.521515
v 1.830199 0.753035 -0.532266
v 1.905619 0.726649 -0.539648
v 1.977121 0.691268 -0.544136
v 2.047939 0.644681 -0.545811
v 1.195964 0.811222 -0.581982
v 1.100494 0.810906 -0.656274
v 1.018559 0.798483 -0.716696
v 0.943721 0.779048 -0.766757
v 0.871823 0.754880 -0.806890
v 0.802165 0.728160 -0.836805
v 0.736130 0.701470 -0.856077
v 1.192770 0.744435 0.538380
v 1.097627 0.720212 0.589151
v 1.016185 0.690417 0.628023
v 0.941821 0.657301 0.657194
v 0.870444 0.635919 0.690823
v 0.801279 0.630104 0.734180
v 0.735529 0.620653 0.766557
v 1.479256 0.796253 0.397045
v 1.579927 0.843744 0.360916
v 1.659622 0.869210 0.317459
v 1.723742 0.879054 0.267774
v 1.775195 0.876355 0.212599
v 1.815337 0.862184 0.152331
v 1.845836 0.835797 0.086134
v 1.531384 0.754269 0.475924
v 1.646553 0.755547 0.493838
v 1.734567 0.736962 0.501295
v 1.805328 0.705514 0.501943
v 1.864248 0.664225 0.497074
v 1.938718 0.644387 0.509582
v 2.019754 0.616768 0.523106
v 1.921974 0.777523 0.084985
v 1.953384 0.759590 0.148501
v 1.976740 0.733630 0.205346
v 1.993657 0.700257 0.257577
v 2.013427 0.669338 0.310864
v 2.048876 0.650711 0.375184
v 2.083115 0.619965 0.444477
v 2.329860 0.090366 -0.361168
v 2.328304 0.160204 -0.401673
v 2.318692 0.225523 -0.435500
v 2.301769 0.289152 -0.464628
v 2.277604 0.352399 -0.489842
v 2.245439 0.416505 -0.511241
v 2.202521 0.484369 -0.528781
v 2.324058 0.006159 -0.415388
v 2.316905 0.010197 -0.499547
v 2.301160 0.012800 -0.575747
v 2.277297 0.014129 -0.647637
v 2.245293 0.014194 -0.716776
v 2.204244 0.012658 -0.784253
v 2.150543 0.008763 -0.852633
v 2.161139 0.496966 -0.629259
v 2.172915 0.435258 -0.689372
v 2.176265 0.374510 -0.740780
v 2.172403 0.312151 -0.786606
v 2.161619 0.247233 -0.827864
v 2.143310 0.178661 -0.865127
v 2.115139 0.102689 -0.899552
v 2.049428 0.094124 0.820432
v 2.086582 0.166272 0.802594
v 2.113458 0.233015 0.778484
v 2.132277 0.297226 0.748177
v 2.143735 0.359894 0.711589
v 2.147545 0.421845 0.667967
v 2.142529 0.485377 0.614545
v 2.092222 0.006857 0.787670
v 2.162656 0.010815 0.744437
v 2.220943 0.013024 0.696428
v 2.270577 0.013810 0.642755
v 2.312695 0.013303 0.582987
v 2.347502 0.011308 0.515985
v 2.375124 0.007378 0.438034
v 2.208390 0.487812 0.532699
v 2.264338 0.425486 0.523006
v 2.308215 0.364217 0.507618
v 2.343123 0.301746 0.486879
v 2.369924 0.237283 0.460858
v 2.388581 0.169876 0.428856
v 2.398575 0.096485 0.388616
v 1.962193 -0.008505 -0.998465
v 1.875854 -0.012010 -1.035486
v 1.787845 -0.013138 -1.059283
v 1.694422 -0.013891 -1.070453
v 1.593036 -0.016318 -1.067436
v 1.478585 -0.022021 -1.046481
v 1.347661 -0.032384 -1.069321
v 2.000961 -0.100971 -0.949448
v 1.948802 -0.174105 -0.948395
v 1.896435 -0.238440 -0.938190
v 1.840660 -0.296836 -0.919958
v 1.778565 -0.349875 -0.893527
v 1.704712 -0.396961 -0.857221
v 1.609285 -0.436482 -0.806310
v 1.297493 -0.120140 -1.062286
v 1.383537 -0.171774 -1.004784
v 1.444042 -0.221822 -0.968037
v 1.484848 -0.275042 -0.947664
v 1.504655 -0.326098 -0.913998
v 1.503303 -0.373074 -0.867877
v 1.483087 -0.421438 -0.818414
v 1.345788 -0.032286 1.043842
v 1.475050 -0.022083 1.016481
v 1.577777 -0.016181 0.980804
v 1.661731 -0.012519 0.940507
v 1.731986 -0.009731 0.896683
v 1.792292 -0.006979 0.848949
v 1.875633 -0.005056 0.845848
v 1.296189 -0.118418 1.040965
v 1.384648 -0.173486 1.017596
v 1.446533 -0.225951 0.989133
v 1.486487 -0.278010 0.958351
v 1.506920 -0.330777 0.926215
v 1.508304 -0.385499 0.892467
v 1.490364 -0.444612 0.854666
v 1.916587 -0.087370 0.814780
v 1.860431 -0.145621 0.791074
v 1.817078 -0.197993 0.781657
v 1.781949 -0.252980 0.790817
v 1.739786 -0.308707 0.796938
v 1.685189 -0.367660 0.800564
v 1.607887 -0.433248 0.801131
v 2.400776 -0.006421 0.217888
v 2.406956 -0.009365 0.139579
v 2.402965 -0.010516 0.067989
v 2.390257 -0.010389 -0.000000
v 2.369034 -0.009261 -0.065686
v 2.338368 -0.007150 -0.130240
v 2.295798 -0.004077 -0.195413
v 2.421020 -0.095412 0.277648
v 2.442481 -0.168878 0.241020
v 2.452406 -0.237185 0.205470
v 2.452611 -0.303403 0.169577
v 2.443588 -0.368629 0.132799
v 2.424758 -0.433888 0.094699
v 2.393601 -0.502061 0.053642
v 2.292469 -0.084447 -0.245058
v 2.331933 -0.152364 -0.218074
v 2.359152 -0.217724 -0.189587
v 2.376424 -0.282783 -0.159252
v 2.384571 -0.348824 -0.126747
v 2.383274 -0.417109 -0.091728
v 2.370533 -0.490797 -0.052727
v 1.827605 -0.902407 -0.445914
v 1.800838 -0.863058 -0.517605
v 1.769877 -0.820364 -0.578199
v 1.732292 -0.774228 -0.630948
v 1.686256 -0.724452 -0.676715
v 1.629039 -0.669487 -0.716003
v 1.555941 -0.605125 -0.748960
v 1.763928 -0.983772 -0.403978
v 1.683192 -1.006208 -0.445641
v 1.597927 -1.019697 -0.478698
v 1.503611 -1.025181 -0.504248
v 1.396826 -1.021605 -0.521545
v 1.273089 -1.005846 -0.528638
v 1.127067 -0.971807 -0.522057
v 1.300048 -0.610584 -0.759350
v 1.208205 -0.670310 -0.733381
v 1.135376 -0.718455 -0.701876
v 1.077351 -0.761037 -0.666367
v 1.031746 -0.800937 -0.627623
v 0.996858 -0.838963 -0.586225
v 0.971150 -0.875233 -0.542438
v 2.256502 -0.654538 -0.052336
v 2.190840 -0.693057 -0.090473
v 2.126123 -0.718938 -0.124223
v 2.060173 -0.735233 -0.154999
v 2.017926 -0.775724 -0.190135
v 1.978340 -0.825175 -0.229898
v 1.932093 -0.879806 -0.276648
v 2.276893 -0.670134 0.053251
v 2.224399 -0.722658 0.093445
v 2.170231 -0.762867 0.130276
v 2.112688 -0.794156 0.165324
v 2.062504 -0.832063 0.202113
v 2.018109 -0.881843 0.244111
v 1.961803 -0.928402 0.291036
v 1.874265 -0.959711 -0.231138
v 1.880512 -0.964156 -0.148097
v 1.894711 -0.986771 -0.074318
v 1.903408 -1.001583 -0.000000
v 1.906983 -1.009246 0.076057
v 1.905095 -1.009699 0.155143
v 1.896419 -1.001760 0.241309
v 0.972285 -0.927010 0.576601
v 0.998437 -0.898770 0.630787
v 1.033752 -0.862438 0.679082
v 1.079724 -0.817828 0.719390
v 1.137913 -0.764411 0.749300
v 1.210391 -0.699909 0.766636
v 1.300833 -0.618118 0.768553
v 1.124917 -0.900388 0.480887
v 1.270571 -0.956434 0.500513
v 1.394176 -0.990534 0.504249
v 1.501474 -1.009586 0.495872
v 1.597470 -1.017489 0.477572
v 1.686052 -1.016076 0.450330
v 1.772194 -1.005282 0.413237
v 1.553714 -0.596478 0.737916
v 1.628806 -0.668708 0.715121
v 1.688350 -0.730543 0.682802
v 1.737013 -0.786510 0.641556
v 1.777415 -0.838382 0.591393
v 1.811268 -0.886520 0.531957
v 1.841127 -0.931356 0.460272
v -1.406741 -1.012637 0.190863
v -1.084468 -1.088563 0.062497
v -1.090196 -1.099535 0.127426
v -1.102084 -1.101653 0.193945
v -1.123035 -1.093733 0.260438
v -1.225060 -1.046157 0.056764
v -1.228446 -1.057468 0.115299
v -1.236096 -1.060481 0.174606
v -1.253232 -1.052984 0.232621
v -1.344369 -1.045339 0.054356
v -1.341073 -1.034067 0.107321
v -1.338267 -1.019674 0.157143
v -1.346778 -1.010936 0.204326
v -1.261423 -1.000011 0.435815
v -1.376842 -0.962201 0.368273
v -1.464712 -0.948314 0.311574
v -1.540973 -0.966690 0.264970
v -1.201285 -1.044157 0.383480
v -1.326361 -1.002915 0.331247
v -1.417949 -0.970201 0.278528
v -1.494071 -0.987957 0.238051
v -1.155652 -1.074811 0.324363
v -1.284020 -1.033476 0.285709
v -1.376021 -0.991696 0.243720
v -1.445900 -1.003835 0.211376
v -1.693253 -0.991517 0.076629
v -1.620204 -1.019885 0.064882
v -1.538842 -1.039603 0.057677
v -1.447896 -1.048899 0.054394
v -1.654189 -0.987218 0.147179
v -1.593404 -1.012054 0.128379
v -1.521553 -1.030011 0.114589
v -1.438146 -1.038331 0.107401
v -1.603592 -0.979180 0.210164
v -1.551863 -1.001510 0.187277
v -1.491996 -1.017718 0.167405
v -1.422610 -1.024980 0.155592
v -1.412495 -1.049370 -0.199310
v -1.082488 -1.044318 -0.059786
v -1.224354 -1.036354 -0.056225
v -1.345658 -1.056479 -0.054896
v -1.449887 -1.059829 -0.054901
v -1.086269 -1.011776 -0.116324
v -1.226943 -1.036191 -0.112837
v -1.343529 -1.055898 -0.109605
v -1.441909 -1.059643 -0.109604
v -1.096918 -0.990630 -0.172101
v -1.234085 -1.032349 -0.169415
v -1.341714 -1.051245 -0.162493
v -1.427738 -1.055434 -0.160707
v -1.699584 -1.004651 -0.077827
v -1.665390 -1.012702 -0.151835
v -1.617606 -1.016062 -0.220131
v -1.555539 -1.014184 -0.281321
v -1.624660 -1.031680 -0.065699
v -1.601621 -1.035247 -0.131857
v -1.562417 -1.035295 -0.195255
v -1.505069 -1.031386 -0.251560
v -1.541879 -1.050747 -0.058269
v -1.527239 -1.051820 -0.117208
v -1.499506 -1.049169 -0.173592
v -1.453849 -1.043441 -0.221996
v -1.256535 -0.954050 -0.414535
v -1.195215 -0.968917 -0.352885
v -1.149589 -0.979185 -0.291570
v -1.117420 -0.986155 -0.231322
v -1.381021 -0.987893 -0.379436
v -1.326522 -1.004188 -0.331743
v -1.282355 -1.016446 -0.280060
v -1.251060 -1.025602 -0.225510
v -1.477990 -1.005825 -0.334495
v -1.427657 -1.022372 -0.297412
v -1.382256 -1.034511 -0.257150
v -1.350596 -1.043676 -0.212336
v -2.086211 -0.331145 0.273462
v -2.143184 -0.422808 0.099552
v -2.124462 -0.440750 0.154792
v -2.102095 -0.453246 0.208423
v -2.076175 -0.460437 0.260592
v -2.142556 -0.365746 0.127744
v -2.125731 -0.386755 0.174776
v -2.105488 -0.402114 0.221457
v -2.082215 -0.410129 0.267625
v -2.136167 -0.311736 0.155587
v -2.121553 -0.335333 0.196028
v -2.104437 -0.354379 0.234590
v -2.085423 -0.364278 0.271720
v -1.974167 -0.447059 0.411342
v -1.996144 -0.384715 0.398394
v -2.020500 -0.329113 0.383431
v -2.051939 -0.279147 0.369428
v -2.012765 -0.457913 0.361668
v -2.027536 -0.400671 0.356664
v -2.041065 -0.346276 0.344721
v -2.064779 -0.299288 0.331658
v -2.046594 -0.462003 0.311521
v -2.056246 -0.409352 0.312892
v -2.064621 -0.360022 0.308391
v -2.073204 -0.316305 0.296409
v -2.184906 -0.131732 0.312080
v -2.165510 -0.176768 0.262254
v -2.139741 -0.218459 0.218492
v -2.124282 -0.260489 0.182971
v -2.144227 -0.184234 0.340437
v -2.132012 -0.216166 0.292721
v -2.112494 -0.248397 0.249871
v -2.111645 -0.287651 0.219217
v -2.099701 -0.233531 0.358955
v -2.093473 -0.255943 0.313895
v -2.090843 -0.280827 0.276744
v -2.097824 -0.312815 0.251006
v -1.755701 -0.340388 -0.753703
v -1.489912 -0.406935 -0.815780
v -1.580925 -0.434196 -0.800049
v -1.658064 -0.455049 -0.776755
v -1.725205 -0.470656 -0.747747
v -1.554655 -0.359135 -0.819128
v -1.619663 -0.384503 -0.798301
v -1.681558 -0.406484 -0.777367
v -1.739178 -0.421274 -0.751679
v -1.613050 -0.312694 -0.819195
v -1.658243 -0.335795 -0.791650
v -1.705290 -0.359878 -0.774199
v -1.749811 -0.374835 -0.753480
v -1.898619 -0.482707 -0.631394
v -1.890757 -0.413627 -0.655549
v -1.875053 -0.348934 -0.676365
v -1.852879 -0.287915 -0.693796
v -1.843920 -0.485063 -0.674917
v -1.844120 -0.424144 -0.689930
v -1.835594 -0.364892 -0.704503
v -1.818282 -0.308877 -0.718521
v -1.786466 -0.480706 -0.713765
v -1.793435 -0.426969 -0.722255
v -1.793537 -0.374919 -0.730212
v -1.783636 -0.327334 -0.739447
v -1.785087 -0.125778 -0.773036
v -1.747329 -0.173414 -0.792665
v -1.707453 -0.220332 -0.806064
v -1.663376 -0.266505 -0.814779
v -1.800366 -0.175938 -0.730443
v -1.766100 -0.211430 -0.752040
v -1.730198 -0.248954 -0.767229
v -1.694412 -0.289875 -0.780080
v -1.824671 -0.229713 -0.707892
v -1.792423 -0.257080 -0.731718
v -1.760400 -0.285977 -0.751518
v -1.730525 -0.318861 -0.766123
v -1.493407 -0.191163 1.114876
v -1.339186 -0.398585 1.032702
v -1.274125 -0.345571 1.057195
v -1.224097 -0.289360 1.075565
v -1.188259 -0.229909 1.089741
v -1.466767 -0.366361 1.047522
v -1.408641 -0.323868 1.075156
v -1.360160 -0.275787 1.096689
v -1.325443 -0.221414 1.113410
v -1.566318 -0.322715 1.050579
v -1.512944 -0.289111 1.079243
v -1.463500 -0.251386 1.101546
v -1.428460 -0.205981 1.118313
v -1.163276 -0.035604 1.113096
v -1.310040 -0.039504 1.136390
v -1.431821 -0.040154 1.136535
v -1.536752 -0.040390 1.121056
v -1.157981 -0.102999 1.108352
v -1.303545 -0.101428 1.133482
v -1.423354 -0.097386 1.135703
v -1.525104 -0.096285 1.122623
v -1.166423 -0.167636 1.100596
v -1.307549 -0.162514 1.125743
v -1.418931 -0.153316 1.129667
v -1.509369 -0.149625 1.119951
v -1.787253 -0.065012 1.007827
v -1.755237 -0.137477 1.024479
v -1.708443 -0.206451 1.037739
v -1.645751 -0.269030 1.046693
v -1.713497 -0.051121 1.055171
v -1.690891 -0.117144 1.064437
v -1.651569 -0.182525 1.071901
v -1.592911 -0.241457 1.077034
v -1.630100 -0.043358 1.093383
v -1.613969 -0.102902 1.098052
v -1.585320 -0.161717 1.100004
v -1.538149 -0.213322 1.100688
v -2.156720 -0.150974 -0.000000
v -2.167620 -0.355076 -0.000000
v -2.163942 -0.306025 0.039240
v -2.155679 -0.256913 0.073573
v -2.142955 -0.207849 0.103371
v -2.172137 -0.308749 -0.039602
v -2.167990 -0.268918 -0.000000
v -2.159972 -0.227561 0.034771
v -2.151360 -0.185180 0.063670
v -2.171545 -0.261307 -0.074966
v -2.167568 -0.229429 -0.035117
v -2.160439 -0.197681 -0.000000
v -2.155836 -0.165222 0.026865
v -2.232403 -0.059033 0.201941
v -2.234365 -0.047056 0.131859
v -2.227149 -0.040751 0.064481
v -2.211957 -0.038844 0.000000
v -2.205454 -0.116706 0.170286
v -2.209802 -0.099495 0.113762
v -2.205446 -0.088627 0.056410
v -2.192667 -0.084474 0.000000
v -2.175339 -0.165911 0.137014
v -2.181986 -0.145889 0.090812
v -2.181389 -0.130875 0.044668
v -2.172677 -0.123951 -0.000000
v -2.117697 -0.055374 -0.178209
v -2.139356 -0.110730 -0.157907
v -2.155416 -0.162889 -0.133782
v -2.166008 -0.212819 -0.106332
v -2.157853 -0.046133 -0.121457
v -2.142505 -0.095199 -0.105093
v -2.152835 -0.142277 -0.087493
v -2.162580 -0.187287 -0.064637
v -2.189004 -0.040792 -0.061869
v -2.171532 -0.087146 -0.054150
v -2.154087 -0.128201 -0.042994
v -2.156783 -0.165373 -0.026904
v -1.465411 -0.162031 -0.967857
v -1.324200 -0.351850 -0.913955
v -1.439511 -0.310771 -0.903033
v -1.525601 -0.267945 -0.896347
v -1.590689 -0.221697 -0.888730
v -1.263068 -0.305115 -0.943481
v -1.388237 -0.276194 -0.937682
v -1.480686 -0.240863 -0.929268
v -1.547837 -0.199667 -0.921262
v -1.215707 -0.256682 -0.969221
v -1.344665 -0.236959 -0.966563
v -1.438457 -0.211000 -0.957070
v -1.502571 -0.178429 -0.949086
v -1.709378 -0.058485 -0.865866
v -1.650394 -0.047300 -0.910420
v -1.582710 -0.040526 -0.949849
v -1.504226 -0.036919 -0.984103
v -1.679668 -0.117662 -0.873505
v -1.629046 -0.101717 -0.912155
v -1.567461 -0.090780 -0.947825
v -1.493270 -0.085419 -0.979371
v -1.640807 -0.171827 -0.881123
v -1.595863 -0.152970 -0.915599
v -1.542460 -0.137714 -0.946795
v -1.479044 -0.129562 -0.973379
v -1.158368 -0.031467 -1.038500
v -1.152832 -0.093320 -1.026646
v -1.160789 -0.151342 -1.011167
v -1.181646 -0.205804 -0.992169
v -1.299000 -0.034304 -1.032575
v -1.292659 -0.089870 -1.023078
v -1.296395 -0.142977 -1.008943
v -1.312979 -0.192451 -0.990200
v -1.411628 -0.035469 -1.012434
v -1.403677 -0.086014 -1.005263
v -1.399796 -0.133437 -0.994394
v -1.408213 -0.175800 -0.978935
v -1.777313 0.728793 0.661731
v -1.985561 0.603714 0.640803
v -1.926055 0.609144 0.685159
v -1.860376 0.613283 0.722950
v -1.788095 0.616138 0.752851
v -1.958192 0.661231 0.611785
v -1.907080 0.660251 0.654960
v -1.849202 0.659311 0.692661
v -1.784353 0.660195 0.721835
v -1.924875 0.713929 0.581799
v -1.881354 0.708445 0.623942
v -1.833908 0.701963 0.661227
v -1.780906 0.699755 0.689136
v -1.512579 0.611553 0.779197
v -1.554849 0.671743 0.741687
v -1.595744 0.724948 0.697744
v -1.632745 0.771258 0.647223
v -1.617840 0.616486 0.783204
v -1.636862 0.668304 0.746265
v -1.661120 0.716401 0.703507
v -1.688719 0.758862 0.655286
v -1.708251 0.617616 0.773447
v -1.713309 0.663910 0.739719
v -1.722835 0.706630 0.701843
v -1.739523 0.743449 0.660120
v -1.727729 0.869096 0.460473
v -1.786769 0.839523 0.490914
v -1.839040 0.803710 0.521150
v -1.885184 0.761694 0.551353
v -1.697261 0.843481 0.528179
v -1.752444 0.820607 0.547584
v -1.802955 0.790302 0.569364
v -1.846805 0.752533 0.594587
v -1.666287 0.810795 0.590517
v -1.719570 0.793783 0.602781
v -1.768298 0.770876 0.615640
v -1.808501 0.740305 0.633505
v -1.917413 0.630500 -0.289748
v -1.878556 0.468439 -0.406664
v -1.925718 0.493373 -0.371417
v -1.967932 0.517570 -0.331547
v -2.005286 0.541263 -0.286533
v -1.855866 0.516759 -0.396287
v -1.900170 0.536848 -0.364484
v -1.939947 0.556979 -0.328423
v -1.973905 0.578488 -0.287708
v -1.832686 0.562191 -0.382625
v -1.875036 0.578286 -0.353777
v -1.912624 0.592975 -0.322611
v -1.942213 0.609601 -0.288944
v -2.084969 0.617275 -0.115886
v -2.030456 0.660506 -0.141384
v -1.973802 0.692833 -0.168886
v -1.915425 0.715659 -0.197471
v -2.064397 0.590379 -0.179057
v -2.019360 0.630630 -0.193165
v -1.970105 0.662036 -0.211904
v -1.918187 0.683714 -0.234861
v -2.037493 0.565325 -0.235846
v -2.000452 0.603077 -0.242358
v -1.960331 0.633294 -0.252108
v -1.918540 0.653340 -0.267284
v -1.740855 0.751683 -0.294434
v -1.768795 0.706562 -0.326592
v -1.792091 0.658144 -0.350315
v -1.810060 0.606945 -0.366650
v -1.792132 0.734546 -0.256502
v -1.810209 0.696337 -0.289884
v -1.829932 0.657458 -0.317194
v -1.851337 0.618200 -0.338419
v -1.855093 0.729528 -0.226803
v -1.864708 0.694960 -0.261465
v -1.875303 0.660338 -0.290354
v -1.889860 0.626569 -0.311277
v -1.243290 0.845896 -0.252539
v -0.950378 0.833586 -0.386337
v -1.091273 0.835187 -0.378634
v -1.206869 0.841979 -0.370944
v -1.300825 0.838490 -0.354769
v -0.945791 0.873403 -0.350468
v -1.083600 0.839312 -0.330933
v -1.194703 0.846433 -0.326588
v -1.282636 0.843714 -0.313282
v -0.948590 0.904713 -0.308190
v -1.081985 0.840531 -0.284943
v -1.185141 0.847652 -0.285504
v -1.261512 0.845974 -0.277278
v -1.507248 0.838891 -0.283223
v -1.461949 0.852392 -0.241404
v -1.408796 0.852016 -0.203137
v -1.346337 0.835783 -0.167731
v -1.441774 0.820798 -0.305494
v -1.409008 0.833187 -0.266274
v -1.365102 0.832318 -0.229614
v -1.310508 0.835140 -0.200691
v -1.377212 0.828793 -0.331789
v -1.352111 0.835448 -0.291518
v -1.319041 0.839786 -0.257421
v -1.273695 0.842381 -0.231290
v -1.060684 0.907651 -0.094390
v -1.016530 0.928812 -0.151659
v -0.983250 0.934129 -0.207542
v -0.960587 0.925627 -0.260177
v -1.180439 0.822727 -0.111145
v -1.142227 0.835618 -0.155272
v -1.111333 0.846516 -0.199933
v -1.090283 0.843527 -0.241952
v -1.273386 0.827012 -0.138099
v -1.238667 0.836740 -0.176519
v -1.206937 0.842900 -0.213223
v -1.186189 0.846274 -0.248378
v -1.341940 0.778557 -0.562399
v -0.978461 0.795835 -0.477221
v -1.002292 0.783746 -0.528584
v -1.034821 0.768558 -0.579492
v -1.078384 0.749963 -0.629150
v -1.119092 0.817262 -0.476160
v -1.139235 0.803457 -0.524030
v -1.165663 0.786574 -0.569814
v -1.202772 0.766817 -0.612084
v -1.234459 0.823111 -0.463823
v -1.249197 0.809147 -0.508947
v -1.265275 0.792851 -0.550530
v -1.290776 0.775022 -0.585519
v -1.296039 0.664610 -0.755966
v -1.389913 0.690082 -0.698446
v -1.453044 0.711787 -0.636806
v -1.494789 0.730667 -0.574064
v -1.207410 0.699554 -0.719461
v -1.317893 0.718794 -0.678029
v -1.392895 0.735168 -0.626956
v -1.440433 0.750821 -0.571830
v -1.135330 0.727396 -0.676259
v -1.254232 0.744297 -0.648732
v -1.335924 0.756081 -0.610444
v -1.385416 0.767683 -0.567344
v -1.538177 0.773742 -0.381309
v -1.476638 0.792774 -0.402491
v -1.408657 0.808427 -0.424656
v -1.329417 0.819093 -0.445540
v -1.534239 0.760970 -0.446424
v -1.477857 0.780111 -0.458575
v -1.413625 0.795346 -0.473505
v -1.338627 0.805652 -0.490593
v -1.520636 0.747078 -0.510740
v -1.467061 0.765976 -0.515274
v -1.407918 0.781243 -0.521464
v -1.342333 0.791016 -0.531974
v -1.700444 0.618145 -0.558810
v -1.506783 0.596679 -0.759289
v -1.595470 0.574554 -0.726522
v -1.665134 0.554821 -0.689301
v -1.720771 0.536843 -0.649703
v -1.539617 0.633690 -0.697150
v -1.606837 0.609936 -0.676574
v -1.664504 0.588701 -0.649299
v -1.712956 0.570680 -0.616395
v -1.569668 0.662360 -0.634310
v -1.621804 0.638404 -0.623013
v -1.667483 0.616339 -0.606723
v -1.705989 0.599005 -0.583650
v -1.837241 0.486874 -0.515332
v -1.813697 0.531776 -0.491171
v -1.787327 0.572993 -0.468110
v -1.758087 0.611078 -0.445755
v -1.804884 0.503378 -0.563018
v -1.786173 0.543555 -0.536181
v -1.764090 0.581022 -0.511206
v -1.738025 0.616025 -0.489336
v -1.766562 0.519943 -0.607627
v -1.753054 0.556106 -0.578233
v -1.737473 0.588657 -0.550716
v -1.717497 0.618060 -0.529386
v -1.655221 0.734910 -0.390821
v -1.630195 0.710858 -0.445662
v -1.614224 0.700359 -0.509237
v -1.594426 0.684289 -0.571802
v -1.694942 0.692729 -0.408321
v -1.671156 0.680821 -0.457023
v -1.654683 0.673593 -0.512518
v -1.638038 0.659638 -0.567969
v -1.725298 0.646903 -0.423903
v -1.707108 0.649161 -0.471518
v -1.689637 0.646015 -0.518155
v -1.675175 0.635973 -0.563098
v -1.501203 0.908800 0.000000
v -1.590334 0.857840 -0.186094
v -1.604520 0.862860 -0.122664
v -1.623320 0.888390 -0.062495
v -1.635328 0.908090 0.000000
v -1.533223 0.870139 -0.158463
v -1.551704 0.871527 -0.106265
v -1.572321 0.894098 -0.054794
v -1.584243 0.911936 -0.000000
v -1.475913 0.871055 -0.128221
v -1.500480 0.876661 -0.085506
v -1.523965 0.896666 -0.043560
v -1.536658 0.911722 0.000000
v -1.625456 0.935601 0.203641
v -1.558096 0.937999 0.171673
v -1.492993 0.931883 0.137957
v -1.427872 0.916409 0.103685
v -1.637419 0.931945 0.133065
v -1.576668 0.934179 0.114912
v -1.517012 0.929504 0.091719
v -1.458853 0.916953 0.064137
v -1.640209 0.922592 0.065118
v -1.585604 0.925335 0.057081
v -1.532932 0.922591 0.045282
v -1.484537 0.913644 0.027181
v -1.199720 0.810580 0.000000
v -1.281554 0.826949 -0.033549
v -1.353104 0.844900 -0.065490
v -1.416285 0.859355 -0.096786
v -1.283897 0.850972 0.034490
v -1.342415 0.865767 -0.000000
v -1.397688 0.874430 -0.032032
v -1.449743 0.877732 -0.060791
v -1.359522 0.890192 0.069095
v -1.401324 0.895790 0.032949
v -1.440992 0.897539 -0.000000
v -1.480179 0.897213 -0.026469
v -1.869834 0.843788 0.000000
v -1.707227 0.810732 -0.189050
v -1.776080 0.804390 -0.168602
v -1.841058 0.793400 -0.143719
v -1.902569 0.777356 -0.114906
v -1.718521 0.843915 -0.127651
v -1.778321 0.833707 -0.115356
v -1.836658 0.820613 -0.097118
v -1.892481 0.804800 -0.072165
v -1.729503 0.870175 -0.064733
v -1.782747 0.857804 -0.059013
v -1.833618 0.843174 -0.049201
v -1.880575 0.828051 -0.031331
v -2.070619 0.698498 0.000000
v -2.035269 0.747023 0.044341
v -1.993553 0.789919 0.084797
v -1.945946 0.827586 0.121794
v -2.017184 0.730144 -0.043502
v -1.992455 0.767774 -0.000000
v -1.959537 0.803315 0.040180
v -1.918558 0.836133 0.075111
v -1.961161 0.756365 -0.081573
v -1.944638 0.787132 -0.039363
v -1.922123 0.815366 -0.000000
v -1.891274 0.841470 0.031948
v -1.766687 0.909758 0.211332
v -1.757911 0.909854 0.137513
v -1.748990 0.903082 0.067224
v -1.739502 0.889852 -0.000000
v -1.832833 0.887760 0.185083
v -1.815864 0.890322 0.123210
v -1.801282 0.886452 0.061089
v -1.789964 0.875692 0.000000
v -1.892392 0.860276 0.155117
v -1.869997 0.865517 0.102615
v -1.849698 0.865658 0.050709
v -1.836024 0.858956 0.000000
v -2.042918 0.748151 0.338784
v -2.139229 0.656918 0.121572
v -2.149488 0.650710 0.194092
v -2.150939 0.643835 0.264800
v -2.144004 0.636075 0.334242
v -2.093669 0.713759 0.150009
v -2.107697 0.701941 0.210482
v -2.113135 0.690580 0.272695
v -2.108694 0.680926 0.335823
v -2.045707 0.761778 0.181642
v -2.062670 0.747022 0.233025
v -2.072943 0.731832 0.284837
v -2.072498 0.720130 0.337538
v -2.075879 0.608585 0.530897
v -2.038886 0.666231 0.513068
v -1.999572 0.719100 0.489982
v -1.958112 0.767161 0.461220
v -2.105967 0.618778 0.467605
v -2.069508 0.670306 0.457233
v -2.030933 0.718790 0.440674
v -1.991909 0.763319 0.415821
v -2.128786 0.627814 0.402073
v -2.093498 0.674572 0.397977
v -2.056701 0.717435 0.390051
v -2.021677 0.756041 0.372475
v -1.823574 0.877646 0.339553
v -1.884361 0.859989 0.294736
v -1.941336 0.834680 0.253887
v -1.994967 0.801969 0.216199
v -1.870304 0.846518 0.386216
v -1.918756 0.834378 0.340766
v -1.967231 0.813910 0.298948
v -2.015382 0.784781 0.262371
v -1.915074 0.809750 0.426543
v -1.954498 0.802168 0.381745
v -1.992974 0.788126 0.339960
v -2.032017 0.765441 0.305602
v -1.244103 0.856252 0.255770
v -1.537303 0.926045 0.315109
v -1.466245 0.912251 0.343705
v -1.389107 0.890429 0.360140
v -1.303342 0.858291 0.364438
v -1.483676 0.928846 0.264250
v -1.427697 0.914840 0.294919
v -1.361889 0.893191 0.314495
v -1.284669 0.861745 0.321041
v -1.423902 0.921442 0.219540
v -1.378611 0.907703 0.250900
v -1.325615 0.887328 0.273130
v -1.262774 0.859103 0.282107
v -0.948988 0.779177 0.358848
v -0.944246 0.801289 0.319219
v -0.947069 0.823547 0.278925
v -0.959298 0.856001 0.240095
v -1.089871 0.803771 0.362749
v -1.083145 0.827328 0.325676
v -1.082140 0.845281 0.286689
v -1.090736 0.857766 0.246154
v -1.204523 0.811629 0.355707
v -1.193884 0.834263 0.321216
v -1.185318 0.850755 0.286670
v -1.186966 0.860901 0.252825
v -1.059749 0.880219 0.091776
v -1.182525 0.857645 0.115318
v -1.277453 0.868163 0.144153
v -1.356486 0.902214 0.180018
v -1.015393 0.886214 0.145015
v -1.143601 0.864971 0.160227
v -1.240750 0.862761 0.181445
v -1.317227 0.888228 0.212687
v -0.982042 0.877378 0.195085
v -1.112002 0.864657 0.204054
v -1.208333 0.865050 0.218516
v -1.276498 0.870002 0.238807
v -1.342087 0.779481 0.563141
v -1.584011 0.891801 0.441574
v -1.572717 0.862301 0.508564
v -1.549515 0.826746 0.569089
v -1.512816 0.785550 0.621328
v -1.503791 0.883532 0.451129
v -1.501334 0.857967 0.506819
v -1.484590 0.825689 0.558778
v -1.450170 0.787398 0.602895
v -1.420927 0.865513 0.456632
v -1.424383 0.844115 0.504190
v -1.415859 0.817034 0.547242
v -1.388947 0.784791 0.581469
v -1.288306 0.615682 0.698597
v -1.198971 0.623575 0.636135
v -1.130668 0.670103 0.618162
v -1.075748 0.706673 0.589442
v -1.388414 0.683218 0.690979
v -1.313311 0.690351 0.648402
v -1.248527 0.696128 0.601693
v -1.197049 0.701889 0.554501
v -1.460444 0.738406 0.663006
v -1.394629 0.743129 0.634597
v -1.334269 0.746051 0.601220
v -1.287815 0.750957 0.565212
v -0.977549 0.769566 0.460140
v -1.114826 0.741571 0.428152
v -1.231629 0.792088 0.444844
v -1.331859 0.836076 0.455490
v -1.001162 0.755620 0.508026
v -1.134003 0.719140 0.464390
v -1.246199 0.778135 0.487974
v -1.340542 0.818449 0.498873
v -1.033204 0.734888 0.551873
v -1.160213 0.709704 0.508911
v -1.262173 0.762933 0.527965
v -1.343365 0.797666 0.536773
v -1.095059 0.355740 -0.993598
v -1.048886 0.158778 -1.033314
v -1.156418 0.207918 -1.036906
v -1.230038 0.259234 -1.026818
v -1.274666 0.314023 -1.008765
v -0.977348 0.202720 -1.014402
v -1.092236 0.242496 -1.026009
v -1.169647 0.285436 -1.020996
v -1.212680 0.333082 -1.006484
v -0.913271 0.243270 -0.990232
v -1.030382 0.276632 -1.009466
v -1.108103 0.310346 -1.010388
v -1.147834 0.347519 -1.000735
v -1.225051 0.491727 -0.924855
v -1.115946 0.480350 -0.930934
v -1.017935 0.460151 -0.930063
v -0.926143 0.434716 -0.921939
v -1.277382 0.432936 -0.957098
v -1.191220 0.436310 -0.960785
v -1.105115 0.429181 -0.961029
v -1.019282 0.412807 -0.956981
v -1.291523 0.372551 -0.985125
v -1.221521 0.384996 -0.985765
v -1.147308 0.389209 -0.983756
v -1.072682 0.382543 -0.979988
v -0.640852 0.388605 -0.962195
v -0.720436 0.355426 -0.958249
v -0.788951 0.315312 -0.947547
v -0.851824 0.279124 -0.961241
v -0.741962 0.405814 -0.956211
v -0.834978 0.368708 -0.943761
v -0.907453 0.338643 -0.960451
v -0.969632 0.309102 -0.987645
v -0.835780 0.421320 -0.940581
v -0.931676 0.389595 -0.946685
v -0.997951 0.363881 -0.974626
v -1.050236 0.335845 -0.994928
v -1.527581 0.197536 -0.974487
v -1.242330 0.093382 -1.045974
v -1.346631 0.077906 -1.034562
v -1.438886 0.068177 -1.014006
v -1.520049 0.063425 -0.986816
v -1.302927 0.151958 -1.037818
v -1.381665 0.133260 -1.026403
v -1.456345 0.119875 -1.008213
v -1.525550 0.113587 -0.984244
v -1.352720 0.209575 -1.023006
v -1.414772 0.187981 -1.013049
v -1.473522 0.170004 -0.998491
v -1.528150 0.161070 -0.979527
v -1.715491 0.071905 -0.874135
v -1.692781 0.137077 -0.888031
v -1.663525 0.199814 -0.898991
v -1.626957 0.260828 -0.906982
v -1.656703 0.065922 -0.916623
v -1.643720 0.124149 -0.923101
v -1.622764 0.181863 -0.928874
v -1.592277 0.237782 -0.934254
v -1.592085 0.063069 -0.954212
v -1.588115 0.115724 -0.955505
v -1.577887 0.167196 -0.956010
v -1.557037 0.215044 -0.957924
v -1.443435 0.439561 -0.914172
v -1.433867 0.382630 -0.948562
v -1.417441 0.324755 -0.978024
v -1.390658 0.267069 -1.002881
v -1.521513 0.380612 -0.914933
v -1.497606 0.338996 -0.944838
v -1.472682 0.291997 -0.971741
v -1.445042 0.241360 -0.994726
v -1.580880 0.320871 -0.912328
v -1.550497 0.290388 -0.939804
v -1.520497 0.256026 -0.964102
v -1.493366 0.216482 -0.984127
v -1.772732 0.343985 -0.754639
v -1.800635 0.128532 -0.791904
v -1.825253 0.175325 -0.756823
v -1.843162 0.220747 -0.722524
v -1.855493 0.264785 -0.688288
v -1.767309 0.185315 -0.817220
v -1.793471 0.219746 -0.782668
v -1.813406 0.256198 -0.748666
v -1.826596 0.294594 -0.715820
v -1.732111 0.243038 -0.834617
v -1.760087 0.267794 -0.801197
v -1.782700 0.293581 -0.768503
v -1.797007 0.322806 -0.738884
v -1.863856 0.394913 -0.579690
v -1.828555 0.419316 -0.622388
v -1.788317 0.440234 -0.664522
v -1.741585 0.457879 -0.706654
v -1.865564 0.351416 -0.617450
v -1.832927 0.377025 -0.653695
v -1.795927 0.398915 -0.690231
v -1.753846 0.415579 -0.727974
v -1.862788 0.308211 -0.653516
v -1.832685 0.335172 -0.684499
v -1.800021 0.358833 -0.714050
v -1.765080 0.374929 -0.744310
v -1.540412 0.488693 -0.837132
v -1.599703 0.424551 -0.847231
v -1.650538 0.362045 -0.849418
v -1.693720 0.301692 -0.845235
v -1.619801 0.482603 -0.793300
v -1.654293 0.428246 -0.807913
v -1.690150 0.373000 -0.814033
v -1.725433 0.319009 -0.811884
v -1.686440 0.471952 -0.749473
v -1.706485 0.425273 -0.767546
v -1.728603 0.378343 -0.778160
v -1.753352 0.333757 -0.779438
v -2.096177 0.336194 -0.288974
v -2.096305 0.121263 -0.284833
v -2.130568 0.177655 -0.255210
v -2.154976 0.236095 -0.225895
v -2.170350 0.296218 -0.196865
v -2.073022 0.165680 -0.317061
v -2.105174 0.210881 -0.288556
v -2.128896 0.260176 -0.260502
v -2.143434 0.313021 -0.234197
v -2.049236 0.208657 -0.343050
v -2.079958 0.245886 -0.315886
v -2.103232 0.285161 -0.289360
v -2.116814 0.326963 -0.266564
v -2.160871 0.492423 -0.115795
v -2.127756 0.486110 -0.178924
v -2.093396 0.473283 -0.235670
v -2.057512 0.455254 -0.286309
v -2.174214 0.424005 -0.141168
v -2.142781 0.427509 -0.192888
v -2.109851 0.422962 -0.242009
v -2.076075 0.410239 -0.287268
v -2.176891 0.358695 -0.168505
v -2.148027 0.369220 -0.211460
v -2.118216 0.373372 -0.251588
v -2.089070 0.367787 -0.288310
v -1.935568 0.374416 -0.406184
v -1.967895 0.332246 -0.395436
v -1.997347 0.291022 -0.381433
v -2.024203 0.250070 -0.364194
v -1.979073 0.405499 -0.371061
v -2.005788 0.362909 -0.363792
v -2.030850 0.321712 -0.352791
v -2.055182 0.282591 -0.337218
v -2.019619 0.432442 -0.331263
v -2.041650 0.389491 -0.327867
v -2.060935 0.348765 -0.321812
v -2.080142 0.313307 -0.310317
v -2.262616 0.198122 0.000000
v -2.158834 0.067986 -0.187677
v -2.193305 0.063244 -0.126705
v -2.221554 0.061341 -0.064243
v -2.243574 0.061495 0.000000
v -2.184823 0.132115 -0.167575
v -2.211734 0.121047 -0.114595
v -2.235061 0.114282 -0.058600
v -2.254212 0.112764 0.000000
v -2.204910 0.194950 -0.142980
v -2.226921 0.178870 -0.096546
v -2.245465 0.166122 -0.048869
v -2.260538 0.161260 0.000000
v -2.273997 0.076883 0.209960
v -2.284772 0.145593 0.184057
v -2.287683 0.210957 0.154378
v -2.283243 0.273368 0.121311
v -2.269898 0.068987 0.136566
v -2.279162 0.129308 0.122449
v -2.281994 0.188607 0.102044
v -2.278216 0.245036 0.074745
v -2.259702 0.064054 0.066734
v -2.268974 0.118048 0.060675
v -2.272767 0.170450 0.050377
v -2.270406 0.218274 0.031752
v -2.226076 0.442898 -0.000000
v -2.229640 0.380759 -0.043400
v -2.227190 0.318824 -0.081307
v -2.218917 0.257034 -0.114422
v -2.252826 0.389387 0.044239
v -2.251579 0.341702 -0.000000
v -2.246800 0.290230 -0.039202
v -2.238529 0.235725 -0.071798
v -2.271688 0.332789 0.084532
v -2.267938 0.296318 0.040018
v -2.261442 0.257455 0.000000
v -2.253618 0.214705 -0.031135
v -2.257535 0.395834 0.338012
v -2.271962 0.141984 0.337790
v -2.265906 0.197572 0.384483
v -2.253918 0.253974 0.424909
v -2.235930 0.311484 0.459764
v -2.284014 0.204048 0.293444
v -2.277185 0.246234 0.339438
v -2.265099 0.292584 0.380437
v -2.247846 0.343424 0.414620
v -2.287596 0.266210 0.252980
v -2.281137 0.298681 0.297986
v -2.270154 0.333262 0.338966
v -2.254896 0.373307 0.371516
v -2.149220 0.488261 0.530449
v -2.171848 0.510636 0.467249
v -2.190161 0.527012 0.401788
v -2.204351 0.536926 0.334017
v -2.183435 0.429099 0.512218
v -2.200887 0.454686 0.456540
v -2.215499 0.474243 0.397420
v -2.227977 0.484987 0.335382
v -2.212324 0.370118 0.488791
v -2.226241 0.398317 0.439687
v -2.236688 0.421973 0.389253
v -2.246195 0.434889 0.336905
v -2.220595 0.523227 0.121481
v -2.250114 0.456730 0.149793
v -2.270715 0.392176 0.181262
v -2.283120 0.328764 0.215593
v -2.219771 0.535237 0.193959
v -2.246069 0.474629 0.210207
v -2.265437 0.414007 0.232583
v -2.277297 0.354758 0.261708
v -2.214352 0.539641 0.264625
v -2.238510 0.484617 0.272347
v -2.256712 0.430029 0.284317
v -2.267829 0.378327 0.304881
v -1.831156 0.384590 0.845121
v -1.869361 0.142590 0.891594
v -1.823273 0.204371 0.908915
v -1.775389 0.265275 0.914743
v -1.724881 0.324799 0.910340
v -1.889431 0.192252 0.841907
v -1.846989 0.239563 0.862738
v -1.802061 0.289624 0.872694
v -1.758425 0.343005 0.875539
v -1.924300 0.247237 0.820726
v -1.881495 0.284303 0.840679
v -1.838838 0.323468 0.854601
v -1.799931 0.366852 0.860280
v -1.542621 0.492927 0.844105
v -1.638088 0.510699 0.839150
v -1.724564 0.519700 0.824957
v -1.802910 0.521166 0.803031
v -1.608907 0.437552 0.871952
v -1.676080 0.455693 0.858586
v -1.745610 0.468093 0.842964
v -1.813804 0.471294 0.821874
v -1.670335 0.382559 0.896089
v -1.716847 0.399210 0.871065
v -1.770112 0.416276 0.855425
v -1.824108 0.422756 0.836245
v -2.003499 0.482425 0.706219
v -1.993754 0.422374 0.740622
v -1.977561 0.362870 0.771152
v -1.954513 0.304236 0.797972
v -1.942113 0.501802 0.742662
v -1.939307 0.445858 0.769941
v -1.929664 0.389449 0.795224
v -1.910765 0.334684 0.819007
v -1.875289 0.515003 0.775213
v -1.879046 0.463231 0.797133
v -1.878333 0.411602 0.816287
v -1.866818 0.363264 0.835217
v -1.554311 0.215866 1.065120
v -1.780652 0.082328 0.994129
v -1.712159 0.075116 1.040701
v -1.635913 0.070133 1.078458
v -1.551728 0.068625 1.106411
v -1.747337 0.154193 0.995514
v -1.692696 0.139029 1.034712
v -1.628651 0.127585 1.068334
v -1.555985 0.123093 1.093984
v -1.707458 0.221883 0.991984
v -1.664145 0.202007 1.026526
v -1.614214 0.184118 1.056381
v -1.556797 0.175211 1.078928
v -1.248780 0.097397 1.116154
v -1.311002 0.159845 1.107535
v -1.362198 0.221309 1.088266
v -1.400864 0.281824 1.059341
v -1.359068 0.082028 1.127359
v -1.395161 0.141815 1.113907
v -1.429157 0.201155 1.093412
v -1.460178 0.258655 1.065729
v -1.459751 0.072485 1.123256
v -1.477260 0.128625 1.109397
v -1.494148 0.183582 1.090858
v -1.514363 0.235022 1.067227
v -1.446301 0.445672 0.924769
v -1.533336 0.397995 0.950782
v -1.602979 0.344068 0.970050
v -1.659963 0.285241 0.983498
v -1.440925 0.395604 0.976457
v -1.511906 0.358723 0.992395
v -1.573509 0.313805 1.005572
v -1.624782 0.261246 1.016611
v -1.427045 0.340417 1.021755
v -1.488070 0.311725 1.031498
v -1.542946 0.278084 1.038382
v -1.587250 0.236182 1.045365
v -1.095023 0.355492 0.992867
v -1.050200 0.162671 1.065143
v -0.979270 0.214479 1.082752
v -0.915181 0.265089 1.090232
v -0.853530 0.313013 1.090624
v -1.158164 0.212391 1.064468
v -1.092502 0.243678 1.031980
v -1.031489 0.285344 1.046159
v -0.971004 0.327621 1.053781
v -1.232851 0.265759 1.057087
v -1.170420 0.288152 1.032276
v -1.107856 0.308943 1.005163
v -1.050969 0.342876 1.017813
v -0.641497 0.426011 1.065677
v -0.743019 0.443142 1.051896
v -0.837466 0.459483 1.028172
v -0.928635 0.472008 0.996488
v -0.721354 0.395320 1.077427
v -0.836444 0.408737 1.055216
v -0.933449 0.420613 1.024710
v -1.020589 0.427454 0.989567
v -0.790296 0.356983 1.085907
v -0.908963 0.369380 1.055982
v -0.999183 0.380627 1.022016
v -1.073077 0.385995 0.988779
v -1.220522 0.468908 0.889732
v -1.276069 0.428386 0.948485
v -1.293211 0.377093 0.996371
v -1.277739 0.321237 1.033215
v -1.114387 0.469019 0.912940
v -1.188596 0.423324 0.936231
v -1.221005 0.383085 0.981176
v -1.213411 0.335477 1.014132
v -1.019518 0.476376 0.958346
v -1.104455 0.424376 0.951441
v -1.145733 0.380672 0.963247
v -1.147182 0.344369 0.991152
v -0.675462 0.084860 -0.915291
v -0.615170 0.138074 -0.918279
v -0.558251 0.189906 -0.925807
v -0.504857 0.240418 -0.936280
v -0.454026 0.286296 -0.938904
v -0.407932 0.326342 -0.935803
v -0.371617 0.360080 -0.930077
v -0.425236 0.073949 -0.949301
v -0.377552 0.129471 -0.950006
v -0.329620 0.182204 -0.944917
v -0.283631 0.230984 -0.934959
v -0.241260 0.274987 -0.921444
v -0.206419 0.313922 -0.906207
v -0.184455 0.348015 -0.891618
v -0.158879 0.069551 -1.019440
v -0.119218 0.130419 -1.023267
v -0.079237 0.189034 -1.021024
v -0.040713 0.244001 -1.013269
v -0.005826 0.294138 -1.000806
v 0.021087 0.338475 -0.984086
v 0.035052 0.376186 -0.963708
v 0.115333 0.068248 -1.111060
v 0.149889 0.134176 -1.103519
v 0.183572 0.196432 -1.089666
v 0.215969 0.254155 -1.070709
v 0.245863 0.306520 -1.047963
v 0.268876 0.352828 -1.022857
v 0.279871 0.392645 -0.997116
v 0.390226 0.061774 -1.131293
v 0.420032 0.128958 -1.115429
v 0.448480 0.191983 -1.093505
v 0.476948 0.250186 -1.066506
v 0.505448 0.302902 -1.035986
v 0.529552 0.357587 -1.028102
v 0.542489 0.404756 -1.014125
v 0.658804 0.052098 -1.116428
v 0.682306 0.123332 -1.125160
v 0.705928 0.193247 -1.126323
v 0.732717 0.260787 -1.121341
v 0.763457 0.324770 -1.111168
v 0.793735 0.383725 -1.096220
v 0.815947 0.435621 -1.077496
v 0.915184 0.044788 -1.156868
v 0.927994 0.120786 -1.160237
v 0.945547 0.193279 -1.155981
v 0.970906 0.262192 -1.144788
v 1.004711 0.326983 -1.127064
v 1.045137 0.387335 -1.103060
v 1.086471 0.443151 -1.073645
v -0.807429 -0.865394 -0.591000
v -0.733203 -0.859450 -0.667529
v -0.660641 -0.845483 -0.733886
v -0.592355 -0.825163 -0.790003
v -0.528119 -0.801022 -0.836608
v -0.470386 -0.775066 -0.873889
v -0.424390 -0.749387 -0.902016
v -0.540359 -0.955128 -0.638652
v -0.487678 -0.928328 -0.704773
v -0.428922 -0.897232 -0.762976
v -0.369892 -0.862546 -0.812121
v -0.314551 -0.825825 -0.852191
v -0.267669 -0.788965 -0.883939
v -0.235076 -0.754185 -0.908782
v -0.262623 -0.985014 -0.651853
v -0.222723 -0.947332 -0.710839
v -0.175182 -0.905177 -0.761496
v -0.125133 -0.859983 -0.803411
v -0.077596 -0.813796 -0.836953
v -0.038187 -0.769181 -0.863565
v -0.012714 -0.728910 -0.885578
v 0.014334 -0.953348 -0.625520
v 0.047782 -0.910539 -0.677334
v 0.088157 -0.862268 -0.720298
v 0.131938 -0.810438 -0.754454
v 0.175093 -0.757507 -0.780504
v 0.211650 -0.707006 -0.800661
v 0.235315 -0.667576 -0.823765
v 0.282774 -0.928423 -0.603368
v 0.312773 -0.880127 -0.648243
v 0.349644 -0.827542 -0.685319
v 0.391490 -0.771536 -0.714225
v 0.435461 -0.715670 -0.737091
v 0.475405 -0.685973 -0.780517
v 0.502992 -0.656878 -0.818653
v 0.536170 -0.910227 -0.584654
v 0.564243 -0.858138 -0.624024
v 0.599891 -0.800254 -0.654417
v 0.642585 -0.737273 -0.675105
v 0.690888 -0.676088 -0.691767
v 0.739840 -0.636947 -0.726821
v 0.779821 -0.598093 -0.758288
v 0.767266 -0.849733 -0.536123
v 0.793921 -0.796943 -0.567974
v 0.828942 -0.736869 -0.589673
v 0.873234 -0.683352 -0.612478
v 0.927656 -0.648832 -0.651840
v 0.990489 -0.609629 -0.688622
v 1.055379 -0.563074 -0.719932
v -0.669074 1.075668 0.076387
v -0.637569 1.058439 0.147811
v -0.609439 1.031500 0.213082
v -0.588418 0.995500 0.271798
v -0.575850 0.951580 0.323491
v -0.571642 0.901073 0.367623
v -0.575336 0.845201 0.403740
v -0.413743 1.114844 0.076175
v -0.394375 1.090391 0.148308
v -0.373446 1.056757 0.214951
v -0.355693 1.015171 0.275283
v -0.344207 0.967049 0.328700
v -0.339932 0.913701 0.374782
v -0.343259 0.856293 0.413224
v -0.146633 1.088388 0.072903
v -0.134175 1.061348 0.142084
v -0.118644 1.024446 0.206085
v -0.103761 0.979614 0.263951
v -0.092766 0.928888 0.315089
v -0.087562 0.874013 0.359230
v -0.089695 0.816577 0.396335
v 0.122359 0.992602 0.065178
v 0.131499 0.965015 0.126988
v 0.143971 0.927048 0.183895
v 0.157492 0.880643 0.234813
v 0.169653 0.828001 0.279108
v 0.177679 0.806427 0.331384
v 0.178296 0.785049 0.383033
v 0.385343 0.913182 0.058648
v 0.393027 0.914823 0.118310
v 0.404693 0.912273 0.178813
v 0.419433 0.905115 0.239851
v 0.435688 0.892910 0.300895
v 0.449279 0.875155 0.360883
v 0.455137 0.851656 0.418546
v 0.635924 0.935531 0.059124
v 0.642953 0.935334 0.119080
v 0.654906 0.930038 0.179661
v 0.672018 0.919309 0.240574
v 0.693724 0.902817 0.301393
v 0.716256 0.880615 0.361613
v 0.733197 0.853493 0.420713
v 0.865526 0.903627 0.055437
v 0.872236 0.902369 0.111526
v 0.884732 0.895100 0.167939
v 0.904151 0.881155 0.224190
v 0.931237 0.859764 0.279772
v 0.965227 0.830213 0.334721
v 1.001575 0.792980 0.389263
v -1.954040 0.146865 -0.529498
v -1.872446 0.056764 -0.701638
v -1.905879 0.046093 -0.644070
v -1.932915 0.040842 -0.586701
v -1.954197 0.039337 -0.529612
v -1.886027 0.112551 -0.679930
v -1.913539 0.095895 -0.631711
v -1.936850 0.085892 -0.581578
v -1.955715 0.082185 -0.530716
v -1.897511 0.162546 -0.653338
v -1.920765 0.141696 -0.612811
v -1.940107 0.126769 -0.571410
v -1.955349 0.120148 -0.530450
v -2.009062 0.053903 -0.360994
v -1.987436 0.103831 -0.376247
v -1.982233 0.150448 -0.401059
v -1.973564 0.194474 -0.425762
v -1.986184 0.045253 -0.414999
v -1.980892 0.091722 -0.427780
v -1.976253 0.135086 -0.445659
v -1.968190 0.175629 -0.466494
v -1.970443 0.040882 -0.472002
v -1.970314 0.084453 -0.479467
v -1.967181 0.124172 -0.489022
v -1.960834 0.158903 -0.503258
v -1.922171 0.323995 -0.506344
v -1.919128 0.287995 -0.549681
v -1.913997 0.249332 -0.588377
v -1.906762 0.207802 -0.622888
v -1.944099 0.280689 -0.477925
v -1.939901 0.251515 -0.519226
v -1.934204 0.219137 -0.556138
v -1.927610 0.182840 -0.587670
v -1.961047 0.237548 -0.451232
v -1.956220 0.214129 -0.491176
v -1.949959 0.189405 -0.526533
v -1.943977 0.161500 -0.554198
v -1.986359 -0.179677 -0.552980
v -1.862057 -0.067079 -0.691847
v -1.865113 -0.124929 -0.661166
v -1.890213 -0.183381 -0.649681
v -1.917529 -0.241938 -0.636541
v -1.896076 -0.059372 -0.635785
v -1.898973 -0.111616 -0.620057
v -1.922444 -0.165574 -0.616606
v -1.946094 -0.218341 -0.605677
v -1.923419 -0.054870 -0.579320
v -1.935889 -0.103958 -0.581713
v -1.952484 -0.151953 -0.582673
v -1.970202 -0.196153 -0.575762
v -1.989014 -0.418281 -0.554910
v -2.019592 -0.361159 -0.525840
v -2.041960 -0.303467 -0.497258
v -2.056979 -0.245554 -0.468837
v -1.966771 -0.359249 -0.589807
v -1.995281 -0.316865 -0.559464
v -2.017158 -0.270287 -0.530207
v -2.031526 -0.220402 -0.503041
v -1.942994 -0.300375 -0.616712
v -1.970537 -0.268939 -0.586412
v -1.992376 -0.234837 -0.557353
v -2.006120 -0.196943 -0.532649
v -2.059241 -0.065339 -0.382140
v -2.027668 -0.058563 -0.436311
v -1.993914 -0.055034 -0.486216
v -1.957773 -0.053668 -0.532212
v -2.065910 -0.127032 -0.411324
v -2.036250 -0.113445 -0.456512
v -2.004434 -0.104791 -0.500144
v -1.970938 -0.101421 -0.541776
v -2.064926 -0.186925 -0.440390
v -2.037700 -0.167730 -0.478716
v -2.009217 -0.152911 -0.514871
v -1.980769 -0.146223 -0.548919
v -2.141339 -0.351776 -0.292548
v -2.044915 -0.489244 -0.453118
v -2.075899 -0.495157 -0.393448
v -2.102030 -0.494027 -0.334526
v -2.123696 -0.486869 -0.276033
v -2.068859 -0.420512 -0.439563
v -2.092889 -0.433522 -0.389222
v -2.114268 -0.438694 -0.337201
v -2.132887 -0.435184 -0.284505
v -2.087636 -0.356063 -0.419515
v -2.107338 -0.373911 -0.376760
v -2.124144 -0.385709 -0.333295
v -2.138711 -0.387247 -0.289876
v -2.162629 -0.431811 -0.101533
v -2.168467 -0.376072 -0.131178
v -2.168835 -0.322637 -0.161033
v -2.163888 -0.271183 -0.191177
v -2.154108 -0.455418 -0.159744
v -2.160517 -0.401789 -0.181270
v -2.161960 -0.350132 -0.204634
v -2.158142 -0.301698 -0.230907
v -2.141098 -0.473804 -0.217810
v -2.148521 -0.422205 -0.232342
v -2.151676 -0.373398 -0.247254
v -2.149755 -0.330384 -0.266586
v -2.115966 -0.123486 -0.288042
v -2.115700 -0.179099 -0.328906
v -2.110943 -0.236279 -0.364068
v -2.101575 -0.294947 -0.394252
v -2.137767 -0.172246 -0.253913
v -2.134651 -0.216718 -0.293657
v -2.128432 -0.265213 -0.328139
v -2.119188 -0.317532 -0.356325
v -2.153601 -0.221398 -0.222000
v -2.148916 -0.257457 -0.260853
v -2.141660 -0.295714 -0.294688
v -2.132880 -0.337489 -0.320233
v -2.125738 0.175340 0.654244
v -2.221528 0.061186 0.456973
v -2.187069 0.047978 0.522976
v -2.148416 0.040657 0.583573
v -2.105413 0.038263 0.639477
v -2.222300 0.126932 0.487729
v -2.191448 0.106913 0.542862
v -2.155906 0.094007 0.596289
v -2.116206 0.089225 0.647319
v -2.214452 0.189401 0.518296
v -2.187295 0.164934 0.565083
v -2.156606 0.146122 0.609657
v -2.123025 0.137679 0.652273
v -1.959272 0.060793 0.797022
v -1.979094 0.124588 0.778371
v -2.008563 0.186151 0.765218
v -2.035653 0.245685 0.744436
v -2.005282 0.047737 0.739200
v -2.027229 0.105792 0.738999
v -2.049323 0.163158 0.730591
v -2.072113 0.218629 0.712946
v -2.057877 0.040668 0.691246
v -2.073125 0.093620 0.695163
v -2.087363 0.145423 0.692835
v -2.103645 0.193911 0.680615
v -2.104497 0.410555 0.638810
v -2.142983 0.359880 0.609439
v -2.174332 0.306184 0.579307
v -2.198374 0.249267 0.548736
v -2.083831 0.357916 0.680808
v -2.120429 0.316919 0.650386
v -2.150982 0.271416 0.619571
v -2.173866 0.220566 0.590448
v -2.060825 0.303017 0.716082
v -2.096281 0.270071 0.685547
v -2.126166 0.235168 0.654554
v -2.147643 0.194609 0.627510
v -2.029352 -0.189827 0.584217
v -2.176857 -0.075187 0.437109
v -2.136791 -0.137582 0.446875
v -2.092710 -0.192963 0.455262
v -2.044919 -0.242042 0.461906
v -2.148982 -0.068844 0.502627
v -2.116842 -0.124698 0.501841
v -2.079340 -0.176215 0.503048
v -2.037076 -0.221930 0.506476
v -2.114399 -0.065148 0.562276
v -2.089201 -0.115931 0.554141
v -2.060160 -0.162508 0.547750
v -2.031640 -0.203475 0.549794
v -1.954870 -0.399977 0.530104
v -1.967743 -0.359708 0.590568
v -1.975987 -0.313886 0.644538
v -1.979622 -0.263071 0.692669
v -1.985405 -0.345838 0.502845
v -1.993413 -0.316095 0.558106
v -1.998632 -0.279230 0.608530
v -2.001353 -0.235280 0.652448
v -2.009311 -0.291434 0.476971
v -2.014719 -0.269443 0.528576
v -2.017303 -0.242759 0.575463
v -2.018572 -0.209213 0.613696
v -1.965036 -0.078521 0.802087
v -1.999063 -0.069901 0.732960
v -2.027092 -0.064440 0.665501
v -2.073778 -0.063610 0.616494
v -1.974317 -0.145609 0.771765
v -2.001760 -0.128621 0.714721
v -2.023797 -0.116586 0.654185
v -2.054235 -0.112311 0.602295
v -1.979102 -0.206992 0.735043
v -2.002444 -0.184425 0.687883
v -2.021245 -0.165989 0.638675
v -2.034704 -0.156108 0.588105
v -1.824277 -0.387764 0.856812
v -1.887634 -0.475079 0.621522
v -1.851697 -0.491147 0.683239
v -1.808865 -0.500842 0.743265
v -1.757310 -0.504314 0.801388
v -1.908775 -0.424283 0.672322
v -1.873742 -0.444235 0.721708
v -1.832305 -0.457998 0.772516
v -1.784048 -0.463708 0.824289
v -1.921489 -0.372082 0.721413
v -1.888166 -0.395068 0.761752
v -1.849914 -0.413490 0.801915
v -1.807733 -0.422193 0.843619
v -1.525959 -0.475964 0.958505
v -1.601518 -0.428836 0.972390
v -1.672067 -0.376670 0.977186
v -1.735851 -0.320591 0.973240
v -1.619196 -0.491947 0.910670
v -1.668914 -0.447388 0.926348
v -1.720962 -0.397986 0.934048
v -1.773138 -0.346052 0.931795
v -1.695243 -0.501217 0.857587
v -1.729673 -0.459588 0.876310
v -1.765272 -0.414911 0.888697
v -1.803782 -0.369860 0.890106
v -1.885723 -0.145675 0.907767
v -1.908825 -0.205044 0.861788
v -1.921901 -0.262463 0.815636
v -1.925988 -0.318114 0.768926
v -1.842660 -0.203580 0.938302
v -1.869288 -0.248123 0.893672
v -1.886537 -0.295324 0.848286
v -1.893084 -0.344700 0.803780
v -1.792910 -0.262336 0.960149
v -1.823625 -0.295360 0.917763
v -1.846292 -0.330241 0.874739
v -1.856647 -0.369338 0.834693
v -0.875563 -0.466572 0.884207
v -0.794211 -0.500027 0.885101
v -0.712780 -0.526307 0.877561
v -0.634452 -0.546878 0.862331
v -0.559488 -0.562339 0.841408
v -0.490883 -0.573368 0.817465
v -0.434332 -0.582828 0.793821
v -0.614126 -0.464390 0.923488
v -0.554557 -0.487453 0.898166
v -0.486664 -0.505014 0.870804
v -0.417087 -0.516615 0.840390
v -0.350505 -0.522420 0.807242
v -0.292026 -0.524198 0.772899
v -0.247640 -0.525613 0.739122
v -0.345534 -0.441604 0.895523
v -0.298168 -0.458842 0.860933
v -0.240265 -0.468628 0.823192
v -0.178327 -0.470621 0.783096
v -0.118485 -0.471035 0.749693
v -0.066302 -0.510702 0.771571
v -0.027451 -0.547549 0.778884
v -0.084772 -0.399331 0.811676
v -0.042181 -0.432101 0.823246
v 0.011314 -0.469274 0.847665
v 0.070331 -0.509381 0.871420
v 0.129142 -0.550678 0.887377
v 0.181381 -0.590819 0.893494
v 0.220526 -0.627621 0.889373
v 0.156184 -0.440678 0.940404
v 0.200294 -0.477707 0.952934
v 0.256671 -0.516950 0.966690
v 0.319939 -0.557977 0.975600
v 0.384381 -0.598956 0.976985
v 0.443024 -0.637403 0.970539
v 0.488260 -0.672240 0.957219
v 0.372753 -0.463175 1.022230
v 0.423181 -0.498822 1.028479
v 0.487006 -0.536028 1.031519
v 0.558574 -0.573972 1.027653
v 0.632889 -0.610134 1.015601
v 0.704707 -0.642353 0.996456
v 0.766008 -0.670740 0.972541
v 0.556351 -0.466737 1.060245
v 0.618581 -0.497066 1.059726
v 0.692900 -0.528354 1.052611
v 0.773903 -0.558819 1.036487
v 0.858907 -0.585141 1.011030
v 0.948283 -0.604462 0.976854
v 1.038679 -0.617269 0.934500
v -0.434944 -0.698104 -0.933972
v -0.491917 -0.667147 -0.940959
v -0.560885 -0.630562 -0.942307
v -0.635986 -0.589586 -0.935853
v -0.714002 -0.546820 -0.919384
v -0.796141 -0.521524 -0.935851
v -0.878897 -0.494049 -0.955073
v -0.247547 -0.695837 -0.947032
v -0.292611 -0.667483 -0.963914
v -0.351834 -0.635599 -0.977776
v -0.419040 -0.599596 -0.986197
v -0.488918 -0.561154 -0.987019
v -0.556620 -0.521923 -0.980143
v -0.615479 -0.481789 -0.968484
v -0.026532 -0.668868 -0.927354
v -0.065799 -0.644743 -0.950615
v -0.118869 -0.619298 -0.973707
v -0.179766 -0.590417 -0.993925
v -0.242453 -0.558509 -1.008574
v -0.300672 -0.524967 -1.016714
v -0.347929 -0.489918 -1.019693
v 0.220445 -0.622576 -0.883197
v 0.181480 -0.598658 -0.903929
v 0.129296 -0.572853 -0.920678
v 0.070283 -0.554582 -0.950305
v 0.010618 -0.532032 -0.975758
v -0.043764 -0.505729 -0.994968
v -0.087077 -0.475843 -1.007597
v 0.486621 -0.612288 -0.883934
v 0.442028 -0.594234 -0.913421
v 0.383955 -0.574151 -0.940016
v 0.319865 -0.550324 -0.962355
v 0.256675 -0.523322 -0.979584
v 0.200151 -0.494749 -0.992438
v 0.155796 -0.465314 -1.003473
v 0.760975 -0.554921 -0.831133
v 0.701257 -0.548973 -0.873416
v 0.630883 -0.541331 -0.913173
v 0.557637 -0.528320 -0.948526
v 0.486703 -0.509750 -0.978271
v 0.423148 -0.487398 -1.001975
v 0.372755 -0.462628 -1.020826
v 1.030322 -0.497011 -0.786154
v 0.941536 -0.485649 -0.818393
v 0.854146 -0.478948 -0.850381
v 0.771343 -0.481209 -0.899234
v 0.691710 -0.474675 -0.941781
v 0.618132 -0.461882 -0.977027
v 0.556236 -0.445128 -1.004457
v -0.395441 0.418267 -0.935113
v -0.457300 0.447829 -0.943993
v -0.531120 0.477526 -0.947667
v -0.611506 0.505948 -0.942986
v -0.695816 0.530764 -0.928769
v -0.784558 0.550375 -0.904719
v -0.874422 0.565410 -0.870529
v -0.212326 0.407769 -0.880038
v -0.262362 0.441387 -0.895227
v -0.325654 0.475476 -0.908818
v -0.396603 0.509784 -0.916399
v -0.470277 0.542938 -0.915566
v -0.541518 0.573733 -0.906042
v -0.602378 0.602227 -0.888892
v 0.004298 0.429758 -0.912449
v -0.039902 0.446439 -0.880451
v -0.095978 0.456268 -0.843892
v -0.158556 0.481688 -0.843569
v -0.222338 0.517972 -0.856288
v -0.280432 0.553339 -0.859312
v -0.325264 0.586524 -0.852441
v 0.247039 0.452907 -0.948867
v 0.203771 0.475673 -0.924868
v 0.149616 0.494226 -0.898594
v 0.090320 0.508105 -0.869193
v 0.031744 0.517181 -0.837075
v -0.019880 0.523171 -0.803445
v -0.058301 0.529674 -0.769469
v 0.507548 0.469063 -0.966093
v 0.459943 0.488480 -0.930754
v 0.401840 0.506478 -0.901260
v 0.339668 0.527881 -0.883869
v 0.279332 0.545721 -0.862537
v 0.226769 0.560273 -0.837785
v 0.187908 0.573346 -0.810454
v 0.778108 0.507197 -1.034190
v 0.717933 0.532934 -1.006331
v 0.649295 0.554270 -0.972769
v 0.578995 0.569942 -0.934093
v 0.511822 0.578922 -0.892377
v 0.452918 0.582651 -0.850824
v 0.408260 0.585622 -0.812417
v 1.043291 0.524870 -1.034565
v 0.960013 0.557386 -1.020512
v 0.877001 0.586186 -0.999645
v 0.797388 0.610454 -0.971777
v 0.721486 0.628019 -0.938545
v 0.652252 0.638348 -0.903034
v 0.595311 0.644148 -0.868373
v -0.850298 -1.052731 0.518519
v -0.812373 -1.084813 0.442773
v -0.777007 -1.105875 0.366748
v -0.748798 -1.117320 0.290642
v -0.728594 -1.120045 0.215037
v -0.715576 -1.114581 0.140868
v -0.708497 -1.101319 0.068976
v -0.575925 -1.016734 0.502273
v -0.558700 -1.043159 0.430822
v -0.535687 -1.058969 0.356674
v -0.513500 -1.065587 0.281922
v -0.496000 -1.064336 0.208064
v -0.483751 -1.055819 0.136026
v -0.476487 -1.040412 0.066486
v -0.295841 -0.968526 0.477107
v -0.290033 -1.000606 0.414283
v -0.276363 -1.023819 0.347170
v -0.259952 -1.037312 0.277208
v -0.245034 -1.040632 0.206040
v -0.233205 -1.033739 0.135174
v -0.225373 -1.016813 0.066028
v -0.018456 -0.938131 0.459857
v -0.017913 -0.968403 0.400293
v -0.009811 -0.988454 0.335700
v 0.002659 -0.998109 0.267927
v 0.016439 -0.997470 0.198827
v 0.029091 -0.986917 0.130107
v 0.038358 -0.967142 0.063347
v 0.250315 -0.906708 0.441609
v 0.248185 -0.908207 0.373775
v 0.253439 -0.904574 0.306527
v 0.264443 -0.895490 0.240288
v 0.279256 -0.897035 0.179088
v 0.294722 -0.949743 0.126148
v 0.307159 -0.994786 0.066117
v 0.504413 -0.973731 0.472253
v 0.500797 -0.977370 0.401888
v 0.504882 -0.974247 0.331235
v 0.516179 -0.964047 0.260905
v 0.533661 -0.946297 0.191531
v 0.554199 -0.920241 0.123914
v 0.573511 -0.958620 0.064713
v 0.737286 -0.986791 0.474982
v 0.732983 -0.991416 0.406189
v 0.736752 -0.988031 0.336368
v 0.748937 -0.976192 0.266351
v 0.769493 -0.955318 0.196868
v 0.796959 -0.924606 0.128442
v 0.828254 -0.947004 0.066740
v -0.576283 0.948584 -0.455758
v -0.572352 0.994322 -0.407430
v -0.576406 1.033022 -0.352262
v -0.588889 1.063525 -0.290989
v -0.609858 1.084593 -0.224381
v -0.637916 1.095123 -0.153120
v -0.669290 1.094540 -0.077802
v -0.343704 0.960653 -0.465680
v -0.340245 1.007514 -0.414721
v -0.344453 1.048575 -0.357410
v -0.355914 1.082796 -0.294302
v -0.373654 1.109030 -0.226034
v -0.394549 1.126068 -0.153422
v -0.413846 1.132949 -0.077504
v -0.089657 0.921628 -0.449104
v -0.087480 0.968168 -0.399281
v -0.092699 1.010400 -0.343790
v -0.103738 1.046926 -0.282885
v -0.118661 1.076218 -0.217054
v -0.134208 1.096508 -0.147104
v -0.146657 1.106171 -0.074193
v 0.178485 0.820612 -0.400880
v 0.178006 0.866146 -0.356790
v 0.170064 0.909335 -0.307795
v 0.157778 0.947578 -0.253682
v 0.144148 0.978383 -0.194780
v 0.131598 0.999799 -0.131941
v 0.122403 1.010169 -0.066441
v 0.455636 0.894601 -0.440065
v 0.449574 0.901456 -0.372078
v 0.435723 0.896385 -0.302124
v 0.419214 0.880370 -0.232858
v 0.404368 0.870363 -0.169923
v 0.392829 0.886480 -0.114290
v 0.385249 0.898886 -0.057629
v 0.734870 0.934271 -0.461072
v 0.717457 0.943662 -0.388457
v 0.694387 0.942414 -0.315411
v 0.672185 0.930714 -0.243798
v 0.654634 0.909189 -0.175252
v 0.642619 0.907551 -0.115172
v 0.635762 0.921533 -0.058142
v 1.005709 0.907512 -0.446256
v 0.968116 0.924539 -0.374753
v 0.933064 0.929802 -0.304523
v 0.905098 0.923372 -0.236069
v 0.884949 0.905920 -0.170204
v 0.871784 0.878363 -0.108207
v 0.865277 0.890036 -0.054506
v -0.707606 -1.052737 -0.065649
v -0.713760 -1.018083 -0.127526
v -0.725722 -0.976967 -0.185080
v -0.745537 -0.972009 -0.249755
v -0.773201 -0.960059 -0.315216
v -0.807835 -0.936664 -0.379899
v -0.844899 -0.903150 -0.444085
v -0.476183 -1.014165 -0.064644
v -0.483492 -1.034284 -0.132997
v -0.495760 -1.045894 -0.204164
v -0.513251 -1.048501 -0.277093
v -0.535400 -1.041857 -0.350617
v -0.558385 -1.026648 -0.423792
v -0.575673 -1.004560 -0.496191
v -0.225474 -1.032106 -0.067117
v -0.233346 -1.054053 -0.138055
v -0.245248 -1.068270 -0.211902
v -0.260280 -1.074355 -0.287676
v -0.276852 -1.072075 -0.364228
v -0.290715 -1.061497 -0.440201
v -0.296706 -1.043017 -0.514433
v 0.038216 -1.023996 -0.067435
v 0.028946 -1.038025 -0.137383
v 0.016287 -1.041225 -0.208105
v 0.002484 -1.038965 -0.279445
v -0.010073 -1.040312 -0.353990
v -0.018265 -1.032570 -0.427591
v -0.018866 -1.015467 -0.498668
v 0.307244 -1.057413 -0.070657
v 0.294839 -1.073566 -0.143829
v 0.279315 -1.079363 -0.217721
v 0.264381 -1.075077 -0.290804
v 0.253311 -1.061336 -0.361725
v 0.248070 -1.038948 -0.429389
v 0.250278 -1.008764 -0.492873
v 0.573872 -1.022380 -0.069391
v 0.554800 -1.043601 -0.141599
v 0.534090 -1.054532 -0.214479
v 0.516475 -1.054595 -0.286371
v 0.505093 -1.043986 -0.355794
v 0.500951 -1.023427 -0.421496
v 0.504499 -0.993741 -0.482311
v 0.828644 -0.981059 -0.069294
v 0.797342 -0.965120 -0.134305
v 0.769665 -0.977241 -0.201534
v 0.748988 -0.983503 -0.268413
v 0.736679 -0.977260 -0.332563
v 0.732741 -0.959638 -0.392623
v 0.736782 -0.931806 -0.447316
v -0.876462 0.594770 0.906747
v -0.786326 0.581505 0.946236
v -0.697225 0.562190 0.976310
v -0.612530 0.536971 0.997849
v -0.531802 0.508311 1.011229
v -0.457698 0.479019 1.017306
v -0.395613 0.450761 1.019000
v -0.603307 0.623613 0.915003
v -0.542421 0.598178 0.938251
v -0.471037 0.569010 0.954380
v -0.397154 0.536631 0.962932
v -0.325971 0.502946 0.964482
v -0.262445 0.469919 0.961423
v -0.212202 0.438253 0.958269
v -0.325694 0.602257 0.871672
v -0.280877 0.572644 0.884855
v -0.222711 0.539690 0.888656
v -0.158778 0.504976 0.883873
v -0.095987 0.470546 0.872785
v -0.039978 0.437410 0.859522
v 0.003912 0.405255 0.849723
v -0.058413 0.536623 0.777976
v -0.019672 0.506590 0.781374
v 0.032044 0.473916 0.772105
v 0.090248 0.441100 0.752257
v 0.148972 0.436118 0.779992
v 0.202861 0.433373 0.826211
v 0.246078 0.421015 0.867201
v 0.188534 0.490752 0.709376
v 0.227015 0.494573 0.750028
v 0.279213 0.499851 0.793231
v 0.339345 0.501023 0.836600
v 0.401566 0.495228 0.878054
v 0.459706 0.482202 0.915967
v 0.507236 0.462767 0.949914
v 0.408275 0.557746 0.778370
v 0.452809 0.556042 0.815350
v 0.511510 0.552383 0.852389
v 0.578371 0.543413 0.887478
v 0.648246 0.528133 0.918664
v 0.716402 0.507362 0.945515
v 0.776159 0.482144 0.969403
v 0.595039 0.593014 0.806205
v 0.651693 0.587609 0.836218
v 0.720456 0.577691 0.864113
v 0.795632 0.561556 0.887600
v 0.874225 0.539593 0.904650
v 0.955999 0.512668 0.914945
v 1.037916 0.480579 0.920333
v -0.424074 -0.632195 0.773631
v -0.469972 -0.678455 0.773969
v -0.527668 -0.731894 0.769885
v -0.592006 -0.789140 0.757866
v -0.660673 -0.847688 0.735683
v -0.734141 -0.905701 0.701565
v -0.810187 -0.960915 0.653352
v -0.235478 -0.589613 0.728227
v -0.267812 -0.630931 0.720584
v -0.314333 -0.675890 0.707551
v -0.369317 -0.733675 0.697110
v -0.428133 -0.799385 0.682989
v -0.486894 -0.864442 0.657515
v -0.539864 -0.925544 0.619136
v -0.013810 -0.601945 0.745596
v -0.039211 -0.617826 0.706080
v -0.078201 -0.662480 0.689903
v -0.125231 -0.719015 0.676722
v -0.174835 -0.775966 0.655155
v -0.222035 -0.831041 0.624198
v -0.261723 -0.882432 0.583693
v 0.235661 -0.688892 0.847472
v 0.211751 -0.714481 0.808529
v 0.174876 -0.736042 0.759375
v 0.131578 -0.752827 0.702080
v 0.087903 -0.764639 0.639254
v 0.047833 -0.792688 0.589001
v 0.014623 -0.848845 0.555807
v 0.505113 -0.736807 0.908887
v 0.477268 -0.770191 0.870691
v 0.436951 -0.802204 0.823656
v 0.392227 -0.831027 0.769026
v 0.349874 -0.855590 0.708804
v 0.312749 -0.875344 0.644642
v 0.282681 -0.890265 0.577874
v 0.785545 -0.736603 0.918484
v 0.744623 -0.779992 0.883422
v 0.694692 -0.822734 0.840966
v 0.645018 -0.861870 0.791196
v 0.601272 -0.896025 0.735101
v 0.564945 -0.924526 0.674080
v 0.536457 -0.947099 0.609267
v 1.063521 -0.688100 0.869554
v 0.997401 -0.749683 0.845203
v 0.933549 -0.804921 0.812737
v 0.878105 -0.852948 0.771431
v 0.832417 -0.894008 0.722161
v 0.796196 -0.928024 0.666542
v 0.768728 -0.954896 0.606053
v -1.160820 -0.690955 -0.808032
v -1.180956 -0.781014 -0.615619
v -1.270038 -0.756676 -0.664302
v -1.323513 -0.717893 -0.704271
v -1.346474 -0.670202 -0.737931
v -1.091112 -0.769167 -0.664394
v -1.193490 -0.743004 -0.694694
v -1.255932 -0.711992 -0.727463
v -1.283067 -0.679233 -0.765776
v -1.010598 -0.757753 -0.714202
v -1.119744 -0.739378 -0.738104
v -1.187448 -0.714502 -0.762130
v -1.216001 -0.687281 -0.791752
v -1.238750 -0.553812 -0.888720
v -1.141547 -0.580927 -0.904732
v -1.051440 -0.605705 -0.906213
v -0.964936 -0.627519 -0.895734
v -1.310302 -0.591995 -0.834638
v -1.230498 -0.612335 -0.858362
v -1.149222 -0.632507 -0.869961
v -1.067252 -0.652811 -0.868953
v -1.343432 -0.630155 -0.782513
v -1.275895 -0.645398 -0.810274
v -1.203286 -0.659333 -0.829373
v -1.130432 -0.674658 -0.835630
v -0.691231 -0.687376 -0.860792
v -0.779282 -0.687633 -0.814589
v -0.858785 -0.711928 -0.787209
v -0.934572 -0.737844 -0.755347
v -0.788354 -0.651357 -0.848699
v -0.890608 -0.682039 -0.836540
v -0.973419 -0.707188 -0.811133
v -1.046928 -0.726852 -0.777406
v -0.878331 -0.643751 -0.875700
v -0.983572 -0.670770 -0.856826
v -1.059364 -0.692418 -0.827553
v -1.121128 -0.708122 -0.794954
v -1.632529 -0.685333 -0.696554
v -1.406148 -0.841183 -0.598773
v -1.512567 -0.831096 -0.600557
v -1.602721 -0.807320 -0.601465
v -1.679797 -0.773448 -0.601931
v -1.437979 -0.794196 -0.647140
v -1.520863 -0.788704 -0.642781
v -1.596714 -0.771069 -0.639424
v -1.664251 -0.742036 -0.638518
v -1.462878 -0.743542 -0.690031
v -1.530377 -0.741927 -0.682553
v -1.592726 -0.731779 -0.675148
v -1.647740 -0.710503 -0.671893
v -1.855334 -0.621647 -0.603531
v -1.806858 -0.602116 -0.653068
v -1.752906 -0.584106 -0.696272
v -1.692523 -0.567004 -0.733054
v -1.805164 -0.680329 -0.603034
v -1.769322 -0.655019 -0.646798
v -1.725817 -0.631987 -0.687003
v -1.673700 -0.612559 -0.721790
v -1.746805 -0.730918 -0.602503
v -1.721927 -0.702456 -0.641454
v -1.691634 -0.675417 -0.677560
v -1.652431 -0.654340 -0.708510
v -1.445444 -0.515337 -0.800309
v -1.465799 -0.574506 -0.782656
v -1.477417 -0.632741 -0.758316
v -1.476443 -0.689464 -0.727278
v -1.542775 -0.533467 -0.786392
v -1.543018 -0.585746 -0.769837
v -1.542224 -0.638828 -0.747172
v -1.537893 -0.691495 -0.717955
v -1.623705 -0.550456 -0.763284
v -1.612496 -0.597782 -0.749511
v -1.601379 -0.644211 -0.731232
v -1.592947 -0.689368 -0.706734
v -1.760402 -0.888894 -0.402306
v -1.445613 -0.919192 -0.499169
v -1.517866 -0.945449 -0.447605
v -1.586405 -0.961872 -0.393097
v -1.649199 -0.969401 -0.335871
v -1.547533 -0.896205 -0.514305
v -1.592672 -0.918940 -0.466240
v -1.641883 -0.934777 -0.414668
v -1.692816 -0.942185 -0.361372
v -1.635749 -0.865733 -0.522063
v -1.663956 -0.887980 -0.477776
v -1.695390 -0.904948 -0.431142
v -1.731946 -0.913256 -0.384811
v -1.806731 -0.943675 -0.153830
v -1.839656 -0.911272 -0.213535
v -1.865742 -0.875402 -0.271733
v -1.885349 -0.836053 -0.328790
v -1.758910 -0.959851 -0.215686
v -1.793640 -0.928948 -0.259694
v -1.822119 -0.894618 -0.306823
v -1.842197 -0.857947 -0.356852
v -1.706701 -0.968514 -0.276559
v -1.744255 -0.939831 -0.309205
v -1.776301 -0.908486 -0.343700
v -1.797544 -0.876443 -0.382890
v -1.905277 -0.696110 -0.495285
v -1.846473 -0.744483 -0.510401
v -1.782768 -0.789127 -0.519921
v -1.713052 -0.829615 -0.523939
v -1.904992 -0.746829 -0.440472
v -1.852716 -0.782632 -0.460671
v -1.794652 -0.818546 -0.474882
v -1.731354 -0.853884 -0.481166
v -1.898305 -0.793350 -0.385081
v -1.851892 -0.820505 -0.408959
v -1.801523 -0.846983 -0.428321
v -1.748314 -0.874578 -0.437790
v -2.044138 -0.710466 -0.195609
v -1.907853 -0.876246 -0.076849
v -1.959296 -0.828804 -0.065252
v -2.004686 -0.778902 -0.058228
v -2.044592 -0.726360 -0.054954
v -1.927027 -0.853918 -0.147844
v -1.969862 -0.814742 -0.128728
v -2.009850 -0.771121 -0.115300
v -2.046225 -0.723505 -0.108737
v -1.944898 -0.823743 -0.212514
v -1.981536 -0.791577 -0.188652
v -2.015217 -0.756310 -0.168996
v -2.045839 -0.717299 -0.158421
v -2.132349 -0.552485 -0.064288
v -2.126212 -0.565230 -0.127361
v -2.114384 -0.577585 -0.188721
v -2.096586 -0.589830 -0.248680
v -2.108283 -0.613265 -0.058522
v -2.104596 -0.619831 -0.117069
v -2.095263 -0.627321 -0.174718
v -2.079222 -0.637553 -0.230527
v -2.079123 -0.671123 -0.055296
v -2.077994 -0.672727 -0.110064
v -2.072622 -0.673965 -0.162635
v -2.060349 -0.679914 -0.211368
v -2.004072 -0.630013 -0.420349
v -1.991121 -0.690198 -0.375735
v -1.976961 -0.742018 -0.326148
v -1.961480 -0.786433 -0.271833
v -2.041921 -0.615650 -0.364235
v -2.026238 -0.669933 -0.331390
v -2.010185 -0.718282 -0.291083
v -1.994842 -0.759345 -0.243391
v -2.072507 -0.602494 -0.307102
v -2.055905 -0.652086 -0.282932
v -2.038635 -0.696255 -0.253487
v -2.023706 -0.732237 -0.216396
v -2.016268 -0.685313 0.188320
v -1.899163 -0.864533 0.075722
v -1.909945 -0.831847 0.143748
v -1.919782 -0.792925 0.204079
v -1.928403 -0.748549 0.257962
v -1.951198 -0.819132 0.064463
v -1.953859 -0.795977 0.125651
v -1.957953 -0.764854 0.181927
v -1.963828 -0.726283 0.231982
v -1.996709 -0.770521 0.057641
v -1.994210 -0.754804 0.112933
v -1.992526 -0.732992 0.163699
v -1.994565 -0.703663 0.207296
v -1.945710 -0.581036 0.386629
v -1.988791 -0.574385 0.338346
v -2.025528 -0.568594 0.288425
v -2.056734 -0.562892 0.236480
v -1.941427 -0.643118 0.349055
v -1.980239 -0.629755 0.310030
v -2.014528 -0.618869 0.267106
v -2.043723 -0.611074 0.220109
v -1.935732 -0.698734 0.306093
v -1.971673 -0.680792 0.274620
v -2.003283 -0.664685 0.240764
v -2.029137 -0.654163 0.202686
v -2.120975 -0.545634 0.063531
v -2.098394 -0.606445 0.057924
v -2.070242 -0.664091 0.054792
v -2.036355 -0.718835 0.054460
v -2.104254 -0.551623 0.124309
v -2.085207 -0.606319 0.114588
v -2.060611 -0.658945 0.107970
v -2.030152 -0.708855 0.106717
v -2.082882 -0.557346 0.181838
v -2.067185 -0.607324 0.168939
v -2.047542 -0.653981 0.157799
v -2.022820 -0.696401 0.153907
v -1.725468 -0.826397 0.373110
v -1.791676 -0.918957 0.149495
v -1.739810 -0.924711 0.207136
v -1.685296 -0.922848 0.262395
v -1.627231 -0.913456 0.314750
v -1.817635 -0.877807 0.205397
v -1.769010 -0.887325 0.247786
v -1.718261 -0.889372 0.292196
v -1.666655 -0.882748 0.337681
v -1.836317 -0.834155 0.258719
v -1.791136 -0.846905 0.290431
v -1.744957 -0.853783 0.323067
v -1.701207 -0.851478 0.358249
v -1.434851 -0.869688 0.472578
v -1.521514 -0.810616 0.466504
v -1.601759 -0.782252 0.473158
v -1.670952 -0.749743 0.474727
v -1.497694 -0.869727 0.410054
v -1.566806 -0.842191 0.426236
v -1.631642 -0.812166 0.435954
v -1.692167 -0.780848 0.438797
v -1.565037 -0.895984 0.364017
v -1.615924 -0.866625 0.382996
v -1.664389 -0.836291 0.397003
v -1.711653 -0.807717 0.402539
v -1.844906 -0.632680 0.450808
v -1.852712 -0.687783 0.405505
v -1.853677 -0.739528 0.358569
v -1.848327 -0.788100 0.309657
v -1.790615 -0.674778 0.463696
v -1.802732 -0.718413 0.422485
v -1.807851 -0.761791 0.379084
v -1.804519 -0.804664 0.334472
v -1.733170 -0.713950 0.471499
v -1.749203 -0.749570 0.433936
v -1.760032 -0.783830 0.395051
v -1.760634 -0.817968 0.356901
v -1.618433 -0.660139 0.671770
v -1.401358 -0.817299 0.584399
v -1.428856 -0.755569 0.620405
v -1.452073 -0.704905 0.657915
v -1.473637 -0.681120 0.718639
v -1.489749 -0.753294 0.553234
v -1.496523 -0.711765 0.589935
v -1.515082 -0.698187 0.646667
v -1.531712 -0.676130 0.702301
v -1.563365 -0.709351 0.539738
v -1.565992 -0.697118 0.587846
v -1.572963 -0.686321 0.638113
v -1.582748 -0.668101 0.685457
v -1.467495 -0.559767 0.889680
v -1.564555 -0.569018 0.850598
v -1.641465 -0.574763 0.802595
v -1.701658 -0.577894 0.748596
v -1.480780 -0.606508 0.835752
v -1.555885 -0.608661 0.805698
v -1.620470 -0.609780 0.766864
v -1.672733 -0.611282 0.720147
v -1.483531 -0.647866 0.778204
v -1.545451 -0.645555 0.755768
v -1.599915 -0.641640 0.728067
v -1.643171 -0.640224 0.692665
v -1.806568 -0.573230 0.558741
v -1.751654 -0.615632 0.550182
v -1.693280 -0.650926 0.544006
v -1.630808 -0.680576 0.539753
v -1.782691 -0.577290 0.626598
v -1.736699 -0.615513 0.609820
v -1.685465 -0.648697 0.597379
v -1.628754 -0.676048 0.589881
v -1.748079 -0.578863 0.689779
v -1.711073 -0.613765 0.666950
v -1.670281 -0.644238 0.647724
v -1.624756 -0.668793 0.636546
v -0.371668 0.397798 1.040145
v -0.408113 0.366882 1.063850
v -0.454428 0.328871 1.088869
v -0.505645 0.283528 1.112058
v -0.559702 0.230988 1.131256
v -0.617574 0.171442 1.144703
v -0.679107 0.104921 1.150335
v -0.184197 0.377614 0.977716
v -0.206208 0.344586 1.003220
v -0.241156 0.306511 1.033157
v -0.283719 0.262173 1.063547
v -0.330014 0.210941 1.091234
v -0.378402 0.152853 1.114017
v -0.426711 0.088300 1.129769
v 0.034321 0.341558 0.863762
v 0.020476 0.308300 0.889393
v -0.006227 0.271760 0.921960
v -0.040905 0.230318 0.956887
v -0.079285 0.183010 0.990135
v -0.119216 0.129835 1.019094
v -0.158938 0.071234 1.041613
v 0.279011 0.368999 0.929719
v 0.268046 0.329687 0.951342
v 0.245055 0.283100 0.966665
v 0.215208 0.230847 0.975607
v 0.182896 0.174663 0.978174
v 0.149348 0.116153 0.973336
v 0.115007 0.057169 0.959973
v 0.542393 0.403039 1.009330
v 0.529698 0.360249 1.036142
v 0.505822 0.309863 1.059649
v 0.477110 0.253191 1.078585
v 0.448463 0.191692 1.092021
v 0.419872 0.126629 1.098448
v 0.389967 0.059285 1.096135
v 0.814320 0.416129 1.024714
v 0.792713 0.370832 1.058438
v 0.762968 0.318483 1.090294
v 0.732642 0.259863 1.117682
v 0.706158 0.195757 1.139099
v 0.682759 0.127141 1.153374
v 0.659409 0.054979 1.159188
v 1.081655 0.404417 0.973372
v 1.041884 0.358806 1.021944
v 1.002569 0.307828 1.064753
v 0.969558 0.250773 1.099894
v 0.944755 0.187595 1.126843
v 0.927611 0.118803 1.145157
v 0.915125 0.044637 1.154424
v -0.899433 0.635347 -0.806423
v -0.833785 0.689640 -0.778076
v -0.770308 0.736371 -0.742075
v -0.715210 0.774896 -0.698277
v -0.669809 0.805615 -0.647634
v -0.633817 0.828551 -0.591742
v -0.606528 0.843650 -0.532078
v -0.621961 0.665699 -0.836479
v -0.581398 0.703062 -0.799201
v -0.531833 0.737672 -0.754423
v -0.482515 0.767116 -0.702911
v -0.439095 0.790388 -0.646106
v -0.403049 0.807041 -0.585498
v -0.375072 0.853119 -0.546535
v -0.342070 0.646741 -0.807210
v -0.314496 0.674376 -0.768099
v -0.274510 0.698364 -0.719778
v -0.230163 0.717241 -0.664211
v -0.188196 0.730362 -0.603949
v -0.151568 0.766940 -0.563041
v -0.121857 0.820379 -0.531184
v -0.073238 0.579923 -0.726279
v -0.049601 0.604597 -0.692855
v -0.013119 0.627251 -0.652284
v 0.029738 0.646798 -0.605690
v 0.073014 0.663074 -0.554944
v 0.112778 0.695071 -0.515834
v 0.145723 0.738098 -0.481927
v 0.174434 0.605345 -0.749345
v 0.199812 0.625526 -0.714092
v 0.238920 0.646006 -0.673893
v 0.285899 0.698045 -0.657876
v 0.335422 0.751208 -0.634779
v 0.382508 0.800501 -0.601444
v 0.422029 0.842815 -0.557370
v 0.396046 0.624195 -0.766167
v 0.428434 0.664589 -0.755375
v 0.475036 0.710345 -0.740789
v 0.530079 0.758193 -0.718991
v 0.588832 0.805129 -0.687685
v 0.647351 0.848453 -0.645687
v 0.699850 0.885672 -0.592835
v 0.584840 0.674279 -0.819735
v 0.630734 0.703923 -0.800309
v 0.688351 0.736430 -0.774263
v 0.752504 0.773184 -0.743631
v 0.820789 0.809815 -0.704803
v 0.893492 0.841520 -0.654333
v 0.968091 0.865713 -0.591208
v -0.921219 -0.406158 -0.977879
v -0.879739 -0.345723 -0.984748
v -0.839161 -0.283189 -0.984601
v -0.805222 -0.219590 -0.977301
v -0.779643 -0.155585 -0.962767
v -0.761758 -0.091883 -0.940499
v -0.749297 -0.031468 -0.941456
v -0.651698 -0.392535 -0.960823
v -0.629602 -0.339845 -0.967636
v -0.599558 -0.283066 -0.972704
v -0.569031 -0.223167 -0.972263
v -0.542365 -0.161422 -0.964314
v -0.518818 -0.099511 -0.948709
v -0.495542 -0.039654 -0.931773
v -0.381979 -0.407294 -1.021216
v -0.368787 -0.355536 -1.021908
v -0.344539 -0.298152 -1.019839
v -0.315574 -0.236836 -1.012839
v -0.286764 -0.173549 -0.999521
v -0.258103 -0.110293 -0.979318
v -0.228565 -0.052102 -0.994643
v -0.119464 -0.399413 -1.016407
v -0.108120 -0.349953 -1.013973
v -0.084861 -0.296406 -1.012852
v -0.055083 -0.247011 -1.041561
v -0.022783 -0.192065 -1.067298
v 0.010828 -0.132074 -1.088335
v 0.045337 -0.067684 -1.103376
v 0.125088 -0.400466 -1.033789
v 0.139105 -0.361231 -1.055499
v 0.166082 -0.316278 -1.078810
v 0.201068 -0.265299 -1.101037
v 0.239736 -0.208310 -1.119863
v 0.279921 -0.145848 -1.133531
v 0.319856 -0.078749 -1.140613
v 0.344620 -0.403864 -1.054074
v 0.366714 -0.366121 -1.071349
v 0.401759 -0.321849 -1.087513
v 0.444398 -0.271194 -1.100738
v 0.490716 -0.214529 -1.109502
v 0.539046 -0.152612 -1.112327
v 0.587187 -0.086580 -1.108138
v 0.532320 -0.396493 -1.036334
v 0.568739 -0.360884 -1.044905
v 0.614978 -0.317949 -1.050397
v 0.666028 -0.268737 -1.051747
v 0.719775 -0.214558 -1.049091
v 0.777623 -0.163056 -1.087802
v 0.839300 -0.102392 -1.120702
v -1.160949 -0.692491 0.809741
v -1.187723 -0.870073 0.676762
v -1.095179 -0.851653 0.727276
v -1.012766 -0.822355 0.768420
v -0.935740 -0.787017 0.800614
v -1.274916 -0.799106 0.696445
v -1.197473 -0.794520 0.736534
v -1.121812 -0.779114 0.773038
v -1.047968 -0.755377 0.804808
v -1.325845 -0.732003 0.716587
v -1.258790 -0.736139 0.749402
v -1.188935 -0.732851 0.779605
v -1.121787 -0.720000 0.807144
v -0.691021 -0.670345 0.841275
v -0.788518 -0.659338 0.858434
v -0.878163 -0.638914 0.869212
v -0.964030 -0.612694 0.873082
v -0.779603 -0.709300 0.837962
v -0.890884 -0.693517 0.849619
v -0.983487 -0.668662 0.854213
v -1.066382 -0.640633 0.852065
v -0.859450 -0.748617 0.823956
v -0.973950 -0.725869 0.830753
v -1.059553 -0.696563 0.832235
v -1.129979 -0.668865 0.828453
v -1.239479 -0.556731 0.894849
v -1.313706 -0.603969 0.855415
v -1.347602 -0.645579 0.803565
v -1.348293 -0.678370 0.746662
v -1.138138 -0.560714 0.864587
v -1.228813 -0.603806 0.844028
v -1.275048 -0.641147 0.804486
v -1.283378 -0.681101 0.767805
v -1.049159 -0.584128 0.868068
v -1.146902 -0.613916 0.841033
v -1.201797 -0.648237 0.814633
v -1.216142 -0.688476 0.793068
v -0.754029 -0.043510 1.136190
v -0.766295 -0.115372 1.119072
v -0.783248 -0.181459 1.095396
v -0.807868 -0.241994 1.065382
v -0.840692 -0.296880 1.029137
v -0.879819 -0.346426 0.986746
v -0.919376 -0.391342 0.939523
v -0.498364 -0.053115 1.131523
v -0.521547 -0.122445 1.118590
v -0.544790 -0.187940 1.099306
v -0.571118 -0.249055 1.074852
v -0.601279 -0.305173 1.046102
v -0.630858 -0.355677 1.014030
v -0.652306 -0.399822 0.980556
v -0.229046 -0.056709 1.059736
v -0.258815 -0.120720 1.055358
v -0.287270 -0.182315 1.044210
v -0.315775 -0.240561 1.027813
v -0.344342 -0.294485 1.007373
v -0.368085 -0.342750 0.983291
v -0.380669 -0.384042 0.956260
v 0.045651 -0.057012 0.957836
v 0.011415 -0.112461 0.946669
v -0.021938 -0.164827 0.927796
v -0.054089 -0.216588 0.917430
v -0.083809 -0.265908 0.906984
v -0.106693 -0.310159 0.890998
v -0.117585 -0.347719 0.869068
v 0.319666 -0.073349 1.069477
v 0.279890 -0.136156 1.064268
v 0.239845 -0.194736 1.050260
v 0.201310 -0.247958 1.029579
v 0.166459 -0.295269 1.004792
v 0.139595 -0.337036 0.979571
v 0.125642 -0.374230 0.958063
v 0.587428 -0.088920 1.137563
v 0.539047 -0.152629 1.112453
v 0.490708 -0.213915 1.106375
v 0.444393 -0.269297 1.092917
v 0.401771 -0.318133 1.074344
v 0.366753 -0.360469 1.053470
v 0.344682 -0.396866 1.033716
v 0.839723 -0.104718 1.147958
v 0.778082 -0.169433 1.131071
v 0.720177 -0.225943 1.106025
v 0.666253 -0.281026 1.101857
v 0.615090 -0.329807 1.092167
v 0.568787 -0.371480 1.078370
v 0.532333 -0.406104 1.064383
v -0.606090 0.812146 0.511129
v -0.633338 0.800993 0.571019
v -0.669329 0.783909 0.629333
v -0.714799 0.760567 0.684847
v -0.770091 0.730615 0.736143
v -0.833976 0.693513 0.782405
v -0.900364 0.649652 0.823542
v -0.374528 0.783312 0.499939
v -0.402737 0.777537 0.563252
v -0.438754 0.766763 0.626202
v -0.482195 0.750738 0.687652
v -0.531620 0.729467 0.746075
v -0.581411 0.703450 0.799626
v -0.622327 0.674549 0.846714
v -0.121571 0.703583 0.453154
v -0.151274 0.706467 0.517519
v -0.187990 0.705120 0.582814
v -0.229936 0.698952 0.647365
v -0.274327 0.687722 0.709132
v -0.314431 0.671471 0.764989
v -0.342187 0.651139 0.812174
v 0.145674 0.720192 0.469981
v 0.112770 0.677826 0.502908
v 0.073097 0.631011 0.528327
v 0.030038 0.598907 0.562152
v -0.012840 0.599744 0.625207
v -0.049453 0.593753 0.681439
v -0.073256 0.581023 0.727503
v 0.421543 0.787447 0.520581
v 0.382196 0.747690 0.562098
v 0.335297 0.704437 0.596287
v 0.285926 0.659352 0.623102
v 0.239046 0.614594 0.643366
v 0.200169 0.572718 0.659144
v 0.175029 0.536469 0.673408
v 0.698313 0.793809 0.532237
v 0.646284 0.761584 0.581427
v 0.588198 0.726568 0.623464
v 0.529773 0.689621 0.657794
v 0.474952 0.652237 0.684733
v 0.428478 0.616324 0.705486
v 0.396145 0.584087 0.722165
v 0.964453 0.739708 0.508958
v 0.891105 0.723833 0.567725
v 0.819275 0.702952 0.617669
v 0.751585 0.678279 0.658962
v 0.687797 0.651531 0.692318
v 0.630395 0.624856 0.718534
v 0.584668 0.610347 0.749696
v 1.423729 -1.097845 0.331148
v 1.227469 -1.087540 0.111529
v 1.359004 -1.122607 0.146980
v 1.464438 -1.134580 0.183348
v 1.551978 -1.130262 0.222197
v 1.180836 -1.065681 0.173008
v 1.315614 -1.107687 0.201198
v 1.422313 -1.123969 0.230889
v 1.507558 -1.122717 0.265676
v 1.146191 -1.041551 0.231121
v 1.280900 -1.088142 0.254817
v 1.384315 -1.108382 0.276657
v 1.461547 -1.110456 0.304246
v 1.740094 -1.048234 0.359812
v 1.664306 -1.052054 0.402117
v 1.580514 -1.049790 0.433443
v 1.487139 -1.040325 0.453327
v 1.688808 -1.085359 0.311019
v 1.627007 -1.083724 0.354166
v 1.553777 -1.077648 0.387894
v 1.468392 -1.066419 0.409111
v 1.626281 -1.113219 0.264849
v 1.575207 -1.108274 0.307534
v 1.515521 -1.098866 0.343028
v 1.445256 -1.086183 0.365625
v 1.113527 -0.931335 0.435723
v 1.108311 -0.960546 0.388229
v 1.110812 -0.988462 0.338387
v 1.122904 -1.015477 0.286093
v 1.258735 -0.987730 0.455767
v 1.250959 -1.016103 0.408489
v 1.249221 -1.041753 0.358913
v 1.258001 -1.065637 0.307488
v 1.381388 -1.021319 0.460978
v 1.368925 -1.048036 0.415573
v 1.358436 -1.070219 0.369091
v 1.359771 -1.089686 0.322375
v 2.181652 -0.727604 0.330220
v 2.203217 -0.584923 0.509921
v 2.165569 -0.638487 0.491392
v 2.125771 -0.686705 0.467817
v 2.083916 -0.729448 0.438959
v 2.240503 -0.600607 0.453668
v 2.202453 -0.648468 0.442056
v 2.162657 -0.692717 0.424549
v 2.122821 -0.732616 0.399445
v 2.269966 -0.614468 0.393534
v 2.232265 -0.657811 0.388063
v 2.193414 -0.696755 0.378846
v 2.157211 -0.731369 0.360814
v 1.985501 -0.879585 0.340247
v 2.033311 -0.844071 0.289885
v 2.076237 -0.803281 0.245800
v 2.135925 -0.780598 0.211562
v 2.012993 -0.821750 0.375665
v 2.050670 -0.797830 0.327295
v 2.102293 -0.784219 0.289592
v 2.155894 -0.763837 0.256671
v 2.040420 -0.766226 0.404659
v 2.084826 -0.766940 0.366031
v 2.128191 -0.760503 0.329237
v 2.171693 -0.744719 0.298518
v 2.299644 -0.656744 0.121547
v 2.306431 -0.648079 0.193437
v 2.303417 -0.638176 0.262714
v 2.291198 -0.626876 0.329614
v 2.247515 -0.708024 0.149080
v 2.259363 -0.694686 0.208721
v 2.261471 -0.681015 0.269379
v 2.252671 -0.668252 0.329870
v 2.192995 -0.748963 0.179271
v 2.208747 -0.733639 0.229700
v 2.216902 -0.717224 0.279985
v 2.213367 -0.703345 0.330159
v 1.425608 -1.121769 -0.338612
v 1.229157 -1.137040 -0.116246
v 1.182448 -1.126078 -0.182429
v 1.147634 -1.109364 -0.246006
v 1.124250 -1.088133 -0.307049
v 1.360757 -1.151954 -0.150486
v 1.317407 -1.145993 -0.207664
v 1.282577 -1.133610 -0.265144
v 1.259598 -1.115860 -0.322307
v 1.465781 -1.148169 -0.185347
v 1.424058 -1.145779 -0.235018
v 1.386145 -1.137437 -0.283600
v 1.361566 -1.123473 -0.332645
v 1.115416 -1.005284 -0.473085
v 1.261021 -1.038955 -0.481670
v 1.383898 -1.053783 -0.477276
v 1.489283 -1.057186 -0.461560
v 1.109923 -1.035822 -0.420847
v 1.252943 -1.068397 -0.431429
v 1.371196 -1.081791 -0.430472
v 1.470506 -1.085170 -0.417179
v 1.112217 -1.063468 -0.365431
v 1.250930 -1.093999 -0.378119
v 1.360406 -1.104907 -0.382118
v 1.447311 -1.107554 -0.373484
v 1.733545 -1.029243 -0.352864
v 1.684826 -1.071348 -0.306832
v 1.624699 -1.105947 -0.263131
v 1.552239 -1.131969 -0.222512
v 1.662111 -1.043849 -0.398689
v 1.625967 -1.079181 -0.352573
v 1.575428 -1.109505 -0.307882
v 1.508794 -1.132485 -0.267884
v 1.581203 -1.053358 -0.435084
v 1.554834 -1.083886 -0.390377
v 1.516996 -1.109532 -0.346552
v 1.463348 -1.128210 -0.309078
v 2.412105 -0.393586 0.336163
v 2.280498 -0.472609 0.513364
v 2.310764 -0.498781 0.456403
v 2.336141 -0.518876 0.395720
v 2.356771 -0.532347 0.331343
v 2.317708 -0.417245 0.497924
v 2.342269 -0.445620 0.447379
v 2.363445 -0.468048 0.392337
v 2.381912 -0.481681 0.333255
v 2.349319 -0.361414 0.476975
v 2.369895 -0.391651 0.432128
v 2.386215 -0.417337 0.384984
v 2.400789 -0.432301 0.335031
v 2.389284 -0.527372 0.122246
v 2.419097 -0.460322 0.150740
v 2.438249 -0.394632 0.182198
v 2.447558 -0.329856 0.216222
v 2.383481 -0.536869 0.194458
v 2.410532 -0.476368 0.210845
v 2.429009 -0.415121 0.233108
v 2.438262 -0.354855 0.261772
v 2.372655 -0.538353 0.264063
v 2.397940 -0.484031 0.272058
v 2.415927 -0.429441 0.283977
v 2.425224 -0.377218 0.304055
v 2.416803 -0.140119 0.333024
v 2.409087 -0.194683 0.378375
v 2.395314 -0.249711 0.417208
v 2.375278 -0.305305 0.450147
v 2.437192 -0.202762 0.291582
v 2.427800 -0.244172 0.336469
v 2.413261 -0.289434 0.376083
v 2.393688 -0.338747 0.408671
v 2.447277 -0.265989 0.252781
v 2.437744 -0.297658 0.296991
v 2.423770 -0.331235 0.336875
v 2.406051 -0.370045 0.368190
v 1.254589 -0.347870 0.970366
v 0.802163 -0.426714 1.067623
v 0.903645 -0.442184 1.049443
v 0.998006 -0.456908 1.022263
v 1.088965 -0.467174 0.986824
v 0.881870 -0.389360 1.059621
v 0.996788 -0.400280 1.031671
v 1.093482 -0.409762 0.997415
v 1.179994 -0.413465 0.958445
v 0.950570 -0.345227 1.046874
v 1.068914 -0.355083 1.011547
v 1.158616 -0.364047 0.975095
v 1.232327 -0.373737 0.957566
v 1.379583 -0.460886 0.877383
v 1.430284 -0.406071 0.906241
v 1.444748 -0.352567 0.935639
v 1.429855 -0.301194 0.965289
v 1.273665 -0.459015 0.897056
v 1.347533 -0.414835 0.920181
v 1.377500 -0.367692 0.944211
v 1.369801 -0.321511 0.969535
v 1.179356 -0.468025 0.943789
v 1.263717 -0.414259 0.931253
v 1.305470 -0.375703 0.951309
v 1.306477 -0.337799 0.971168
v 1.209718 -0.159307 1.037638
v 1.138890 -0.208156 1.046003
v 1.074967 -0.255178 1.044807
v 1.013467 -0.298778 1.036278
v 1.315997 -0.205168 1.019962
v 1.252381 -0.240241 1.014610
v 1.190847 -0.275158 1.003257
v 1.130339 -0.309834 0.990259
v 1.387651 -0.252184 0.994119
v 1.328454 -0.278949 0.994067
v 1.267769 -0.304745 0.989533
v 1.210400 -0.331149 0.979643
v 1.961433 -0.363479 -0.798077
v 2.053724 -0.413222 -0.606162
v 2.007066 -0.432287 -0.641303
v 1.956656 -0.446841 -0.674304
v 1.901189 -0.456796 -0.705005
v 2.070159 -0.375739 -0.659672
v 2.024910 -0.397296 -0.687930
v 1.976318 -0.414188 -0.715617
v 1.924430 -0.424807 -0.743527
v 2.079706 -0.335007 -0.711185
v 2.036300 -0.359216 -0.733550
v 1.991239 -0.379429 -0.753952
v 1.946056 -0.391396 -0.775963
v 1.683343 -0.454719 -0.781173
v 1.753331 -0.414626 -0.828360
v 1.817365 -0.368443 -0.863973
v 1.875507 -0.317364 -0.889392
v 1.766784 -0.461602 -0.759027
v 1.811871 -0.424373 -0.800762
v 1.860060 -0.382089 -0.833810
v 1.909427 -0.335985 -0.856917
v 1.838999 -0.461815 -0.733448
v 1.869577 -0.427942 -0.772247
v 1.902906 -0.390816 -0.803567
v 1.939821 -0.352100 -0.824244
v 2.038915 -0.144410 -0.904504
v 2.062001 -0.195395 -0.857705
v 2.076054 -0.244331 -0.809954
v 2.081921 -0.290991 -0.761145
v 1.984848 -0.204684 -0.910425
v 2.011575 -0.241019 -0.868623
v 2.030089 -0.279325 -0.824383
v 2.038745 -0.319122 -0.778952
v 1.930768 -0.262566 -0.904980
v 1.960263 -0.288348 -0.868518
v 1.983508 -0.314959 -0.830087
v 1.995686 -0.344844 -0.791357
v 2.231312 -0.166205 0.614226
v 2.220624 -0.389416 0.606460
v 2.262675 -0.343571 0.582354
v 2.296797 -0.293895 0.556376
v 2.322764 -0.240428 0.528900
v 2.193132 -0.336116 0.639923
v 2.233200 -0.299572 0.615598
v 2.266348 -0.258095 0.589715
v 2.290732 -0.210999 0.564059
v 2.163646 -0.281872 0.665782
v 2.202566 -0.252985 0.642137
v 2.235103 -0.221736 0.616980
v 2.257751 -0.184948 0.593891
v 2.354850 -0.060249 0.444628
v 2.332600 -0.047773 0.514847
v 2.300964 -0.040668 0.578491
v 2.261043 -0.038298 0.635828
v 2.347672 -0.123461 0.470983
v 2.309538 -0.103842 0.519599
v 2.283699 -0.092316 0.575604
v 2.248781 -0.087994 0.626918
v 2.339845 -0.183487 0.500495
v 2.304405 -0.158776 0.540443
v 2.266039 -0.140187 0.577038
v 2.234564 -0.132545 0.616590
v 2.093191 -0.059553 0.767653
v 2.100941 -0.119569 0.737324
v 2.106740 -0.172871 0.702275
v 2.132150 -0.226828 0.683934
v 2.157485 -0.047598 0.731113
v 2.156103 -0.103026 0.709009
v 2.155415 -0.154050 0.680605
v 2.172250 -0.203641 0.660483
v 2.213272 -0.040676 0.686846
v 2.205803 -0.092034 0.671845
v 2.198565 -0.139159 0.652059
v 2.207088 -0.182298 0.635320
v 2.240678 -0.167758 -0.621032
v 2.141942 -0.352061 -0.549295
v 2.151864 -0.318596 -0.607069
v 2.157982 -0.279800 -0.660855
v 2.160471 -0.235152 -0.710642
v 2.182020 -0.311456 -0.529019
v 2.188431 -0.283352 -0.583071
v 2.192042 -0.249678 -0.633734
v 2.194048 -0.209039 -0.679380
v 2.217208 -0.268283 -0.508584
v 2.221087 -0.244783 -0.559879
v 2.221642 -0.218240 -0.607201
v 2.221938 -0.185313 -0.647077
v 2.151490 -0.062258 -0.831698
v 2.200306 -0.048306 -0.772093
v 2.239689 -0.040639 -0.708948
v 2.270597 -0.038230 -0.642770
v 2.156864 -0.126802 -0.796477
v 2.198274 -0.106696 -0.748805
v 2.233417 -0.093600 -0.694861
v 2.261446 -0.088549 -0.636120
v 2.159981 -0.184188 -0.755913
v 2.196099 -0.160842 -0.717879
v 2.226597 -0.142710 -0.675174
v 2.250473 -0.134208 -0.628148
v 2.312109 -0.058784 -0.425319
v 2.294981 -0.118279 -0.445971
v 2.273532 -0.172363 -0.467016
v 2.247667 -0.222125 -0.487820
v 2.307287 -0.047430 -0.501242
v 2.292557 -0.102617 -0.510317
v 2.273325 -0.154380 -0.522855
v 2.249500 -0.201990 -0.539209
v 2.293224 -0.040677 -0.573640
v 2.281336 -0.092194 -0.574118
v 2.265911 -0.140172 -0.576956
v 2.246377 -0.182774 -0.586326
v 1.760405 0.626752 0.638925
v 1.599207 0.501455 0.772385
v 1.688345 0.508846 0.741927
v 1.762485 0.520521 0.714868
v 1.828024 0.537020 0.690261
v 1.613433 0.546696 0.736517
v 1.686852 0.555793 0.722961
v 1.749907 0.562809 0.698932
v 1.801359 0.568988 0.665738
v 1.622777 0.594907 0.708566
v 1.683865 0.599182 0.696516
v 1.737278 0.600747 0.677743
v 1.779764 0.603549 0.651497
v 1.991143 0.596981 0.580712
v 1.920929 0.626056 0.558698
v 1.847837 0.641815 0.537344
v 1.788312 0.674607 0.535756
v 1.944842 0.578828 0.628238
v 1.890055 0.606676 0.601549
v 1.829099 0.623603 0.576806
v 1.777434 0.653791 0.573477
v 1.890402 0.558952 0.665126
v 1.849133 0.585842 0.636224
v 1.808678 0.611741 0.616627
v 1.769473 0.639871 0.612037
v 1.541308 0.714084 0.522285
v 1.573910 0.689517 0.574687
v 1.602306 0.667648 0.626946
v 1.619049 0.635789 0.671707
v 1.640178 0.718436 0.532031
v 1.649994 0.689062 0.574341
v 1.664861 0.667092 0.621156
v 1.676602 0.636942 0.662377
v 1.721676 0.703521 0.536065
v 1.718168 0.676713 0.573614
v 1.721278 0.657941 0.614993
v 1.726505 0.632870 0.650210
v 1.321506 0.691351 -0.808473
v 1.400371 0.557687 -0.896857
v 1.303701 0.589829 -0.922413
v 1.213705 0.620958 -0.933180
v 1.127028 0.651049 -0.931686
v 1.472143 0.596172 -0.841887
v 1.390987 0.611505 -0.856967
v 1.310482 0.637363 -0.877518
v 1.228770 0.664923 -0.885749
v 1.508039 0.644781 -0.802476
v 1.434820 0.636725 -0.798467
v 1.363575 0.656625 -0.825774
v 1.291395 0.678628 -0.840550
v 0.852113 0.705836 -0.881946
v 0.940543 0.728639 -0.858823
v 1.020105 0.748740 -0.824079
v 1.095866 0.764812 -0.780172
v 0.949931 0.696323 -0.903542
v 1.052041 0.714475 -0.873504
v 1.134691 0.728972 -0.834012
v 1.208062 0.740031 -0.790067
v 1.040154 0.677302 -0.920697
v 1.145079 0.691891 -0.883004
v 1.220540 0.703857 -0.840474
v 1.282036 0.712715 -0.799668
v 1.340647 0.768342 -0.606919
v 1.427040 0.724915 -0.640241
v 1.482381 0.707101 -0.694850
v 1.509999 0.683098 -0.751716
v 1.252272 0.779448 -0.672232
v 1.353930 0.740243 -0.692452
v 1.415410 0.702058 -0.718437
v 1.441752 0.667419 -0.752934
v 1.171888 0.776743 -0.730139
v 1.280683 0.744875 -0.742937
v 1.347905 0.712082 -0.759825
v 1.376052 0.682167 -0.786116
v 2.072150 0.590755 -0.160915
v 2.148336 0.465343 -0.054664
v 2.144724 0.477145 -0.107603
v 2.157104 0.501814 -0.162953
v 2.162011 0.525462 -0.219528
v 2.109075 0.503003 -0.048860
v 2.109973 0.511625 -0.097205
v 2.123319 0.532883 -0.147426
v 2.128461 0.554448 -0.197831
v 2.065697 0.533253 -0.045420
v 2.074890 0.542883 -0.090348
v 2.089994 0.559801 -0.135002
v 2.096255 0.576993 -0.176667
v 2.125960 0.597481 -0.397951
v 2.087194 0.629015 -0.341063
v 2.049212 0.649209 -0.283146
v 2.011415 0.659624 -0.225403
v 2.147239 0.572672 -0.337271
v 2.109983 0.602759 -0.295677
v 2.073228 0.623262 -0.249356
v 2.037769 0.633841 -0.200085
v 2.158866 0.548883 -0.277565
v 2.123930 0.577723 -0.247503
v 2.089774 0.598458 -0.214072
v 2.058869 0.609191 -0.177211
v 1.923535 0.680820 -0.058047
v 1.959783 0.637491 -0.049631
v 1.985911 0.590390 -0.045026
v 2.018749 0.555974 -0.043773
v 1.932823 0.653834 -0.110714
v 1.970015 0.626542 -0.097865
v 2.005648 0.599145 -0.090350
v 2.040169 0.571561 -0.087790
v 1.972973 0.661061 -0.167987
v 2.003649 0.634594 -0.149144
v 2.031967 0.608435 -0.135399
v 2.059437 0.583796 -0.129581
v 1.524757 0.740404 -0.128263
v 1.763764 0.804520 -0.059572
v 1.721382 0.774590 -0.108334
v 1.672867 0.738693 -0.145169
v 1.636354 0.753868 -0.191702
v 1.708323 0.827901 -0.051589
v 1.677912 0.797131 -0.096152
v 1.637436 0.761158 -0.130516
v 1.592147 0.740851 -0.161182
v 1.644320 0.837188 -0.046940
v 1.623977 0.806708 -0.087779
v 1.593986 0.772058 -0.119076
v 1.552437 0.734203 -0.139079
v 1.395155 0.746851 -0.318602
v 1.340572 0.779339 -0.275797
v 1.298723 0.797487 -0.229261
v 1.268356 0.800030 -0.180948
v 1.503908 0.755726 -0.278563
v 1.452955 0.732541 -0.225847
v 1.413688 0.716540 -0.180570
v 1.387549 0.720910 -0.146378
v 1.582145 0.761125 -0.236973
v 1.536590 0.744425 -0.196806
v 1.497501 0.722727 -0.159351
v 1.472564 0.711922 -0.131163
v 1.229202 0.732810 -0.040698
v 1.364477 0.750903 -0.040530
v 1.477055 0.803610 -0.042625
v 1.568743 0.830406 -0.044249
v 1.235900 0.765405 -0.085155
v 1.365291 0.720398 -0.076299
v 1.472395 0.773347 -0.080041
v 1.556768 0.800271 -0.082790
v 1.248173 0.788637 -0.132359
v 1.371661 0.709617 -0.109857
v 1.468490 0.740857 -0.109893
v 1.539879 0.767386 -0.112328
v 1.847413 0.757148 -0.340759
v 1.826691 0.712679 -0.113322
v 1.865888 0.706993 -0.163860
v 1.908977 0.710812 -0.219805
v 1.947570 0.708558 -0.277920
v 1.792456 0.726005 -0.158788
v 1.837000 0.730733 -0.202989
v 1.877178 0.732010 -0.250957
v 1.912008 0.729482 -0.302894
v 1.764407 0.748878 -0.208440
v 1.807441 0.750630 -0.245426
v 1.845840 0.749470 -0.283721
v 1.876128 0.746425 -0.325105
v 2.036787 0.665490 -0.473814
v 1.973858 0.702968 -0.482584
v 1.906972 0.733880 -0.484336
v 1.835875 0.757844 -0.479719
v 2.011810 0.686026 -0.404465
v 1.960396 0.714573 -0.420201
v 1.903303 0.739624 -0.428032
v 1.841630 0.759992 -0.426698
v 1.981839 0.700344 -0.339267
v 1.939830 0.723565 -0.359633
v 1.894143 0.743432 -0.373768
v 1.845812 0.759395 -0.377062
v 1.575325 0.776867 -0.422719
v 1.634758 0.781177 -0.366142
v 1.687185 0.777257 -0.311616
v 1.730027 0.766115 -0.259125
v 1.673315 0.781496 -0.450241
v 1.707111 0.781816 -0.394765
v 1.742356 0.776775 -0.341241
v 1.776012 0.766207 -0.291228
v 1.759159 0.774261 -0.468477
v 1.776229 0.774473 -0.415161
v 1.795440 0.770732 -0.364405
v 1.817610 0.762542 -0.320010
v 1.802821 0.702559 -0.713500
v 2.030002 0.635561 -0.616403
v 1.994159 0.629488 -0.682254
v 1.947604 0.621087 -0.742062
v 1.889628 0.610459 -0.795073
v 1.966683 0.681376 -0.603889
v 1.943369 0.671239 -0.661979
v 1.908494 0.659205 -0.716955
v 1.860356 0.646896 -0.765964
v 1.898762 0.717922 -0.593000
v 1.885387 0.706595 -0.644848
v 1.864020 0.692549 -0.693954
v 1.829559 0.679454 -0.736699
v 1.629629 0.562750 -0.895680
v 1.645619 0.615447 -0.850583
v 1.650633 0.663817 -0.799180
v 1.642068 0.704251 -0.742587
v 1.733336 0.582286 -0.874559
v 1.726556 0.626500 -0.833616
v 1.717652 0.669636 -0.786537
v 1.704960 0.707439 -0.734199
v 1.818969 0.597825 -0.839895
v 1.798799 0.636376 -0.805328
v 1.778550 0.673214 -0.766923
v 1.761689 0.706234 -0.723607
v 1.551112 0.762964 -0.551701
v 1.655237 0.769778 -0.563260
v 1.745540 0.762926 -0.573494
v 1.825559 0.745217 -0.583030
v 1.589030 0.753537 -0.618998
v 1.671503 0.757051 -0.621040
v 1.748766 0.750364 -0.624983
v 1.820320 0.733513 -0.632236
v 1.620953 0.734325 -0.682369
v 1.689221 0.736753 -0.678309
v 1.753487 0.732028 -0.675351
v 1.812547 0.718043 -0.678283
v 1.316792 0.635195 0.746021
v 0.850994 0.615379 0.778287
v 0.947978 0.601297 0.787643
v 1.036904 0.584086 0.795681
v 1.122477 0.576592 0.817922
v 0.938905 0.618164 0.739651
v 1.049666 0.615764 0.761012
v 1.141807 0.610982 0.782726
v 1.224192 0.600805 0.796835
v 1.018155 0.641105 0.716274
v 1.132202 0.641402 0.742039
v 1.217264 0.632185 0.759510
v 1.286883 0.620822 0.768920
v 1.393252 0.529175 0.836981
v 1.462750 0.563137 0.784565
v 1.494751 0.595632 0.735390
v 1.497484 0.626900 0.691643
v 1.296700 0.548313 0.839958
v 1.384025 0.576258 0.797732
v 1.428330 0.604160 0.754135
v 1.435888 0.632221 0.714674
v 1.207713 0.564268 0.832956
v 1.304420 0.588800 0.801950
v 1.357580 0.611960 0.766443
v 1.370481 0.634870 0.733996
v 1.337193 0.722892 0.575715
v 1.248958 0.712220 0.620981
v 1.169089 0.693348 0.660149
v 1.093593 0.669176 0.692134
v 1.423140 0.690987 0.614539
v 1.349931 0.688511 0.650436
v 1.277236 0.678638 0.684706
v 1.205237 0.662576 0.715659
v 1.474318 0.658332 0.652279
v 1.410487 0.660458 0.680642
v 1.343475 0.657405 0.707754
v 1.278459 0.648231 0.733488
v 1.548643 0.892913 0.163333
v 1.400151 0.793830 0.340354
v 1.519234 0.849941 0.319498
v 1.609566 0.879888 0.284304
v 1.678807 0.892287 0.239355
v 1.341311 0.788498 0.279521
v 1.467866 0.850903 0.271988
v 1.562647 0.884460 0.247493
v 1.632269 0.899284 0.210467
v 1.297541 0.778849 0.222869
v 1.426389 0.846459 0.223669
v 1.520775 0.882531 0.209478
v 1.585440 0.898640 0.183170
v 1.790049 0.859048 0.064546
v 1.726823 0.876868 0.054980
v 1.656931 0.883452 0.049394
v 1.577010 0.875783 0.046356
v 1.767887 0.880393 0.127663
v 1.712027 0.893423 0.110591
v 1.647587 0.897253 0.098650
v 1.572390 0.888754 0.091937
v 1.731051 0.891819 0.186553
v 1.681252 0.901427 0.163641
v 1.625167 0.902633 0.144764
v 1.561173 0.893823 0.133564
v 1.230287 0.757065 0.042184
v 1.235770 0.762491 0.084786
v 1.246859 0.760407 0.126805
v 1.266819 0.770577 0.172976
v 1.367959 0.799312 0.043192
v 1.372044 0.816005 0.087361
v 1.380156 0.828420 0.131781
v 1.396860 0.838319 0.176870
v 1.482406 0.849859 0.044870
v 1.482592 0.863984 0.089524
v 1.482796 0.871932 0.132106
v 1.491818 0.877038 0.171563
v 1.866788 0.791810 0.356952
v 1.579956 0.798166 0.434160
v 1.675483 0.788626 0.454223
v 1.755913 0.766289 0.463806
v 1.823439 0.734251 0.465182
v 1.648470 0.832649 0.391667
v 1.718314 0.815057 0.412092
v 1.782912 0.790151 0.423809
v 1.841317 0.759409 0.426361
v 1.711837 0.853270 0.345165
v 1.763481 0.832238 0.367016
v 1.811757 0.806869 0.382373
v 1.856794 0.779424 0.387621
v 2.015214 0.642825 0.457922
v 1.993634 0.665497 0.392308
v 1.974639 0.691661 0.334990
v 1.964540 0.730538 0.286690
v 1.941210 0.662225 0.455285
v 1.938826 0.686859 0.403722
v 1.939556 0.723199 0.359447
v 1.931659 0.757271 0.314566
v 1.881214 0.694837 0.459188
v 1.893455 0.724678 0.419160
v 1.899884 0.752170 0.378372
v 1.896465 0.778643 0.339424
v 1.889195 0.815301 0.131318
v 1.855177 0.841397 0.186864
v 1.814956 0.856725 0.241888
v 1.767269 0.860958 0.294931
v 1.922099 0.792416 0.184633
v 1.888169 0.817205 0.227727
v 1.849947 0.833141 0.273240
v 1.807864 0.838572 0.320072
v 1.947046 0.764175 0.236641
v 1.914141 0.788931 0.270513
v 1.878451 0.806384 0.305188
v 1.842920 0.813412 0.341882
v 2.107388 0.622558 0.170132
v 2.134170 0.604371 0.402695
v 2.170949 0.591088 0.348825
v 2.197206 0.576549 0.292808
v 2.213926 0.560553 0.235421
v 2.094482 0.635920 0.344976
v 2.130624 0.620787 0.305262
v 2.157629 0.604777 0.260392
v 2.174354 0.588679 0.211298
v 2.055781 0.656105 0.286342
v 2.091564 0.641112 0.257195
v 2.119496 0.625000 0.224769
v 2.136227 0.609971 0.187786
v 2.208764 0.501743 0.058684
v 2.161611 0.539239 0.052035
v 2.112874 0.570617 0.048096
v 2.062510 0.595955 0.046397
v 2.219519 0.523495 0.118000
v 2.174970 0.556919 0.105520
v 2.128793 0.585623 0.096838
v 2.081895 0.609592 0.093033
v 2.221242 0.543023 0.176967
v 2.179736 0.573065 0.159038
v 2.137875 0.597952 0.144237
v 2.097616 0.618457 0.137068
v 1.959611 0.729451 0.062725
v 1.983700 0.719570 0.122913
v 2.003469 0.698483 0.178229
v 2.018690 0.667957 0.228454
v 1.993403 0.677649 0.052910
v 2.011064 0.674676 0.105759
v 2.026255 0.660209 0.155590
v 2.054593 0.651777 0.206274
v 2.019028 0.625183 0.047463
v 2.034675 0.629425 0.094743
v 2.059376 0.636601 0.141798
v 2.086124 0.635915 0.185721
v 2.282900 0.344630 -0.285937
v 2.324771 0.129246 -0.304832
v 2.324618 0.187787 -0.348414
v 2.316214 0.247184 -0.384361
v 2.300447 0.307113 -0.413367
v 2.314647 0.174891 -0.258791
v 2.316039 0.221054 -0.301008
v 2.309734 0.270689 -0.336552
v 2.296248 0.323033 -0.363763
v 2.299860 0.218346 -0.218357
v 2.303018 0.255827 -0.258877
v 2.299589 0.294916 -0.293726
v 2.289576 0.336084 -0.318653
v 2.210226 0.492021 -0.455868
v 2.219166 0.484901 -0.384697
v 2.223880 0.471611 -0.318423
v 2.224083 0.453349 -0.256451
v 2.247884 0.429556 -0.449965
v 2.250421 0.431953 -0.387667
v 2.251070 0.426632 -0.327208
v 2.249667 0.413490 -0.269890
v 2.277732 0.367883 -0.435340
v 2.276273 0.377365 -0.380764
v 2.273135 0.380677 -0.328415
v 2.270012 0.374595 -0.279876
v 2.196132 0.372941 -0.088581
v 2.228926 0.336141 -0.117897
v 2.257054 0.298466 -0.148959
v 2.280654 0.259333 -0.182084
v 2.210269 0.403718 -0.142291
v 2.239271 0.366393 -0.165981
v 2.264463 0.328834 -0.192248
v 2.285756 0.291716 -0.222601
v 2.219626 0.430518 -0.198044
v 2.246025 0.392722 -0.216369
v 2.268129 0.355602 -0.235405
v 2.285875 0.322084 -0.259225
v 2.275756 0.210069 -0.646519
v 2.329103 0.074483 -0.433179
v 2.320677 0.069780 -0.508663
v 2.304732 0.067640 -0.581014
v 2.281250 0.067623 -0.650510
v 2.326438 0.141898 -0.461417
v 2.318345 0.130401 -0.524818
v 2.303655 0.123001 -0.588412
v 2.282073 0.121095 -0.651107
v 2.316708 0.206728 -0.489170
v 2.309769 0.190434 -0.543821
v 2.297722 0.176996 -0.597388
v 2.279746 0.171574 -0.649417
v 2.165377 0.082931 -0.844575
v 2.182959 0.154696 -0.820367
v 2.195989 0.221928 -0.789044
v 2.204764 0.285019 -0.750963
v 2.211866 0.075233 -0.782166
v 2.220588 0.138246 -0.768298
v 2.227836 0.199680 -0.745564
v 2.234034 0.257359 -0.713415
v 2.250327 0.070216 -0.717523
v 2.254009 0.126578 -0.711530
v 2.255949 0.181105 -0.698988
v 2.258792 0.230695 -0.676096
v 2.205691 0.448314 -0.595614
v 2.244660 0.390026 -0.569166
v 2.275930 0.330487 -0.542814
v 2.299891 0.269509 -0.516116
v 2.209922 0.398219 -0.654434
v 2.243402 0.352900 -0.623012
v 2.271919 0.302878 -0.593178
v 2.294353 0.248517 -0.566279
v 2.209564 0.343749 -0.706044
v 2.239623 0.308659 -0.671778
v 2.265368 0.270539 -0.638972
v 2.285403 0.227306 -0.612348
v 2.013211 0.407301 -0.899336
v 2.069372 0.150222 -0.938553
v 2.021497 0.209333 -0.966083
v 1.967257 0.269067 -0.984840
v 1.906027 0.327698 -0.994060
v 2.102088 0.213795 -0.901280
v 2.056486 0.257563 -0.930107
v 2.005146 0.305726 -0.951385
v 1.949674 0.357386 -0.962402
v 2.124246 0.276506 -0.861835
v 2.082031 0.309483 -0.891440
v 2.035182 0.344793 -0.915249
v 1.987040 0.385597 -0.928364
v 1.687327 0.477332 -0.961335
v 1.787269 0.503145 -0.932118
v 1.872180 0.521439 -0.892991
v 1.945073 0.532735 -0.846681
v 1.765137 0.433246 -0.982089
v 1.838832 0.459219 -0.950436
v 1.907695 0.478759 -0.912028
v 1.972093 0.489612 -0.868615
v 1.838641 0.383088 -0.993036
v 1.893651 0.409921 -0.961375
v 1.945139 0.432540 -0.925373
v 1.996226 0.444954 -0.886943
v 2.115458 0.521721 -0.681887
v 2.132188 0.461399 -0.730745
v 2.139132 0.400492 -0.776698
v 2.136569 0.338737 -0.820233
v 2.065500 0.532725 -0.740117
v 2.085514 0.478904 -0.776547
v 2.096434 0.422400 -0.813604
v 2.095931 0.364907 -0.851874
v 2.009095 0.536421 -0.795392
v 2.031939 0.489115 -0.822921
v 2.048282 0.439294 -0.849883
v 2.051793 0.389182 -0.879690
v 1.950779 0.364170 0.805463
v 1.996612 0.135836 0.841142
v 2.037256 0.196397 0.822767
v 2.067003 0.257225 0.798402
v 2.086519 0.318063 0.768801
v 1.946712 0.185670 0.851835
v 1.987544 0.233047 0.835479
v 2.018788 0.283783 0.813109
v 2.038286 0.337300 0.786169
v 1.894199 0.233158 0.853112
v 1.936045 0.271403 0.840047
v 1.969702 0.311049 0.821311
v 1.989776 0.353503 0.798787
v 2.081909 0.498425 0.651737
v 2.019509 0.496747 0.690900
v 1.954531 0.487369 0.723526
v 1.885874 0.470672 0.747773
v 2.094516 0.439120 0.695677
v 2.037246 0.446168 0.724766
v 1.976314 0.444710 0.750993
v 1.912715 0.433458 0.772527
v 2.095733 0.378857 0.734597
v 2.044038 0.392325 0.756546
v 1.989904 0.399353 0.775634
v 1.935622 0.395405 0.792632
v 1.650498 0.406806 0.815514
v 1.711947 0.354137 0.808136
v 1.775295 0.314420 0.823456
v 1.837387 0.276473 0.843984
v 1.728574 0.414572 0.762459
v 1.778733 0.382482 0.794185
v 1.830937 0.347735 0.818988
v 1.883454 0.310133 0.834788
v 1.811874 0.446552 0.761878
v 1.847226 0.412018 0.787679
v 1.883714 0.376183 0.808122
v 1.923250 0.341189 0.820403
v 2.275421 0.209990 0.646276
v 2.112348 0.077039 0.787806
v 2.174241 0.071386 0.746665
v 2.229084 0.068255 0.699865
v 2.277024 0.067261 0.647439
v 2.137721 0.146130 0.774551
v 2.188793 0.132986 0.739016
v 2.236591 0.124076 0.697171
v 2.279836 0.120803 0.649482
v 2.158870 0.212069 0.753398
v 2.202581 0.193729 0.723062
v 2.242789 0.178419 0.688269
v 2.278831 0.171408 0.648752
v 2.379845 0.078731 0.456894
v 2.372089 0.148693 0.484313
v 2.355297 0.215113 0.509825
v 2.329776 0.278212 0.533292
v 2.352520 0.072478 0.526070
v 2.348107 0.134557 0.541557
v 2.335030 0.195581 0.558582
v 2.312737 0.253576 0.577657
v 2.318218 0.068771 0.589526
v 2.317277 0.124792 0.597090
v 2.309646 0.179242 0.605084
v 2.292998 0.229250 0.617451
v 2.201240 0.445928 0.592380
v 2.196924 0.392079 0.644252
v 2.188429 0.335094 0.688218
v 2.175635 0.275105 0.724632
v 2.252902 0.393720 0.574709
v 2.242065 0.352350 0.622041
v 2.229469 0.304939 0.663784
v 2.215915 0.251805 0.698078
v 2.295637 0.337750 0.555059
v 2.281216 0.306098 0.599399
v 2.265164 0.270473 0.638823
v 2.250926 0.228571 0.669927
v 2.359745 0.373389 0.312541
v 2.407480 0.139139 0.333672
v 2.407648 0.190048 0.286751
v 2.400129 0.239608 0.243733
v 2.385156 0.287548 0.203737
v 2.397357 0.200881 0.377815
v 2.398889 0.238378 0.330381
v 2.393408 0.278313 0.286130
v 2.380490 0.320336 0.246418
v 2.378882 0.262500 0.412865
v 2.382302 0.289933 0.366120
v 2.379985 0.318467 0.322115
v 2.370726 0.350790 0.284682
v 2.296649 0.419480 0.098820
v 2.299375 0.447805 0.157174
v 2.296416 0.470992 0.216526
v 2.287735 0.488752 0.277133
v 2.333232 0.377711 0.131723
v 2.332647 0.406750 0.183412
v 2.327557 0.430788 0.236992
v 2.318777 0.447663 0.292912
v 2.362789 0.333750 0.166583
v 2.359980 0.363818 0.212592
v 2.352799 0.389692 0.258103
v 2.343750 0.406378 0.304998
v 2.230309 0.503996 0.467727
v 2.278865 0.444807 0.467506
v 2.319522 0.384659 0.457802
v 2.352788 0.323774 0.439544
v 2.254485 0.505735 0.402476
v 2.294224 0.453971 0.409490
v 2.329129 0.399405 0.406317
v 2.358690 0.343971 0.392071
v 2.273716 0.500400 0.339104
v 2.307589 0.455214 0.350887
v 2.336499 0.408022 0.354926
v 2.360621 0.361304 0.347016
v 1.646971 0.183787 -1.077652
v 1.951490 0.065312 -1.014359
v 1.870583 0.050905 -1.046987
v 1.782737 0.042879 -1.069105
v 1.687397 0.039322 -1.078913
v 1.918732 0.138222 -1.030154
v 1.848426 0.116366 -1.056758
v 1.767584 0.101068 -1.075319
v 1.676940 0.093275 -1.082947
v 1.870337 0.207086 -1.040612
v 1.808787 0.180703 -1.062264
v 1.739450 0.158063 -1.076686
v 1.662151 0.144417 -1.081908
v 1.322432 0.034342 -1.090347
v 1.317869 0.101561 -1.096215
v 1.326445 0.165810 -1.090576
v 1.347847 0.226026 -1.074024
v 1.461511 0.035179 -1.050038
v 1.456127 0.092859 -1.051627
v 1.461044 0.149977 -1.050792
v 1.479493 0.206069 -1.048130
v 1.582320 0.037798 -1.074131
v 1.575118 0.092249 -1.076781
v 1.571878 0.145310 -1.075189
v 1.582193 0.195665 -1.070673
v 1.494704 0.382570 -0.992011
v 1.623173 0.357699 -1.025009
v 1.724247 0.319052 -1.040262
v 1.805627 0.268362 -1.044464
v 1.429975 0.327997 -1.007798
v 1.563619 0.310607 -1.036918
v 1.668473 0.281448 -1.055421
v 1.749308 0.237511 -1.062326
v 1.382463 0.280450 -1.046568
v 1.514532 0.260048 -1.043943
v 1.617774 0.241098 -1.064744
v 1.692394 0.207038 -1.073385
v 1.698663 -0.204688 -1.009850
v 1.939405 -0.082024 -0.990631
v 1.901119 -0.152037 -0.981978
v 1.856752 -0.216177 -0.967941
v 1.805514 -0.274070 -0.948487
v 1.865262 -0.073864 -1.023810
v 1.842666 -0.135783 -1.010366
v 1.810923 -0.195253 -0.993784
v 1.768794 -0.249233 -0.974447
v 1.785394 -0.068332 -1.046785
v 1.776099 -0.123721 -1.031577
v 1.759504 -0.176961 -1.013933
v 1.730849 -0.224250 -0.996006
v 1.586751 -0.402601 -0.850076
v 1.581692 -0.359054 -0.897872
v 1.569530 -0.310787 -0.939024
v 1.545665 -0.258907 -0.971648
v 1.674238 -0.368956 -0.890894
v 1.652971 -0.331700 -0.927249
v 1.630637 -0.288537 -0.961260
v 1.604831 -0.240374 -0.990677
v 1.745723 -0.325269 -0.923273
v 1.715634 -0.294951 -0.952619
v 1.685834 -0.260627 -0.979598
v 1.658962 -0.220847 -1.003691
v 1.401407 -0.092401 -1.028826
v 1.508128 -0.078186 -1.040862
v 1.607779 -0.069878 -1.057151
v 1.699674 -0.066539 -1.058437
v 1.459967 -0.148429 -1.006628
v 1.542985 -0.133682 -1.030726
v 1.624197 -0.122887 -1.043041
v 1.702553 -0.118694 -1.043198
v 1.509252 -0.204473 -0.994628
v 1.575606 -0.188147 -1.014060
v 1.640111 -0.173912 -1.025074
v 1.702065 -0.167616 -1.025542
v 1.253429 -0.339741 -0.946371
v 1.375401 -0.439816 -0.844951
v 1.270686 -0.437357 -0.862666
v 1.175483 -0.428318 -0.874573
v 1.086123 -0.424649 -0.901814
v 1.424061 -0.384503 -0.865412
v 1.343310 -0.393938 -0.880670
v 1.260792 -0.392972 -0.888776
v 1.178296 -0.394449 -0.916140
v 1.437523 -0.333130 -0.887509
v 1.371824 -0.346683 -0.893763
v 1.302231 -0.358141 -0.909119
v 1.231172 -0.363656 -0.931896
v 0.801412 -0.383178 -0.947182
v 0.881200 -0.360250 -0.972660
v 0.950129 -0.331557 -1.001488
v 1.013347 -0.296397 -1.027189
v 0.902408 -0.398518 -0.937509
v 0.995880 -0.375503 -0.962681
v 1.068473 -0.346108 -0.983650
v 1.130561 -0.312834 -1.000974
v 0.996103 -0.413845 -0.923424
v 1.092221 -0.387694 -0.941904
v 1.158166 -0.357925 -0.957771
v 1.210090 -0.328180 -0.969978
v 1.211105 -0.163419 -1.071256
v 1.315816 -0.204705 -1.017107
v 1.384692 -0.245323 -0.962293
v 1.424149 -0.287797 -0.919888
v 1.139404 -0.211304 -1.064298
v 1.252566 -0.241060 -1.018749
v 1.326823 -0.273216 -0.970263
v 1.365577 -0.307674 -0.925354
v 1.075040 -0.256018 -1.048656
v 1.191141 -0.277471 -1.013000
v 1.267014 -0.300456 -0.973564
v 1.304216 -0.326869 -0.937925
v 1.621965 0.157767 0.946336
v 1.319622 0.031974 1.047641
v 1.458436 0.033731 1.021122
v 1.567814 0.034433 0.984984
v 1.655415 0.035909 0.944252
v 1.314538 0.095300 1.043354
v 1.452866 0.089396 1.018554
v 1.561172 0.084189 0.984328
v 1.646523 0.082893 0.946074
v 1.322809 0.155296 1.032868
v 1.457102 0.143072 1.009509
v 1.558271 0.131174 0.978994
v 1.634171 0.125906 0.946671
v 1.866325 0.058174 0.859110
v 1.835745 0.116462 0.864364
v 1.792298 0.167137 0.859907
v 1.740603 0.212465 0.857921
v 1.786599 0.045820 0.854339
v 1.770127 0.096835 0.863964
v 1.742625 0.145600 0.876621
v 1.700382 0.192150 0.893242
v 1.727096 0.039554 0.900580
v 1.715041 0.087372 0.905595
v 1.693566 0.132367 0.912667
v 1.657455 0.172771 0.924503
v 1.486235 0.356159 0.924903
v 1.425702 0.312363 0.963853
v 1.378294 0.264215 0.993737
v 1.343943 0.211797 1.016430
v 1.599914 0.310260 0.901704
v 1.549154 0.276811 0.939462
v 1.505741 0.238019 0.970118
v 1.473972 0.193240 0.993555
v 1.681622 0.261714 0.878801
v 1.638163 0.236112 0.914500
v 1.596946 0.207511 0.944590
v 1.567103 0.173171 0.966797
v 1.668896 -0.184276 0.908920
v 1.401412 -0.092405 1.028887
v 1.459858 -0.148323 1.005687
v 1.506872 -0.201525 0.978235
v 1.541433 -0.252789 0.948240
v 1.503183 -0.076547 1.003965
v 1.535935 -0.129214 0.985017
v 1.566261 -0.179588 0.961855
v 1.593024 -0.226883 0.935287
v 1.591428 -0.066503 0.971536
v 1.606614 -0.115530 0.957979
v 1.621379 -0.161581 0.941188
v 1.638024 -0.202359 0.920823
v 1.585176 -0.399244 0.844253
v 1.657090 -0.343744 0.838900
v 1.711204 -0.289035 0.833111
v 1.752979 -0.235212 0.826698
v 1.577687 -0.351693 0.882046
v 1.636875 -0.309497 0.873720
v 1.685334 -0.264118 0.866023
v 1.723456 -0.216506 0.859578
v 1.564535 -0.302642 0.916282
v 1.616359 -0.270232 0.905812
v 1.660420 -0.235656 0.895507
v 1.693671 -0.198239 0.888407
v 1.850404 -0.067787 0.826732
v 1.787007 -0.060891 0.848719
v 1.731251 -0.059606 0.893301
v 1.666787 -0.061140 0.934284
v 1.814023 -0.124713 0.810386
v 1.772923 -0.114594 0.851431
v 1.725292 -0.108855 0.890159
v 1.670044 -0.108540 0.925980
v 1.786521 -0.180898 0.819282
v 1.752077 -0.166608 0.854917
v 1.713799 -0.155670 0.887649
v 1.670676 -0.152121 0.916629
v 1.924326 -0.337689 0.740608
v 1.673597 -0.436035 0.750397
v 1.747286 -0.431645 0.710141
v 1.827499 -0.447411 0.710677
v 1.903757 -0.459446 0.709041
v 1.726970 -0.377386 0.757552
v 1.777966 -0.381661 0.721904
v 1.845892 -0.402020 0.726592
v 1.912085 -0.413336 0.724193
v 1.772278 -0.321721 0.757681
v 1.814553 -0.337411 0.736595
v 1.867686 -0.358631 0.738008
v 1.919704 -0.370043 0.734919
v 2.109814 -0.448372 0.656983
v 2.094832 -0.389398 0.683380
v 2.073168 -0.331893 0.704484
v 2.044894 -0.276239 0.720131
v 2.044462 -0.459451 0.680911
v 2.037444 -0.405406 0.701626
v 2.023248 -0.351911 0.718648
v 2.000260 -0.300791 0.731770
v 1.975793 -0.463293 0.698660
v 1.976234 -0.414122 0.715508
v 1.971762 -0.366305 0.728525
v 1.957350 -0.322627 0.738456
v 1.959321 -0.128130 0.789049
v 1.900230 -0.175872 0.771782
v 1.844171 -0.218069 0.744647
v 1.810169 -0.268914 0.752880
v 1.985380 -0.175186 0.756125
v 1.929300 -0.210554 0.745528
v 1.889060 -0.251317 0.747233
v 1.851439 -0.293808 0.745033
v 2.009877 -0.222726 0.729860
v 1.967823 -0.253624 0.740238
v 1.928107 -0.285464 0.745120
v 1.893792 -0.319395 0.744356
v 2.333922 0.153194 -0.000000
v 2.398564 0.059209 0.203080
v 2.381191 0.046889 0.129979
v 2.379378 0.040760 0.063904
v 2.367810 0.038872 -0.000000
v 2.399351 0.119711 0.176512
v 2.382635 0.100272 0.115331
v 2.358957 0.088315 0.055934
v 2.343093 0.084111 0.000000
v 2.391854 0.174386 0.146074
v 2.377489 0.150206 0.094780
v 2.357586 0.132397 0.045621
v 2.333356 0.123953 0.000000
v 2.292678 0.055831 -0.181173
v 2.286176 0.109480 -0.155316
v 2.273285 0.156399 -0.126843
v 2.254891 0.197346 -0.097112
v 2.315796 0.046101 -0.121089
v 2.293970 0.094613 -0.103909
v 2.271782 0.137111 -0.082745
v 2.288446 0.180753 -0.061640
v 2.346776 0.040795 -0.061672
v 2.323443 0.086764 -0.053568
v 2.305042 0.127252 -0.042399
v 2.316194 0.165175 -0.026853
v 2.287036 0.339237 -0.000000
v 2.324415 0.305965 0.039232
v 2.354294 0.267426 0.076905
v 2.376792 0.223627 0.112773
v 2.280881 0.291492 -0.037313
v 2.315613 0.265099 0.000000
v 2.343699 0.233234 0.035821
v 2.364510 0.195040 0.068193
v 2.270005 0.244083 -0.069507
v 2.303341 0.223312 -0.033984
v 2.330009 0.199555 -0.000000
v 2.348494 0.170319 0.028190
v 2.437661 -0.200870 0.000000
v 2.426651 -0.076265 0.208412
v 2.444713 -0.145497 0.183939
v 2.453581 -0.211972 0.155101
v 2.453721 -0.275862 0.122363
v 2.428020 -0.068797 0.136240
v 2.443012 -0.129699 0.122821
v 2.450784 -0.190046 0.102856
v 2.450998 -0.247882 0.075644
v 2.422280 -0.064191 0.066859
v 2.436249 -0.118783 0.061081
v 2.443976 -0.172123 0.050959
v 2.444747 -0.221184 0.032255
v 2.402894 -0.449909 -0.000001
v 2.408883 -0.387677 -0.044073
v 2.407439 -0.324974 -0.082727
v 2.398741 -0.261902 -0.116476
v 2.428699 -0.395051 0.044790
v 2.429531 -0.347468 0.000000
v 2.425694 -0.295484 -0.039906
v 2.417078 -0.239923 -0.073127
v 2.445471 -0.336910 0.085483
v 2.443761 -0.300687 0.040604
v 2.438340 -0.261631 0.000000
v 2.430399 -0.218133 -0.031727
v 2.328221 -0.068660 -0.189367
v 2.362556 -0.063889 -0.127812
v 2.389676 -0.061872 -0.064730
v 2.409472 -0.061859 -0.000000
v 2.359286 -0.133977 -0.169853
v 2.385381 -0.122638 -0.116108
v 2.407263 -0.115565 -0.059307
v 2.424281 -0.113760 0.000000
v 2.382836 -0.198290 -0.145359
v 2.403713 -0.181723 -0.098157
v 2.420641 -0.168424 -0.049671
v 2.433787 -0.163128 -0.000000
v 2.274192 -0.342611 -0.294251
v 2.338238 -0.501044 -0.117386
v 2.304835 -0.494881 -0.181608
v 2.269274 -0.481636 -0.239315
v 2.231268 -0.462542 -0.290566
v 2.354225 -0.432352 -0.143368
v 2.322253 -0.436094 -0.196044
v 2.287975 -0.431334 -0.246129
v 2.252081 -0.417793 -0.292131
v 2.358058 -0.366015 -0.171295
v 2.328660 -0.376841 -0.215055
v 2.297555 -0.381016 -0.256004
v 2.266494 -0.374949 -0.293497
v 2.140823 -0.398182 -0.432126
v 2.178720 -0.354790 -0.422620
v 2.209330 -0.309908 -0.407067
v 2.232463 -0.263879 -0.385683
v 2.149327 -0.410735 -0.375851
v 2.183074 -0.370732 -0.371698
v 2.210664 -0.329224 -0.361312
v 2.231501 -0.287537 -0.343512
v 2.190379 -0.438046 -0.335442
v 2.214857 -0.395611 -0.332889
v 2.235999 -0.354768 -0.327342
v 2.256690 -0.318764 -0.315883
v 2.282937 -0.124327 -0.292665
v 2.306041 -0.180204 -0.258903
v 2.333927 -0.240250 -0.229631
v 2.351172 -0.302039 -0.200215
v 2.270582 -0.171782 -0.329961
v 2.280782 -0.213955 -0.292980
v 2.307624 -0.264748 -0.264952
v 2.323849 -0.319183 -0.238259
v 2.252025 -0.217986 -0.359901
v 2.255022 -0.249521 -0.320910
v 2.281102 -0.290123 -0.294477
v 2.296152 -0.333317 -0.271304
v 1.879101 -0.644059 -0.582915
v 1.876130 -0.846422 -0.448703
v 1.845364 -0.818662 -0.512737
v 1.813559 -0.782411 -0.569626
v 1.779392 -0.739470 -0.619655
v 1.912800 -0.784175 -0.459773
v 1.882185 -0.767448 -0.513145
v 1.851406 -0.740405 -0.562694
v 1.821300 -0.703902 -0.606922
v 1.940084 -0.721532 -0.470185
v 1.911078 -0.712948 -0.515738
v 1.881980 -0.696317 -0.557428
v 1.856078 -0.669795 -0.593631
v 1.657793 -0.571928 -0.726163
v 1.742798 -0.549577 -0.692759
v 1.808907 -0.530238 -0.656357
v 1.861016 -0.512806 -0.618436
v 1.700803 -0.635020 -0.698706
v 1.766012 -0.607063 -0.673143
v 1.821741 -0.583437 -0.642970
v 1.868783 -0.564629 -0.609267
v 1.742021 -0.690442 -0.662772
v 1.792781 -0.658883 -0.644148
v 1.837073 -0.630917 -0.622081
v 1.875376 -0.610751 -0.595948
v 1.990417 -0.480983 -0.509006
v 1.973354 -0.530884 -0.490339
v 1.969696 -0.595243 -0.486059
v 1.958886 -0.658653 -0.479110
v 1.953191 -0.492602 -0.550573
v 1.943273 -0.540125 -0.532690
v 1.940971 -0.598656 -0.526808
v 1.930839 -0.656383 -0.520454
v 1.909730 -0.502546 -0.586133
v 1.908792 -0.550830 -0.572383
v 1.909612 -0.602153 -0.563878
v 1.902291 -0.650488 -0.557005
v 1.518979 -0.881582 -0.645109
v 1.763844 -0.941205 -0.466793
v 1.689344 -0.966756 -0.495729
v 1.606811 -0.982892 -0.522382
v 1.514577 -0.989573 -0.545422
v 1.746957 -0.898083 -0.530507
v 1.682107 -0.924690 -0.548164
v 1.606865 -0.943065 -0.566447
v 1.521043 -0.951128 -0.584724
v 1.719764 -0.853220 -0.588479
v 1.661467 -0.880958 -0.599044
v 1.595415 -0.902239 -0.608612
v 1.521847 -0.912545 -0.619663
v 1.143957 -0.935252 -0.567875
v 1.167449 -0.895913 -0.610566
v 1.199588 -0.854220 -0.649761
v 1.242727 -0.810548 -0.684723
v 1.288305 -0.969144 -0.572494
v 1.307693 -0.929233 -0.612995
v 1.333431 -0.886915 -0.649313
v 1.370183 -0.843488 -0.680082
v 1.409940 -0.985676 -0.563278
v 1.423140 -0.946666 -0.601949
v 1.437678 -0.906189 -0.636015
v 1.462730 -0.866872 -0.663029
v 1.455930 -0.659791 -0.750315
v 1.555285 -0.711693 -0.721958
v 1.627196 -0.760345 -0.684601
v 1.680585 -0.807213 -0.639985
v 1.369817 -0.715342 -0.736776
v 1.484618 -0.756490 -0.717294
v 1.566873 -0.796354 -0.685681
v 1.624207 -0.837674 -0.645595
v 1.299030 -0.764834 -0.714221
v 1.421497 -0.800126 -0.703251
v 1.508949 -0.831052 -0.679384
v 1.565943 -0.863990 -0.646860
v 2.074383 -0.627047 -0.288309
v 2.253268 -0.622861 -0.116687
v 2.193487 -0.662508 -0.141708
v 2.131537 -0.690035 -0.168368
v 2.067940 -0.706828 -0.195555
v 2.233704 -0.596514 -0.180586
v 2.183862 -0.633737 -0.193919
v 2.129632 -0.661001 -0.211646
v 2.072822 -0.677456 -0.233158
v 2.206454 -0.571074 -0.237966
v 2.165160 -0.606226 -0.243450
v 2.120653 -0.633004 -0.252011
v 2.074705 -0.648906 -0.265768
v 1.952851 -0.829866 -0.322439
v 1.975794 -0.770462 -0.353815
v 1.994526 -0.709650 -0.376212
v 2.008652 -0.648000 -0.390883
v 1.991517 -0.787225 -0.272559
v 2.005679 -0.740613 -0.306205
v 2.018281 -0.689632 -0.331546
v 2.028757 -0.635509 -0.347651
v 2.022518 -0.737785 -0.228930
v 2.031118 -0.701639 -0.263570
v 2.038021 -0.662581 -0.291225
v 2.044548 -0.620709 -0.308508
v 2.052290 -0.477730 -0.414900
v 2.086444 -0.493424 -0.371456
v 2.132483 -0.520242 -0.333256
v 2.172636 -0.545840 -0.288837
v 2.021955 -0.521199 -0.399756
v 2.057719 -0.534402 -0.362784
v 2.101024 -0.557304 -0.328615
v 2.137466 -0.580699 -0.288747
v 2.017902 -0.585285 -0.398426
v 2.036453 -0.578975 -0.354204
v 2.070271 -0.590379 -0.321204
v 2.102012 -0.608876 -0.288626
v 2.041677 -0.858437 -0.000000
v 2.230411 -0.697775 -0.000000
v 2.188663 -0.740248 0.044004
v 2.140547 -0.775768 0.083438
v 2.086769 -0.804622 0.118645
v 2.173205 -0.725822 -0.043287
v 2.143449 -0.758115 -0.000000
v 2.105219 -0.787053 0.039359
v 2.071854 -0.827294 0.074279
v 2.112862 -0.747090 -0.080681
v 2.092485 -0.773221 -0.038662
v 2.075130 -0.806565 -0.000000
v 2.055672 -0.846167 0.032163
v 1.955239 -0.956221 0.221787
v 1.953842 -0.968911 0.146345
v 1.950392 -0.971891 0.072433
v 1.944972 -0.965839 -0.000000
v 2.007425 -0.908236 0.189131
v 1.999025 -0.924264 0.127919
v 1.990816 -0.931092 0.064323
v 1.983779 -0.927541 -0.000000
v 2.050965 -0.857566 0.154655
v 2.038901 -0.876631 0.103976
v 2.026616 -0.888398 0.052234
v 2.017738 -0.889034 -0.000000
v 1.925152 -0.906113 -0.210512
v 1.970843 -0.854497 -0.178507
v 2.017876 -0.814459 -0.147308
v 2.058433 -0.771809 -0.114146
v 1.928452 -0.926408 -0.139989
v 1.974825 -0.887771 -0.122857
v 2.017411 -0.847686 -0.100432
v 2.055046 -0.807097 -0.072381
v 1.937831 -0.950680 -0.070827
v 1.978869 -0.912626 -0.062985
v 2.016250 -0.873906 -0.051262
v 2.048775 -0.837517 -0.031766
v 1.719480 -1.102548 0.000000
v 1.835753 -1.045510 0.228442
v 1.771911 -1.083038 0.199906
v 1.704124 -1.111657 0.166731
v 1.632020 -1.130591 0.129583
v 1.852744 -1.046756 0.150350
v 1.795197 -1.079429 0.134958
v 1.732801 -1.105742 0.112443
v 1.667574 -1.123890 0.081789
v 1.860270 -1.042904 0.074343
v 1.808877 -1.072594 0.067864
v 1.753808 -1.096695 0.056843
v 1.698157 -1.113358 0.035831
v 1.382254 -1.137804 0.000000
v 1.472962 -1.142195 -0.045904
v 1.554801 -1.134556 -0.088546
v 1.629229 -1.116849 -0.127921
v 1.472290 -1.135308 0.045634
v 1.536884 -1.130980 0.000000
v 1.599982 -1.119081 -0.042540
v 1.662760 -1.103166 -0.080021
v 1.555415 -1.138890 0.088891
v 1.602248 -1.132395 0.043112
v 1.647760 -1.120301 0.000000
v 1.695348 -1.102767 -0.035372
v 1.819919 -1.010455 -0.220532
v 1.833760 -1.006888 -0.144348
v 1.849385 -1.020858 -0.072653
v 1.859096 -1.034232 0.000000
v 1.761425 -1.054429 -0.194338
v 1.781732 -1.045634 -0.130294
v 1.800315 -1.052459 -0.066390
v 1.811032 -1.063365 0.000000
v 1.698032 -1.089963 -0.163259
v 1.724194 -1.078232 -0.109208
v 1.748028 -1.079984 -0.055733
v 1.761129 -1.087213 0.000000
v 1.516665 -0.867031 0.633427
v 1.141985 -0.878483 0.530962
v 1.285659 -0.922202 0.542720
v 1.407249 -0.956175 0.545231
v 1.512464 -0.974868 0.536807
v 1.165665 -0.851488 0.578096
v 1.304987 -0.885623 0.582148
v 1.420466 -0.918999 0.583239
v 1.518910 -0.936873 0.575500
v 1.197767 -0.816288 0.618645
v 1.330654 -0.847737 0.618274
v 1.435047 -0.880814 0.616876
v 1.519622 -0.898210 0.609319
v 1.771554 -0.961064 0.476930
v 1.753043 -0.914110 0.540336
v 1.723847 -0.864482 0.596727
v 1.682431 -0.812833 0.644825
v 1.692185 -0.976252 0.500819
v 1.684319 -0.932028 0.552711
v 1.662561 -0.884685 0.601759
v 1.623830 -0.836258 0.644392
v 1.606407 -0.981012 0.521329
v 1.606276 -0.940394 0.564766
v 1.594359 -0.897478 0.605182
v 1.564152 -0.855310 0.639693
v 1.452693 -0.639309 0.726300
v 1.366354 -0.684163 0.702582
v 1.295713 -0.724077 0.672893
v 1.240409 -0.772480 0.649805
v 1.553220 -0.702237 0.711671
v 1.481723 -0.738516 0.698572
v 1.418416 -0.774112 0.677847
v 1.367248 -0.810191 0.650551
v 1.626891 -0.759245 0.683519
v 1.565044 -0.787954 0.677619
v 1.506389 -0.815539 0.665119
v 1.460072 -0.845266 0.644796
v 1.899944 -0.674062 0.610822
v 1.895234 -0.881777 0.467055
v 1.937475 -0.823622 0.481967
v 1.970422 -0.763356 0.496124
v 2.001210 -0.708808 0.514275
v 1.860303 -0.848204 0.531117
v 1.902006 -0.801535 0.535228
v 1.936165 -0.749891 0.541349
v 1.961080 -0.694334 0.549714
v 1.824878 -0.806420 0.587297
v 1.867007 -0.769302 0.584396
v 1.902328 -0.728617 0.582646
v 1.927222 -0.683978 0.585529
v 2.098585 -0.566194 0.600511
v 2.034137 -0.563257 0.632167
v 1.965782 -0.558314 0.655035
v 1.893324 -0.550858 0.667933
v 2.072536 -0.619742 0.573129
v 2.016810 -0.611101 0.604932
v 1.956400 -0.601933 0.629044
v 1.891632 -0.593277 0.643011
v 2.040090 -0.667372 0.544243
v 1.992441 -0.654584 0.576290
v 1.942612 -0.640926 0.601695
v 1.896376 -0.638992 0.625517
v 1.658828 -0.574582 0.729715
v 1.703809 -0.642531 0.707497
v 1.747406 -0.703366 0.675870
v 1.787530 -0.757940 0.635673
v 1.749148 -0.561480 0.708849
v 1.773696 -0.622001 0.690979
v 1.802371 -0.677909 0.663783
v 1.833459 -0.727705 0.627869
v 1.822056 -0.549387 0.682018
v 1.835466 -0.604587 0.668397
v 1.851820 -0.654973 0.647423
v 1.872759 -0.697657 0.618782
vn -0.1964 -0.9523 -0.2337
vn -0.2678 -0.9563 -0.1174
vn -0.1696 -0.9664 -0.1932
vn -0.2187 -0.9757 -0.0133
vn -0.2041 -0.9710 -0.1246
vn -0.2425 -0.9653 0.0972
vn -0.3264 -0.9446 -0.0338
vn -0.0446 -0.9762 0.2123
vn 0.0472 -0.9885 0.1435
vn -0.1671 -0.9685 0.1844
vn -0.3613 -0.9295 0.0740
vn -0.3906 -0.8435 0.3687
vn -0.4364 -0.8683 0.2357
vn -0.3274 -0.8995 0.2893
vn -0.4591 -0.8202 0.3412
vn -0.2178 -0.9155 0.3382
vn -0.1922 -0.8724 0.4494
vn -0.0993 -0.8911 0.4429
vn -0.4044 -0.9011 0.1564
vn -0.2786 -0.9395 0.1994
vn -0.2597 -0.9288 0.2644
vn -0.0480 -0.9165 0.3972
vn -0.2764 -0.9437 0.1816
vn -0.3275 -0.8960 0.2997
vn -0.3806 -0.9030 0.1991
vn -0.1579 -0.9727 0.1701
vn -0.2396 -0.9325 0.2703
vn -0.0309 -0.9858 0.1653
vn -0.1344 -0.9599 0.2461
vn -0.2555 -0.8825 0.3949
vn -0.1816 -0.9149 0.3605
vn -0.0173 -0.9724 0.2328
vn -0.0955 -0.9408 0.3253
vn -0.2725 -0.9459 0.1759
vn -0.1633 -0.8623 0.4793
vn 0.0013 -0.9548 0.2973
vn -0.0086 -0.9429 0.3331
vn -0.0330 -0.9418 -0.3346
vn -0.1856 -0.9245 -0.3330
vn -0.0429 -0.9928 -0.1118
vn -0.0358 -0.9736 -0.2255
vn -0.0566 -0.9984 0.0047
vn -0.0794 -0.9895 0.1206
vn -0.0377 -0.9952 -0.0900
vn 0.0970 -0.9903 0.0993
vn -0.0366 -0.9944 0.0994
vn -0.3117 -0.7873 0.5321
vn -0.2124 -0.8626 0.4592
vn -0.4731 -0.7700 0.4281
vn -0.4265 -0.7775 0.4622
vn -0.1737 -0.8150 0.5529
vn -0.1575 -0.9273 0.3397
vn -0.1130 -0.9660 0.2324
vn -0.4114 -0.9066 0.0941
vn -0.4598 -0.8585 0.2272
vn -0.5243 -0.8463 0.0947
vn -0.2927 -0.9515 0.0951
vn -0.1680 -0.9809 0.0977
vn -0.3912 -0.8575 0.3343
vn -0.3134 -0.8489 0.4256
vn -0.2205 -0.8329 0.5075
vn 0.0970 -0.9953 -0.0054
vn -0.0060 -0.9088 -0.4173
vn -0.1269 -0.9003 -0.4162
vn 0.1028 -0.9937 -0.0439
vn 0.1916 -0.9789 -0.0708
vn 0.0984 -0.9947 0.0305
vn -0.0254 -0.9986 -0.0459
vn 0.1645 -0.9436 -0.2875
vn 0.1087 -0.9864 -0.1231
vn 0.2252 -0.9646 -0.1372
vn -0.0101 -0.9927 -0.1200
vn -0.3422 -0.9321 -0.1184
vn -0.2851 -0.9585 0.0061
vn -0.3890 -0.9211 -0.0129
vn -0.2735 -0.9370 -0.2171
vn -0.2542 -0.9629 -0.0907
vn -0.1843 -0.9348 -0.3036
vn -0.1995 -0.9621 -0.1861
vn -0.1649 -0.9861 0.0217
vn -0.1466 -0.9871 -0.0641
vn -0.1187 -0.9556 -0.2697
vn -0.1111 -0.9822 -0.1511
vn 0.1892 -0.8601 -0.4737
vn 0.1133 -0.9203 -0.3745
vn 0.0463 -0.9015 -0.4303
vn 0.2539 -0.8816 -0.3978
vn 0.1682 -0.9369 -0.3065
vn 0.3006 -0.8992 -0.3178
vn 0.2066 -0.9524 -0.2243
vn -0.0128 -0.9427 -0.3333
vn -0.0774 -0.9237 -0.3752
vn 0.0488 -0.9577 -0.2835
vn 0.0984 -0.9727 -0.2101
vn -0.0349 -0.9989 0.0304
vn -0.0526 -0.9716 -0.2305
vn 0.2932 -0.9239 -0.2458
vn 0.0097 -0.9818 -0.1899
vn -0.0327 -0.8982 -0.4384
vn -0.0361 -0.8419 -0.5384
vn -0.0629 -0.8044 -0.5908
vn -0.0682 -0.8472 -0.5269
vn -0.4703 -0.8816 -0.0398
vn -0.4075 -0.9009 -0.1496
vn -0.3323 -0.9110 -0.2443
vn -0.2433 -0.9118 -0.3308
vn 0.1581 -0.7995 -0.5795
vn 0.1011 -0.8353 -0.5405
vn 0.1320 -0.9318 -0.3381
vn 0.1215 -0.9648 -0.2333
vn 0.0314 -0.9500 -0.3107
vn -0.0318 -0.8798 -0.4743
vn -0.1435 -0.9017 -0.4078
vn -0.9365 -0.1753 0.3037
vn -0.9606 -0.0751 0.2676
vn -0.9613 -0.1520 0.2297
vn -0.9059 -0.1921 0.3774
vn -0.9383 -0.1040 0.3298
vn -0.8763 -0.1373 0.4617
vn -0.9103 -0.1264 0.3942
vn -0.9331 -0.0290 0.3585
vn -0.9519 0.0040 0.3064
vn -0.9098 -0.0590 0.4107
vn -0.8797 -0.0772 0.4692
vn -0.8139 -0.1825 0.5516
vn -0.7795 -0.1928 0.5960
vn -0.7755 -0.2139 0.5940
vn -0.7975 -0.2519 0.5482
vn -0.8008 -0.1329 0.5841
vn -0.7628 -0.5138 0.3926
vn -0.8399 -0.1693 0.5156
vn -0.8270 -0.2019 0.5248
vn -0.8378 -0.1315 0.5299
vn -0.8738 -0.1586 0.4596
vn -0.8455 -0.0626 0.5304
vn -0.8281 -0.5496 0.1103
vn -0.7959 -0.5632 0.2221
vn -0.8542 -0.4884 0.1784
vn -0.8349 -0.5409 0.1020
vn -0.7800 -0.6058 0.1569
vn -0.9612 -0.1588 0.2254
vn -0.8581 -0.4671 0.2133
vn -0.7313 -0.6338 0.2518
vn -0.7970 -0.5531 0.2427
vn -0.9409 -0.0879 0.3272
vn -0.9000 -0.2887 0.3265
vn -0.8693 -0.2015 0.4513
vn -0.8532 -0.3376 0.3975
vn -0.9187 -0.0545 0.3911
vn -0.8796 -0.0612 0.4719
vn -0.9533 -0.2302 0.1956
vn -0.9798 -0.1199 0.1598
vn -0.9732 -0.2064 0.1018
vn -0.9279 -0.2465 0.2797
vn -0.8968 -0.2575 0.3598
vn -0.8588 -0.2661 0.4378
vn -0.9770 -0.0401 0.2096
vn -0.9660 0.0385 0.2555
vn -0.9673 -0.2196 0.1270
vn -0.8346 -0.4272 0.3477
vn -0.7043 -0.2881 0.6488
vn -0.7596 -0.4932 0.4240
vn -0.9015 -0.3471 0.2583
vn -0.8416 -0.4638 0.2767
vn -0.7620 -0.2732 0.5872
vn -0.8137 -0.2720 0.5138
vn -0.9027 -0.4150 0.1138
vn -0.8649 -0.4351 0.2503
vn -0.9307 -0.3144 0.1872
vn -0.8660 -0.4976 0.0494
vn -0.8434 -0.5369 0.0205
vn -0.7990 -0.5281 0.2876
vn -0.7321 -0.6070 0.3092
vn -0.7136 -0.6415 0.2814
vn -0.1943 -0.1744 -0.9653
vn -0.2886 -0.3870 -0.8758
vn -0.2449 -0.3588 -0.9007
vn -0.2973 -0.1868 -0.9363
vn -0.2746 -0.1695 -0.9465
vn -0.3986 -0.2138 -0.8918
vn -0.3249 -0.1373 -0.9357
vn -0.4011 -0.3886 -0.8295
vn -0.3873 -0.1712 -0.9059
vn -0.4145 -0.1609 -0.8957
vn -0.3544 -0.0790 -0.9318
vn -0.6409 -0.1409 -0.7546
vn -0.5741 -0.2384 -0.7833
vn -0.6497 -0.2364 -0.7224
vn -0.6228 -0.0507 -0.7807
vn -0.5749 -0.1582 -0.8028
vn -0.5941 0.0382 -0.8035
vn -0.5676 -0.0766 -0.8198
vn -0.4897 -0.2308 -0.8408
vn -0.4990 -0.1664 -0.8505
vn -0.5473 0.0069 -0.8369
vn -0.5052 -0.0991 -0.8573
vn -0.6743 -0.3182 -0.6664
vn -0.6968 -0.1698 -0.6969
vn -0.7284 -0.2525 -0.6370
vn -0.6159 -0.3703 -0.6954
vn -0.6278 -0.2156 -0.7479
vn -0.4891 -0.1878 -0.8518
vn -0.5711 -0.2069 -0.7944
vn -0.6022 0.0250 -0.7979
vn -0.5399 0.0127 -0.8417
vn -0.3934 -0.0258 -0.9190
vn -0.4773 0.0153 -0.8786
vn -0.4293 -0.1077 -0.8967
vn -0.5273 -0.3889 -0.7555
vn -0.4411 -0.0501 -0.8961
vn -0.4973 -0.0227 -0.8673
vn -0.3189 -0.2557 -0.9126
vn -0.3678 -0.4325 -0.8232
vn -0.3270 -0.2642 -0.9073
vn -0.1583 -0.1960 -0.9677
vn -0.2776 -0.2331 -0.9320
vn -0.3839 -0.2667 -0.8840
vn -0.3371 -0.5350 -0.7747
vn -0.4171 -0.4960 -0.7616
vn -0.5000 -0.4298 -0.7519
vn -0.7125 -0.2172 -0.6672
vn -0.6409 -0.3382 -0.6891
vn -0.7200 -0.3461 -0.6015
vn -0.6929 -0.1125 -0.7122
vn -0.6672 -0.0214 -0.7446
vn -0.5610 -0.3219 -0.7627
vn -0.4771 -0.2968 -0.8272
vn -0.6902 -0.1894 -0.6984
vn -0.7761 -0.1999 -0.5981
vn -0.7401 -0.0949 -0.6658
vn -0.6357 -0.2758 -0.7210
vn -0.5733 -0.3554 -0.7382
vn -0.7641 -0.1119 -0.6353
vn -0.6467 0.0795 -0.7586
vn -0.6339 0.0673 -0.7704
vn 0.0498 -0.5424 0.8386
vn -0.0325 -0.4439 0.8955
vn -0.1097 -0.4997 0.8593
vn 0.1260 -0.4713 0.8729
vn 0.0317 -0.3700 0.9285
vn 0.1836 -0.3884 0.9030
vn 0.0757 -0.2777 0.9577
vn -0.1742 -0.3922 0.9032
vn -0.2494 -0.4383 0.8635
vn -0.1028 -0.3355 0.9364
vn -0.0472 -0.2519 0.9666
vn 0.1478 -0.0191 0.9888
vn 0.0960 -0.0850 0.9917
vn 0.1898 -0.1243 0.9739
vn 0.0810 0.0062 0.9967
vn -0.0545 -0.0667 0.9963
vn -0.0722 0.0161 0.9973
vn -0.1961 -0.0582 0.9789
vn 0.2325 -0.2008 0.9517
vn -0.0399 -0.1556 0.9870
vn 0.0960 -0.1801 0.9790
vn -0.1726 -0.1407 0.9749
vn -0.5484 -0.1256 0.8267
vn -0.4834 0.0145 0.8753
vn -0.5991 -0.0082 0.8007
vn -0.4724 -0.2444 0.8468
vn -0.4467 -0.0919 0.8900
vn -0.3714 -0.3519 0.8592
vn -0.3844 -0.2055 0.9000
vn -0.3543 0.0250 0.9348
vn -0.3275 -0.0677 0.9424
vn -0.2936 -0.3106 0.9041
vn -0.2843 -0.1678 0.9439
vn 0.2224 -0.2948 0.9293
vn -0.2168 0.0243 0.9759
vn -0.2169 -0.2646 0.9397
vn -0.1469 -0.2211 0.9641
vn 0.1191 -0.6189 0.7764
vn -0.0465 -0.6143 0.7877
vn 0.2101 -0.5601 0.8013
vn 0.2121 -0.4408 0.8722
vn 0.1634 -0.3104 0.9365
vn -0.1976 -0.5448 0.8150
vn -0.3254 -0.4729 0.8188
vn -0.4409 -0.3846 0.8110
vn -0.0816 0.0440 0.9957
vn -0.0396 -0.1171 0.9923
vn 0.1473 0.1008 0.9839
vn 0.0519 0.0899 0.9946
vn -0.0944 0.0913 0.9913
vn -0.0307 -0.2810 0.9592
vn 0.0050 -0.2950 0.9555
vn 0.0877 -0.2489 0.9645
vn -0.6957 -0.0465 0.7168
vn -0.6230 0.0978 0.7761
vn -0.7513 0.0795 0.6552
vn -0.6267 -0.1677 0.7610
vn -0.5423 -0.2810 0.7918
vn -0.4959 0.1041 0.8621
vn -0.3680 0.1028 0.9241
vn -0.2338 0.0970 0.9674
vn -0.9878 0.0034 0.1556
vn -0.9987 -0.0010 0.0517
vn -0.9926 -0.0642 0.1032
vn -0.9762 0.0651 0.2068
vn -0.9931 0.0531 0.1041
vn -0.9695 -0.2445 0.0166
vn -0.9869 0.0823 0.1389
vn -0.9978 0.0658 0.0033
vn -0.9925 0.1089 0.0550
vn -0.9710 -0.2321 -0.0574
vn -0.9921 0.1064 0.0666
vn -0.9291 -0.3605 -0.0825
vn -0.8880 -0.4592 -0.0239
vn -0.9248 -0.3800 0.0169
vn -0.9199 -0.3496 -0.1776
vn -0.8962 -0.4310 -0.1048
vn -0.8983 -0.3459 -0.2710
vn -0.8919 -0.4115 -0.1875
vn -0.8544 -0.5149 -0.0695
vn -0.8549 -0.5009 -0.1350
vn -0.8733 -0.4037 -0.2727
vn -0.8557 -0.4766 -0.2014
vn -0.9644 0.1762 -0.1972
vn -0.8624 -0.2892 -0.4155
vn -0.9518 -0.0548 -0.3018
vn -0.9756 0.2029 -0.0841
vn -0.9629 -0.1213 -0.2412
vn -0.9880 0.1546 0.0061
vn -0.9894 0.0989 -0.1063
vn -0.8787 -0.3522 -0.3223
vn -0.8631 -0.3503 -0.3638
vn -0.9689 -0.2265 -0.0996
vn -0.9688 -0.2411 0.0575
vn -0.8439 -0.4610 -0.2746
vn -0.9896 0.1376 -0.0414
vn -0.9942 0.1049 0.0241
vn -0.9648 -0.2232 -0.1388
vn -0.9910 -0.1262 0.0453
vn -0.9987 -0.0501 -0.0037
vn -0.9985 0.0246 -0.0490
vn -0.9905 0.1007 -0.0938
vn -0.9538 -0.2971 0.0440
vn -0.9546 -0.2894 -0.0710
vn -0.9420 -0.2885 -0.1718
vn -0.9185 -0.2895 -0.2693
vn -0.9345 0.2306 -0.2712
vn -0.8407 -0.2184 -0.4955
vn -0.8668 0.0953 -0.4894
vn -0.9506 0.2547 -0.1777
vn -0.9745 0.1777 -0.1374
vn -0.8375 -0.2961 -0.4593
vn -0.8843 -0.2911 -0.3652
vn -0.2891 -0.3317 -0.8980
vn -0.2123 -0.4512 -0.8668
vn -0.1999 -0.3010 -0.9324
vn -0.2796 -0.4990 -0.8203
vn -0.3042 -0.4356 -0.8472
vn -0.3603 -0.4695 -0.8061
vn -0.3923 -0.3737 -0.8405
vn -0.1497 -0.4182 -0.8959
vn -0.1384 -0.3187 -0.9377
vn -0.2509 -0.3937 -0.8844
vn -0.3355 -0.3397 -0.8787
vn -0.5360 -0.1430 -0.8320
vn -0.5794 -0.2429 -0.7780
vn -0.6205 -0.1599 -0.7677
vn -0.4417 -0.1361 -0.8868
vn -0.5059 -0.2174 -0.8347
vn -0.3402 -0.1368 -0.9304
vn -0.4196 -0.1999 -0.8854
vn -0.5225 -0.3268 -0.7875
vn -0.4590 -0.2974 -0.8372
vn -0.3233 -0.1947 -0.9260
vn -0.3863 -0.2699 -0.8820
vn 0.0468 -0.1401 -0.9890
vn -0.0934 -0.2146 -0.9722
vn -0.1044 -0.1442 -0.9840
vn 0.0213 -0.2775 -0.9605
vn 0.0514 -0.2237 -0.9733
vn -0.0583 -0.3141 -0.9476
vn -0.0943 -0.2857 -0.9537
vn -0.2163 -0.2022 -0.9552
vn -0.2299 -0.1409 -0.9630
vn -0.2052 -0.2655 -0.9420
vn -0.1110 -0.3581 -0.9271
vn -0.4489 -0.4044 -0.7968
vn -0.3041 -0.2517 -0.9188
vn -0.2107 -0.3337 -0.9188
vn -0.2839 -0.3085 -0.9079
vn -0.1915 -0.2415 -0.9513
vn -0.1169 -0.1461 -0.9823
vn -0.0275 -0.0705 -0.9971
vn 0.0545 -0.0344 -0.9979
vn -0.6436 -0.0815 -0.7610
vn -0.5492 -0.0766 -0.8322
vn -0.4548 -0.0781 -0.8872
vn -0.3538 -0.0814 -0.9318
vn 0.1980 -0.0420 -0.9793
vn 0.0149 -0.0663 -0.9977
vn 0.2179 -0.1306 -0.9672
vn 0.1066 -0.1361 -0.9849
vn 0.1718 -0.1989 -0.9648
vn -0.1282 -0.0767 -0.9888
vn -0.2467 -0.0813 -0.9657
vn -0.4940 0.5350 0.6854
vn -0.5400 0.6075 0.5825
vn -0.5774 0.5282 0.6226
vn -0.3852 0.6001 0.7011
vn -0.4701 0.6050 0.6427
vn -0.3954 0.5378 0.7446
vn -0.2817 0.5959 0.7520
vn -0.4359 0.6733 0.5972
vn -0.4939 0.6820 0.5394
vn -0.3706 0.6603 0.6532
vn -0.2825 0.6513 0.7043
vn 0.0753 0.6156 0.7844
vn -0.0128 0.5366 0.8437
vn 0.1302 0.5332 0.8359
vn 0.0197 0.6962 0.7176
vn -0.0420 0.6093 0.7918
vn -0.0357 0.7688 0.6385
vn -0.0763 0.6831 0.7264
vn -0.1518 0.5383 0.8290
vn -0.1632 0.6006 0.7827
vn -0.1192 0.7523 0.6479
vn -0.1787 0.6648 0.7253
vn -0.2866 0.8680 0.4054
vn -0.1489 0.8764 0.4579
vn -0.1984 0.9096 0.3650
vn -0.3669 0.8149 0.4487
vn -0.2348 0.8443 0.4817
vn -0.4367 0.7517 0.4942
vn -0.3179 0.7974 0.5129
vn -0.1762 0.8069 0.5639
vn -0.0929 0.8291 0.5513
vn -0.2627 0.7720 0.5788
vn -0.3357 0.7216 0.6055
vn -0.2811 0.5383 0.7945
vn -0.2054 0.7276 0.6546
vn -0.3863 0.7390 0.5520
vn -0.2795 0.7003 0.6569
vn -0.6027 0.4462 0.6616
vn -0.6476 0.5223 0.5548
vn -0.6921 0.4198 0.5872
vn -0.5084 0.4645 0.7251
vn -0.4038 0.4764 0.7810
vn -0.5988 0.6094 0.5198
vn -0.5446 0.6868 0.4814
vn -0.4835 0.7585 0.4369
vn 0.2124 0.6209 0.7545
vn 0.0610 0.5659 0.8222
vn -0.0193 0.7837 0.6208
vn 0.1884 0.6213 0.7606
vn 0.1090 0.7037 0.7021
vn 0.0412 0.7769 0.6283
vn -0.0055 0.4708 0.8822
vn -0.1517 0.4806 0.8637
vn -0.2851 0.4822 0.8283
vn -0.2525 0.9301 0.2668
vn -0.1092 0.9359 0.3350
vn -0.1481 0.9702 0.1916
vn -0.3404 0.8802 0.3306
vn -0.4151 0.8238 0.3860
vn -0.0683 0.8921 0.4467
vn -0.0171 0.8396 0.5430
vn -0.4736 0.3643 -0.8019
vn -0.6328 0.4866 -0.6024
vn -0.6989 0.4528 -0.5536
vn -0.5429 0.4028 -0.7369
vn -0.4369 0.4244 -0.7931
vn -0.5627 0.4966 -0.6609
vn -0.5044 0.4563 -0.7331
vn -0.5772 0.5041 -0.6425
vn -0.4613 0.5099 -0.7261
vn -0.4041 0.4838 -0.7763
vn -0.5193 0.5422 -0.6605
vn -0.6393 0.6236 -0.4500
vn -0.6899 0.5240 -0.4995
vn -0.7165 0.5603 -0.4155
vn -0.5595 0.6707 -0.4870
vn -0.6257 0.5839 -0.5172
vn -0.4750 0.7048 -0.5269
vn -0.5553 0.6316 -0.5410
vn -0.6537 0.4852 -0.5807
vn -0.6018 0.5413 -0.5873
vn -0.4778 0.6657 -0.5732
vn -0.5447 0.5887 -0.5973
vn -0.5856 0.6281 -0.5124
vn -0.4628 0.7123 -0.5277
vn -0.5141 0.7342 -0.4435
vn -0.5865 0.5334 -0.6096
vn -0.4691 0.6668 -0.5791
vn -0.4140 0.5370 -0.7350
vn -0.4460 0.6307 -0.6351
vn -0.3933 0.6817 -0.6170
vn -0.3842 0.7253 -0.5712
vn -0.4020 0.6313 -0.6632
vn -0.4197 0.5693 -0.7070
vn -0.6051 0.4439 -0.6609
vn -0.4779 0.6250 -0.6172
vn -0.5412 0.4927 -0.6814
vn -0.4751 0.5815 -0.6604
vn -0.7278 0.4071 -0.5519
vn -0.8291 0.5100 -0.2290
vn -0.8640 0.4344 -0.2545
vn -0.5101 0.3062 -0.8038
vn -0.5779 0.3484 -0.7380
vn -0.7852 0.5700 -0.2419
vn -0.7259 0.6095 -0.3186
vn -0.6597 0.5893 -0.4664
vn -0.7265 0.6003 -0.3345
vn -0.7859 0.4776 -0.3928
vn -0.8221 0.5000 -0.2723
vn -0.6394 0.6647 -0.3864
vn -0.5571 0.7081 -0.4339
vn -0.4699 0.7406 -0.4804
vn -0.7444 0.4519 -0.4916
vn -0.6978 0.4229 -0.5781
vn -0.6423 0.3884 -0.6607
vn -0.4303 0.7447 -0.5101
vn -0.4251 0.8395 -0.3385
vn -0.3029 0.8567 -0.4175
vn -0.5253 0.6242 -0.5782
vn -0.6016 0.4983 -0.6244
vn -0.3697 0.7902 -0.4888
vn -0.3767 0.7636 -0.5245
vn -0.2543 0.7591 -0.5993
vn -0.0960 0.9871 -0.1278
vn -0.3432 0.6995 -0.6269
vn 0.0624 0.9854 -0.1582
vn 0.0112 0.9976 -0.0689
vn -0.0046 0.9911 -0.1329
vn -0.0862 0.9949 -0.0521
vn -0.3988 0.7765 -0.4878
vn 0.0194 0.9998 -0.0067
vn -0.2393 0.9666 -0.0913
vn -0.0618 0.9981 0.0082
vn 0.1103 0.9470 -0.3016
vn -0.0386 0.9533 -0.2996
vn -0.0106 0.9162 -0.4005
vn 0.2423 0.9532 -0.1809
vn 0.0573 0.9753 -0.2131
vn 0.2020 0.9794 -0.0034
vn 0.0780 0.9946 -0.0688
vn -0.1527 0.9815 -0.1157
vn -0.1095 0.9933 -0.0366
vn -0.0407 0.9958 0.0819
vn -0.1165 0.9923 0.0416
vn -0.5567 0.8290 -0.0539
vn -0.3325 0.9430 -0.0116
vn -0.2815 0.9588 0.0380
vn -0.5298 0.8311 -0.1690
vn -0.3273 0.9376 -0.1176
vn -0.4999 0.8186 -0.2829
vn -0.2884 0.9416 -0.1738
vn -0.0443 0.9831 0.1775
vn -0.0045 0.9790 0.2037
vn -0.0338 0.9924 0.1186
vn -0.0067 0.9989 0.0463
vn -0.1075 0.9878 -0.1128
vn -0.0753 0.9920 0.1012
vn -0.4621 0.8000 -0.3826
vn -0.0364 0.9973 0.0631
vn -0.2765 0.7951 -0.5398
vn -0.3281 0.6397 -0.6950
vn -0.1074 0.9309 -0.3491
vn 0.0969 0.9737 -0.2063
vn -0.0195 0.9809 -0.1935
vn -0.3283 0.7227 -0.6082
vn -0.3355 0.7923 -0.5096
vn -0.3508 0.8466 -0.4003
vn -0.1529 0.9384 -0.3098
vn -0.1119 0.8487 -0.5168
vn 0.0018 0.9790 -0.2038
vn 0.1626 0.9814 -0.1018
vn 0.3028 0.9519 -0.0463
vn -0.1773 0.9376 -0.2991
vn -0.2107 0.9653 -0.1544
vn -0.1243 0.9776 -0.1700
vn -0.4901 0.8633 0.1206
vn -0.5388 0.8398 0.0661
vn -0.4357 0.9000 -0.0137
vn -0.4023 0.9020 -0.1563
vn -0.3733 0.8839 -0.2818
vn -0.0760 0.9965 0.0349
vn 0.2236 0.9746 -0.0090
vn -0.0353 0.9676 -0.2499
vn 0.0815 0.9589 -0.2716
vn -0.0424 0.9810 -0.1893
vn -0.0124 0.9433 -0.3316
vn 0.0623 0.9393 -0.3373
vn 0.0275 0.8901 -0.4550
vn 0.0364 0.9142 -0.4036
vn -0.0340 0.9669 -0.2529
vn -0.0483 0.9483 -0.3135
vn -0.0025 0.8848 -0.4659
vn -0.0635 0.9248 -0.3752
vn -0.1000 0.7597 -0.6426
vn -0.1255 0.8256 -0.5501
vn -0.0110 0.8016 -0.5978
vn -0.2041 0.7931 -0.5738
vn -0.2100 0.8465 -0.4892
vn -0.2786 0.8212 -0.4981
vn -0.2697 0.8694 -0.4139
vn -0.0577 0.8548 -0.5157
vn 0.0400 0.8358 -0.5475
vn -0.1459 0.8693 -0.4722
vn -0.2064 0.8888 -0.4092
vn -0.3121 0.9349 -0.1688
vn -0.3901 0.8910 -0.2323
vn -0.2278 0.8856 -0.4047
vn -0.2311 0.9529 -0.1962
vn -0.3192 0.9161 -0.2426
vn -0.1367 0.9644 -0.2262
vn -0.2363 0.9354 -0.2631
vn -0.3715 0.8717 -0.3196
vn -0.3047 0.8940 -0.3285
vn -0.1448 0.9471 -0.2863
vn -0.2310 0.9132 -0.3357
vn -0.0918 0.8960 -0.4344
vn -0.3337 0.8474 -0.4130
vn -0.1503 0.9037 -0.4008
vn -0.1489 0.9267 -0.3452
vn -0.1775 0.9537 -0.2429
vn -0.1772 0.9418 -0.2858
vn -0.1933 0.8927 -0.4070
vn -0.2010 0.8170 -0.5405
vn -0.1119 0.6667 -0.7369
vn 0.0093 0.7309 -0.6825
vn -0.2197 0.7055 -0.6738
vn -0.2914 0.7582 -0.5833
vn -0.3481 0.7940 -0.4983
vn -0.0165 0.8142 -0.5804
vn -0.1313 0.8034 -0.5808
vn -0.2446 0.8226 -0.5132
vn -0.3903 0.8563 -0.3382
vn -0.4296 0.8476 -0.3115
vn -0.3938 0.8237 -0.4081
vn -0.4478 0.6504 -0.6135
vn -0.3802 0.7253 -0.5739
vn -0.3425 0.6783 -0.6500
vn -0.5385 0.6247 -0.5655
vn -0.4632 0.6955 -0.5493
vn -0.6182 0.5997 -0.5081
vn -0.5399 0.6667 -0.5138
vn -0.4162 0.7657 -0.4905
vn -0.4815 0.7360 -0.4758
vn -0.6113 0.6399 -0.4657
vn -0.5436 0.7055 -0.4548
vn -0.7639 0.5876 -0.2670
vn -0.7468 0.5521 -0.3708
vn -0.7934 0.5297 -0.2998
vn -0.6968 0.6535 -0.2957
vn -0.7252 0.6021 -0.3341
vn -0.7288 0.6439 -0.2328
vn -0.6592 0.7049 -0.2619
vn -0.6742 0.6187 -0.4034
vn -0.6879 0.5754 -0.4424
vn -0.6575 0.6613 -0.3610
vn -0.6285 0.7083 -0.3214
vn -0.4713 0.7922 -0.3877
vn -0.5224 0.6437 -0.5593
vn -0.4014 0.7313 -0.5515
vn -0.4824 0.8204 -0.3070
vn -0.5513 0.7679 -0.3264
vn -0.5038 0.7687 -0.3940
vn -0.5325 0.7892 -0.3060
vn -0.6275 0.6480 -0.4316
vn -0.6127 0.7532 -0.2392
vn -0.5526 0.7384 -0.3866
vn -0.5817 0.7528 -0.3082
vn -0.6039 0.6764 -0.4216
vn -0.6831 0.6961 -0.2208
vn -0.4500 0.7977 -0.4014
vn -0.5955 0.7085 -0.3788
vn -0.3160 0.6269 -0.7121
vn -0.4480 0.6023 -0.6607
vn -0.5443 0.5804 -0.6057
vn -0.6272 0.5574 -0.5441
vn -0.8166 0.4710 -0.3336
vn -0.7627 0.5026 -0.4070
vn -0.6998 0.5313 -0.4774
vn -0.1122 0.9607 -0.2537
vn -0.0621 0.9922 -0.1082
vn -0.1976 0.9603 -0.1972
vn -0.0104 0.9335 -0.3584
vn -0.0321 0.9704 -0.2395
vn -0.0850 0.9276 -0.3637
vn -0.0352 0.9618 -0.2716
vn 0.0934 0.9912 -0.0939
vn 0.0747 0.9336 -0.3504
vn 0.0526 0.9645 -0.2589
vn 0.0402 0.9611 -0.2734
vn 0.0130 0.9996 -0.0243
vn -0.1051 0.9912 -0.0807
vn -0.0851 0.9962 0.0195
vn 0.1209 0.9900 -0.0728
vn -0.0165 0.9945 -0.1038
vn 0.1889 0.9661 -0.1762
vn 0.0818 0.9877 -0.1331
vn -0.1113 0.9780 -0.1764
vn -0.0348 0.9819 -0.1860
vn 0.1499 0.9624 -0.2266
vn 0.0514 0.9786 -0.1990
vn 0.2933 0.9239 -0.2458
vn 0.3422 0.9030 -0.2599
vn -0.1401 0.9803 -0.1391
vn 0.3590 0.9028 -0.2368
vn 0.3512 0.8916 -0.2858
vn 0.2576 0.9559 -0.1411
vn 0.2924 0.9060 -0.3062
vn 0.3281 0.9266 -0.1836
vn 0.2796 0.9319 -0.2310
vn 0.2012 0.9378 -0.2828
vn 0.2276 0.9327 -0.2798
vn -0.1053 0.9570 -0.2703
vn 0.2318 0.9645 -0.1265
vn 0.1642 0.9308 -0.3265
vn 0.1174 0.9541 -0.2754
vn -0.3510 0.8956 -0.2732
vn -0.1985 0.9138 -0.3544
vn -0.1493 0.9189 -0.3651
vn -0.0435 0.9922 0.1168
vn -0.1749 0.9835 0.0469
vn 0.0589 0.9971 0.0484
vn 0.1675 0.9857 -0.0170
vn -0.1825 0.9808 -0.0691
vn -0.1777 0.9692 -0.1705
vn -0.1662 0.9488 -0.2686
vn -0.4000 0.9143 -0.0642
vn 0.0997 0.9520 -0.2894
vn 0.3516 0.9267 -0.1329
vn 0.2755 0.9580 -0.0800
vn -0.2772 0.8165 -0.5065
vn -0.1994 0.8696 -0.4517
vn -0.3331 0.8659 -0.3733
vn -0.3713 0.7997 -0.4719
vn -0.2803 0.8556 -0.4352
vn -0.4621 0.7758 -0.4297
vn -0.3658 0.8350 -0.4111
vn -0.2135 0.9075 -0.3617
vn -0.2838 0.8911 -0.3542
vn -0.4510 0.8108 -0.3731
vn -0.3594 0.8683 -0.3418
vn -0.6406 0.7374 -0.2141
vn -0.6203 0.7129 -0.3270
vn -0.6902 0.6704 -0.2723
vn -0.5815 0.7978 -0.1596
vn -0.5862 0.7647 -0.2676
vn -0.5151 0.8501 -0.1092
vn -0.5411 0.8142 -0.2107
vn -0.5461 0.7469 -0.3794
vn -0.5259 0.7879 -0.3203
vn -0.4553 0.8656 -0.2085
vn -0.4983 0.8270 -0.2604
vn -0.2589 0.9629 -0.0762
vn -0.3582 0.9334 -0.0185
vn -0.2686 0.9631 0.0189
vn -0.2444 0.9547 -0.1700
vn -0.3384 0.9362 -0.0953
vn -0.2942 0.9184 -0.2646
vn -0.3160 0.9325 -0.1747
vn -0.4412 0.8952 -0.0621
vn -0.3892 0.9025 -0.1843
vn -0.4164 0.9008 -0.1229
vn -0.3614 0.8950 -0.2614
vn -0.4374 0.8426 -0.3140
vn -0.4846 0.8597 -0.1614
vn -0.2276 0.9365 -0.2669
vn -0.4213 0.8691 -0.2591
vn -0.7545 0.6223 -0.2084
vn -0.6873 0.7101 -0.1533
vn -0.6187 0.7786 -0.1049
vn -0.5447 0.8368 -0.0546
vn -0.2806 0.9526 0.1173
vn -0.3823 0.9223 0.0560
vn -0.4670 0.8842 -0.0006
vn -0.8027 0.5962 -0.0126
vn -0.7208 0.6884 -0.0809
vn -0.7856 0.6079 -0.1154
vn -0.8067 0.5838 0.0914
vn -0.7444 0.6677 0.0061
vn -0.7971 0.5715 0.1950
vn -0.7559 0.6470 0.1003
vn -0.6511 0.7578 -0.0416
vn -0.6788 0.7337 0.0321
vn -0.7505 0.6306 0.1975
vn -0.6999 0.7053 0.1126
vn -0.6485 0.6131 0.4512
vn -0.7411 0.5482 0.3876
vn -0.6992 0.5346 0.4747
vn -0.6358 0.6861 0.3536
vn -0.6915 0.6175 0.3749
vn -0.5916 0.6881 0.4202
vn -0.5756 0.7535 0.3178
vn -0.7271 0.6221 0.2904
vn -0.7744 0.5600 0.2944
vn -0.6752 0.6811 0.2831
vn -0.6172 0.7428 0.2594
vn -0.4187 0.8994 0.1256
vn -0.4007 0.8780 0.2619
vn -0.3368 0.9218 0.1921
vn -0.4975 0.8652 0.0628
vn -0.4656 0.8631 0.1958
vn -0.5755 0.8178 0.0062
vn -0.5332 0.8358 0.1309
vn -0.4651 0.8235 0.3249
vn -0.5178 0.8142 0.2627
vn -0.6323 0.7620 0.1402
vn -0.5707 0.7965 0.1999
vn -0.7032 0.6822 0.2005
vn -0.5296 0.7591 0.3786
vn -0.6055 0.7926 0.0723
vn -0.6537 0.7292 0.2025
vn -0.8459 0.5148 -0.1397
vn -0.8540 0.5198 -0.0204
vn -0.8510 0.5178 0.0878
vn -0.8382 0.5097 0.1939
vn -0.7461 0.4529 0.4881
vn -0.7862 0.4777 0.3921
vn -0.8164 0.4962 0.2955
vn 0.1571 0.9603 0.2305
vn 0.1281 0.9857 0.1095
vn 0.0490 0.9817 0.1839
vn 0.2697 0.9273 0.2596
vn 0.2122 0.9643 0.1584
vn 0.3790 0.8851 0.2701
vn 0.3056 0.9323 0.1936
vn 0.2214 0.9746 0.0338
vn 0.2839 0.9555 0.0805
vn 0.3630 0.9059 0.2183
vn 0.3527 0.9280 0.1200
vn -0.0232 0.9620 0.2722
vn 0.1055 0.8683 0.4847
vn 0.0428 0.8232 0.5661
vn -0.1086 0.8039 0.5847
vn -0.0599 0.8654 0.4975
vn -0.1752 0.7982 0.5764
vn 0.0812 0.9239 0.3740
vn 0.1074 0.8680 0.4847
vn 0.2343 0.8735 0.4267
vn 0.0380 0.9375 0.3459
vn 0.0092 0.9688 0.2479
vn -0.3785 0.9201 0.1005
vn -0.0964 0.9953 -0.0016
vn -0.3149 0.9104 0.2682
vn -0.0901 0.9830 -0.1603
vn 0.1136 0.9925 -0.0449
vn 0.2678 0.9585 -0.0981
vn 0.3444 0.9387 0.0152
vn -0.0488 0.9908 0.1263
vn -0.2489 0.8716 0.4223
vn 0.0059 0.9980 0.0629
vn 0.3094 0.9440 0.1144
vn 0.2895 0.9493 0.1229
vn -0.0066 0.9776 0.2104
vn 0.3205 0.9466 -0.0351
vn 0.1454 0.9725 0.1821
vn -0.0062 0.9663 0.2573
vn 0.1225 0.9469 0.2972
vn 0.2454 0.9155 0.3189
vn 0.3618 0.8730 0.3271
vn -0.1174 0.9919 0.0483
vn -0.0739 0.9921 0.1012
vn -0.1944 0.9045 0.3796
vn -0.2728 0.6458 0.7131
vn -0.3277 0.7246 0.6062
vn -0.3087 0.6460 0.6982
vn -0.0316 0.7758 0.6302
vn 0.3707 0.8652 0.3376
vn -0.4285 0.8676 0.2524
vn -0.3885 0.8364 0.3866
vn -0.3545 0.7893 0.5013
vn 0.0190 0.8939 0.4480
vn 0.1113 0.9228 0.3689
vn -0.0020 0.9361 0.3517
vn 0.0582 0.8407 0.5383
vn 0.1183 0.8850 0.4503
vn 0.1167 0.7781 0.6172
vn 0.1448 0.8353 0.5304
vn 0.2319 0.8956 0.3795
vn 0.2294 0.8646 0.4470
vn 0.1970 0.7753 0.6001
vn 0.2410 0.8226 0.5150
vn 0.2249 0.7443 0.6288
vn 0.3731 0.6387 0.6729
vn 0.2903 0.6294 0.7208
vn -0.0013 0.7811 0.6244
vn 0.3436 0.6956 0.6310
vn -0.2575 0.7992 0.5432
vn 0.2388 0.8743 0.4226
vn 0.2760 0.7079 0.6501
vn 0.1946 0.7069 0.6801
vn 0.3485 0.7091 0.6130
vn 0.4040 0.7258 0.5568
vn -0.0223 0.8105 0.5853
vn -0.2655 0.9419 0.2058
vn -0.1866 0.9683 0.1662
vn 0.4295 0.8136 0.3919
vn 0.0662 0.9125 0.4037
vn 0.3486 0.8554 0.3831
vn 0.4419 0.7833 0.4372
vn -0.2937 0.9185 0.2646
vn 0.1560 0.9356 0.3167
vn 0.3404 0.8306 0.4408
vn 0.4294 0.7549 0.4957
vn 0.2754 0.7706 0.5747
vn -0.2906 0.8811 0.3731
vn 0.3385 0.7997 0.4959
vn 0.3403 0.7649 0.5470
vn -0.2654 0.8618 0.4323
vn -0.3579 0.8007 0.4805
vn -0.2929 0.8555 0.4270
vn -0.1361 0.9816 0.1339
vn -0.1617 0.9628 0.2167
vn -0.1956 0.9353 0.2949
vn -0.2391 0.8995 0.3658
vn 0.1481 0.0878 -0.9851
vn 0.1061 0.1941 -0.9752
vn 0.2173 0.1457 -0.9652
vn 0.0391 0.1521 -0.9876
vn 0.0229 0.2523 -0.9674
vn -0.0421 0.2209 -0.9744
vn -0.0292 0.3253 -0.9452
vn 0.1690 0.2381 -0.9564
vn 0.2768 0.1994 -0.9400
vn 0.0880 0.2821 -0.9553
vn 0.0375 0.3425 -0.9388
vn -0.0427 0.5889 -0.8071
vn -0.0083 0.4942 -0.8693
vn -0.1050 0.4907 -0.8650
vn 0.0685 0.5636 -0.8232
vn 0.0848 0.4788 -0.8738
vn 0.1253 0.5233 -0.8429
vn 0.1737 0.4469 -0.8776
vn -0.0421 0.4086 -0.9117
vn -0.1198 0.3914 -0.9124
vn 0.0382 0.4149 -0.9090
vn 0.1236 0.4033 -0.9067
vn -0.0732 -0.0610 -0.9955
vn -0.1077 0.0717 -0.9916
vn -0.0108 0.0019 -0.9999
vn 0.0218 0.0535 -0.9983
vn 0.0061 0.1066 -0.9943
vn 0.2250 0.1555 -0.9619
vn 0.1952 0.2796 -0.9401
vn -0.1147 0.1599 -0.9805
vn 0.1337 0.3814 -0.9147
vn 0.2274 0.2842 -0.9314
vn 0.1998 0.3668 -0.9086
vn -0.0971 0.3021 -0.9483
vn 0.0366 0.3287 -0.9437
vn 0.1506 0.3214 -0.9349
vn 0.0965 0.3555 -0.9297
vn 0.2918 0.0180 -0.9563
vn 0.0652 0.0321 -0.9974
vn -0.0343 0.1146 -0.9928
vn -0.1071 0.1915 -0.9756
vn 0.3277 0.1033 -0.9391
vn 0.1928 0.0333 -0.9807
vn 0.0167 -0.1656 -0.9860
vn -0.1840 0.5753 -0.7970
vn 0.0373 0.6482 -0.7605
vn 0.0067 0.4885 -0.8725
vn -0.1354 0.3527 -0.9259
vn -0.1983 0.4646 -0.8630
vn -0.1907 0.3649 -0.9113
vn -0.1600 0.2761 -0.9477
vn 0.1054 -0.0540 -0.9930
vn 0.0805 0.0826 -0.9933
vn 0.1534 0.0172 -0.9880
vn 0.0571 -0.0936 -0.9940
vn 0.0046 -0.1555 -0.9878
vn 0.0102 0.1487 -0.9888
vn -0.0744 0.2269 -0.9711
vn -0.1591 0.3187 -0.9344
vn -0.1639 -0.0088 -0.9864
vn -0.1173 0.0851 -0.9894
vn -0.0529 0.0079 -0.9986
vn -0.2672 -0.0198 -0.9634
vn -0.2033 0.0633 -0.9771
vn -0.3654 -0.0241 -0.9305
vn -0.2884 0.0464 -0.9564
vn -0.1738 0.1648 -0.9709
vn -0.2414 0.1398 -0.9603
vn -0.3740 0.0378 -0.9266
vn -0.3073 0.1161 -0.9445
vn -0.5967 0.0861 -0.7979
vn -0.5460 -0.0099 -0.8377
vn -0.6244 0.0014 -0.7811
vn -0.5609 0.1729 -0.8096
vn -0.5328 0.0650 -0.8438
vn -0.5143 0.2595 -0.8174
vn -0.5102 0.1456 -0.8477
vn -0.4602 -0.0197 -0.8876
vn -0.4590 0.0462 -0.8872
vn -0.4725 0.2275 -0.8515
vn -0.4519 0.1177 -0.8843
vn -0.2815 0.4189 -0.8633
vn -0.3824 0.4251 -0.8204
vn -0.2917 0.5026 -0.8138
vn -0.2562 0.3311 -0.9081
vn -0.3535 0.3623 -0.8624
vn -0.2789 0.2183 -0.9352
vn -0.3173 0.2923 -0.9021
vn -0.4552 0.3436 -0.8214
vn -0.4178 0.2996 -0.8577
vn -0.3307 0.1897 -0.9245
vn -0.3742 0.2509 -0.8928
vn -0.3784 0.0999 -0.9202
vn -0.4273 0.1940 -0.8830
vn -0.2206 0.2480 -0.9433
vn -0.3785 0.1614 -0.9114
vn -0.6928 0.0148 -0.7210
vn -0.6479 0.1098 -0.7537
vn -0.6021 0.1976 -0.7736
vn -0.5505 0.2849 -0.7847
vn -0.3014 0.5665 -0.7670
vn -0.4129 0.4618 -0.7850
vn -0.4890 0.3727 -0.7887
vn -0.7660 0.1214 -0.6313
vn -0.6858 0.1418 -0.7138
vn -0.7336 0.0644 -0.6766
vn -0.7923 0.1782 -0.5836
vn -0.7184 0.1811 -0.6717
vn -0.8120 0.2380 -0.5329
vn -0.7485 0.2257 -0.6236
vn -0.6364 0.2219 -0.7388
vn -0.6998 0.2766 -0.6586
vn -0.6677 0.2479 -0.7019
vn -0.7707 0.2772 -0.5738
vn -0.7732 0.4516 -0.4452
vn -0.8271 0.3587 -0.4327
vn -0.8252 0.4157 -0.3825
vn -0.7216 0.4331 -0.5401
vn -0.7797 0.3969 -0.4843
vn -0.7112 0.4846 -0.5093
vn -0.6556 0.4583 -0.6002
vn -0.8234 0.2990 -0.4822
vn -0.7296 0.3764 -0.5709
vn -0.7808 0.3372 -0.5260
vn -0.6693 0.4049 -0.6230
vn -0.4638 0.4724 -0.7495
vn -0.4802 0.5420 -0.6897
vn -0.3939 0.5529 -0.7343
vn -0.5278 0.3880 -0.7556
vn -0.5247 0.4724 -0.7082
vn -0.5841 0.3043 -0.7525
vn -0.5711 0.3975 -0.7183
vn -0.5631 0.5288 -0.6351
vn -0.5893 0.4688 -0.6580
vn -0.6180 0.3216 -0.7174
vn -0.6174 0.4047 -0.6745
vn -0.7268 0.3157 -0.6100
vn -0.6403 0.5108 -0.5737
vn -0.6501 0.3382 -0.6804
vn -0.6803 0.3546 -0.6414
vn -0.7807 -0.0043 -0.6249
vn -0.8097 0.0721 -0.5824
vn -0.8313 0.1375 -0.5385
vn -0.8679 0.3766 -0.3239
vn -0.8659 0.3197 -0.3847
vn -0.8594 0.2619 -0.4392
vn -0.8481 0.2009 -0.4903
vn -0.7805 -0.0827 -0.6196
vn -0.6898 -0.1068 -0.7161
vn -0.7233 -0.1668 -0.6701
vn -0.7868 0.0324 -0.6163
vn -0.7433 -0.0435 -0.6676
vn -0.8213 0.0047 -0.5704
vn -0.8115 0.1155 -0.5728
vn -0.6518 -0.0471 -0.7569
vn -0.7463 0.0629 -0.6627
vn -0.7008 0.0035 -0.7133
vn -0.7755 0.1339 -0.6169
vn -0.7834 0.3700 -0.4995
vn -0.8482 0.2797 -0.4498
vn -0.8275 0.3776 -0.4155
vn -0.7328 0.3548 -0.5807
vn -0.8070 0.2853 -0.5171
vn -0.6743 0.3296 -0.6608
vn -0.7584 0.2829 -0.5872
vn -0.8535 0.1867 -0.4866
vn -0.8169 0.2006 -0.5408
vn -0.7012 0.2677 -0.6608
vn -0.7741 0.2102 -0.5972
vn -0.6325 0.2513 -0.7327
vn -0.5438 0.2473 -0.8019
vn -0.6912 0.3323 -0.6417
vn -0.6263 0.0760 -0.7758
vn -0.5804 0.1868 -0.7926
vn -0.6107 0.0148 -0.7917
vn -0.6172 0.1232 -0.7771
vn -0.6395 0.2333 -0.7326
vn -0.6097 0.2925 -0.7367
vn -0.6667 0.1705 -0.7255
vn -0.6998 0.1065 -0.7063
vn -0.8449 0.0953 -0.5263
vn -0.7216 0.2081 -0.6603
vn -0.6572 0.0597 -0.7514
vn -0.7359 0.1509 -0.6601
vn -0.7664 -0.1981 -0.6110
vn -0.7575 -0.0596 -0.6501
vn -0.8159 -0.1128 -0.5671
vn -0.8518 -0.0191 -0.5236
vn -0.6484 -0.1174 -0.7522
vn -0.6628 -0.0696 -0.7455
vn -0.7300 0.0636 -0.6805
vn -0.8673 0.3686 -0.3344
vn -0.8847 0.2611 -0.3862
vn -0.8854 0.1676 -0.4335
vn -0.8742 0.0747 -0.4797
vn -0.8935 0.3579 -0.2714
vn -0.8778 0.2506 -0.4083
vn -0.8420 0.0982 -0.5304
vn -0.8638 -0.2244 -0.4512
vn -0.8527 -0.1315 -0.5055
vn -0.8156 -0.2200 -0.5351
vn -0.9038 -0.2285 -0.3617
vn -0.8887 -0.1459 -0.4347
vn -0.9360 -0.2289 -0.2676
vn -0.9216 -0.1584 -0.3543
vn -0.8812 -0.0399 -0.4711
vn -0.9097 -0.0604 -0.4108
vn -0.9505 -0.1614 -0.2654
vn -0.9362 -0.0808 -0.3420
vn -0.9936 -0.1107 -0.0203
vn -0.9740 -0.2127 -0.0778
vn -0.9788 -0.2041 0.0167
vn -0.9978 -0.0192 -0.0635
vn -0.9868 -0.1298 -0.0966
vn -0.9861 0.0351 -0.1621
vn -0.9913 -0.0440 -0.1239
vn -0.9599 -0.2221 -0.1712
vn -0.9802 -0.0694 -0.1853
vn -0.9732 -0.1483 -0.1758
vn -0.9778 0.0062 -0.2094
vn -0.9185 0.2222 -0.3270
vn -0.9494 0.2295 -0.2145
vn -0.9128 0.3043 -0.2724
vn -0.9146 0.1402 -0.3792
vn -0.9486 0.1684 -0.2679
vn -0.9275 0.0266 -0.3730
vn -0.9416 0.1038 -0.3204
vn -0.9757 0.1495 -0.1604
vn -0.9717 0.1059 -0.2114
vn -0.9493 0.0004 -0.3144
vn -0.9634 0.0617 -0.2610
vn -0.9607 -0.0908 -0.2622
vn -0.9917 0.0665 -0.1100
vn -0.9017 0.0520 -0.4292
vn -0.9653 -0.0258 -0.2599
vn -0.9754 -0.1886 0.1144
vn -0.9950 -0.0842 0.0538
vn -1.0000 0.0086 -0.0025
vn -0.8995 0.3840 -0.2086
vn -0.9464 0.2840 -0.1537
vn -0.9758 0.1917 -0.1057
vn -0.9935 0.0990 -0.0559
vn -0.9646 -0.0477 0.2593
vn -0.9915 -0.0413 0.1234
vn -0.9740 -0.1243 0.1893
vn -0.9459 0.0344 0.3227
vn -0.9809 0.0169 0.1937
vn -0.9183 0.1213 0.3768
vn -0.9615 0.0858 0.2609
vn -0.9971 0.0444 0.0610
vn -0.9875 0.0898 0.1292
vn -0.9342 0.1651 0.3164
vn -0.9699 0.1413 0.1984
vn -0.8281 0.4055 0.3870
vn -0.8434 0.2934 0.4501
vn -0.7970 0.3740 0.4742
vn -0.8870 0.3597 0.2896
vn -0.8668 0.3301 0.3739
vn -0.8537 0.4299 0.2940
vn -0.9051 0.3768 0.1971
vn -0.9020 0.2495 0.3523
vn -0.8838 0.2087 0.4187
vn -0.9154 0.2871 0.2821
vn -0.9289 0.3117 0.1998
vn -0.9426 0.3240 -0.0813
vn -0.8983 0.4392 -0.0126
vn -0.9008 0.4186 -0.1156
vn -0.9722 0.2303 -0.0424
vn -0.9350 0.3547 0.0059
vn -0.9908 0.1356 0.0049
vn -0.9634 0.2663 0.0314
vn -0.8892 0.4482 0.0913
vn -0.9219 0.3744 0.1001
vn -0.9673 0.2121 0.1391
vn -0.9479 0.2984 0.1120
vn -0.9435 0.2075 0.2582
vn -0.8741 0.4450 0.1948
vn -0.9822 0.1740 0.0710
vn -0.9480 0.2464 0.2015
vn -0.9433 -0.2030 0.2628
vn -0.9394 -0.1023 0.3272
vn -0.9236 -0.0102 0.3832
vn -0.8970 0.0803 0.4347
vn -0.7629 0.3334 0.5539
vn -0.8176 0.2505 0.5184
vn -0.8614 0.1672 0.4797
vn -0.6478 0.3681 0.6670
vn -0.6295 0.1769 0.7566
vn -0.7116 0.2738 0.6470
vn -0.5783 0.4482 0.6817
vn -0.5654 0.2510 0.7857
vn -0.3971 0.3399 0.8525
vn -0.4874 0.3090 0.8167
vn -0.5036 0.0483 0.8626
vn -0.3677 0.1514 0.9176
vn -0.4485 0.1065 0.8874
vn -0.2823 0.2091 0.9363
vn -0.0454 0.4191 0.9068
vn -0.1903 0.5740 0.7964
vn -0.0918 0.5722 0.8150
vn -0.1712 0.4228 0.8899
vn -0.1285 0.3902 0.9117
vn -0.2975 0.4258 0.8545
vn -0.2017 0.3588 0.9114
vn -0.3232 0.5500 0.7701
vn -0.2668 0.3654 0.8918
vn -0.3152 0.3648 0.8761
vn -0.2361 0.2859 0.9287
vn -0.5872 0.2853 0.7575
vn -0.5131 0.3934 0.7629
vn -0.6007 0.3663 0.7106
vn -0.4997 0.2408 0.8321
vn -0.5105 0.3192 0.7985
vn -0.5659 0.2014 0.7995
vn -0.4739 0.1565 0.8666
vn -0.4206 0.3477 0.8380
vn -0.4124 0.4144 0.8113
vn -0.4259 0.2782 0.8609
vn -0.4134 0.1989 0.8886
vn -0.4747 0.5054 0.7206
vn -0.3335 0.3022 0.8930
vn -0.5331 0.1136 0.8384
vn -0.3471 0.2394 0.9068
vn -0.6760 0.2157 0.7046
vn -0.7830 0.1708 0.5982
vn -0.6082 0.3295 0.7222
vn -0.5428 0.4320 0.7202
vn -0.6567 0.0669 0.7512
vn -0.5494 -0.0158 0.8354
vn -0.5863 0.0746 0.8067
vn -0.0983 0.7441 0.6609
vn -0.2797 0.7049 0.6519
vn -0.3821 0.6291 0.6770
vn -0.4689 0.5318 0.7053
vn -0.6758 0.3304 0.6590
vn -0.6526 0.2463 0.7165
vn -0.6232 0.1628 0.7649
vn -0.4855 0.1839 0.8547
vn -0.5460 0.2973 0.7833
vn -0.5891 0.1988 0.7832
vn -0.3715 0.1713 0.9125
vn -0.4635 0.2668 0.8449
vn -0.2582 0.2286 0.9387
vn -0.3666 0.2407 0.8987
vn -0.4945 0.3987 0.7723
vn -0.3547 0.3179 0.8793
vn -0.4323 0.3599 0.8268
vn -0.2629 0.2930 0.9193
vn 0.0669 0.2781 0.9582
vn 0.0091 0.1696 0.9855
vn 0.1380 0.1871 0.9726
vn 0.0049 0.3724 0.9281
vn -0.0372 0.2524 0.9669
vn -0.0460 0.4692 0.8819
vn -0.0797 0.3418 0.9364
vn -0.1209 0.1614 0.9794
vn -0.1469 0.2337 0.9612
vn -0.1201 0.4363 0.8918
vn -0.1674 0.3112 0.9355
vn -0.2458 0.6805 0.6904
vn -0.1181 0.6635 0.7388
vn -0.1295 0.7536 0.6444
vn -0.3467 0.5953 0.7249
vn -0.2108 0.6101 0.7638
vn -0.4307 0.4995 0.7517
vn -0.3006 0.5426 0.7843
vn -0.0881 0.5666 0.8193
vn -0.1660 0.5278 0.8330
vn -0.3806 0.4563 0.8043
vn -0.2457 0.4801 0.8421
vn -0.2481 0.1625 0.9550
vn -0.1911 0.4004 0.8962
vn -0.3213 0.4089 0.8542
vn -0.2604 0.3636 0.8944
vn 0.1487 0.2517 0.9563
vn 0.1596 0.3110 0.9369
vn 0.0816 0.4015 0.9122
vn 0.0242 0.4959 0.8680
vn 0.0008 0.8162 0.5778
vn -0.0195 0.7033 0.7107
vn -0.0119 0.5961 0.8028
vn -0.1025 0.2313 0.9675
vn -0.0549 0.3582 0.9320
vn 0.1980 0.3677 0.9086
vn -0.3041 0.1745 0.9365
vn -0.3465 0.2672 0.8992
vn -0.2459 0.2399 0.9391
vn -0.2935 0.3224 0.9000
vn 0.2076 0.4602 0.8632
vn 0.1520 0.4309 0.8895
vn -0.0949 0.3835 0.9187
vn -0.3597 0.3464 0.8664
vn -0.0949 0.4747 0.8750
vn -0.0677 0.3986 0.9146
vn -0.0003 0.4402 0.8979
vn -0.1794 0.5023 0.8459
vn -0.1763 0.4239 0.8884
vn -0.2624 0.5326 0.8047
vn -0.2620 0.4487 0.8544
vn -0.1306 0.3548 0.9258
vn -0.2391 0.3756 0.8954
vn -0.3384 0.4737 0.8131
vn -0.3169 0.3985 0.8607
vn -0.0501 0.7456 0.6646
vn 0.0107 0.6549 0.7556
vn -0.2626 0.6209 0.7386
vn 0.0845 0.7214 0.6874
vn 0.1528 0.6277 0.7633
vn 0.0675 0.6167 0.7843
vn 0.1666 0.5380 0.8263
vn -0.2943 0.5269 0.7973
vn -0.3469 0.5635 0.7497
vn -0.0610 0.5459 0.8356
vn 0.0802 0.5345 0.8413
vn -0.1892 0.3009 0.9347
vn -0.3549 0.4253 0.8326
vn 0.0935 0.5185 0.8499
vn -0.2928 0.3780 0.8783
vn -0.2296 0.0426 0.9723
vn -0.1614 0.1405 0.9768
vn -0.1007 0.2169 0.9710
vn 0.0934 0.4988 0.8617
vn 0.1204 0.4032 0.9071
vn 0.1680 0.4558 0.8741
vn 0.0263 0.5227 0.8521
vn -0.0527 0.5503 0.8333
vn -0.1370 0.5893 0.7962
vn 0.0693 0.3796 0.9226
vn 0.0130 0.3379 0.9411
vn -0.0435 0.2829 0.9582
vn -0.2797 0.6275 0.7267
vn -0.3196 0.6776 0.6624
vn -0.2257 0.6353 0.7386
vn -0.0053 -0.0507 -0.9987
vn -0.1856 0.0797 -0.9794
vn 0.1262 0.0553 -0.9905
vn -0.0405 -0.1157 -0.9925
vn -0.1753 0.1803 -0.9679
vn 0.0032 -0.1281 -0.9918
vn -0.1455 0.2545 -0.9561
vn 0.0703 -0.0646 -0.9954
vn -0.1123 0.3260 -0.9387
vn 0.1286 -0.0149 -0.9916
vn -0.0884 0.3888 -0.9171
vn 0.1754 0.0072 -0.9845
vn -0.0772 0.4271 -0.9009
vn -0.2978 0.0901 -0.9504
vn -0.2910 0.1917 -0.9373
vn -0.2833 0.2871 -0.9151
vn -0.2745 0.3728 -0.8864
vn -0.2629 0.4448 -0.8562
vn -0.0845 0.4073 -0.9094
vn -0.2460 0.5014 -0.8295
vn -0.1917 0.1554 -0.9691
vn -0.1594 0.2449 -0.9564
vn -0.1277 0.3269 -0.9364
vn -0.0969 0.4009 -0.9110
vn -0.0675 0.4656 -0.8824
vn -0.2288 0.5533 -0.8009
vn -0.0661 0.5125 -0.8561
vn 0.0303 0.1403 -0.9896
vn -0.0017 0.2600 -0.9656
vn -0.0312 0.3684 -0.9292
vn -0.0597 0.4670 -0.8822
vn -0.1178 0.3705 -0.9213
vn -0.1019 0.5585 -0.8232
vn -0.1736 0.2839 -0.9430
vn -0.0863 -0.1403 -0.9863
vn -0.1165 -0.0123 -0.9931
vn -0.1525 0.1028 -0.9829
vn -0.1852 0.2120 -0.9595
vn -0.1810 0.2850 -0.9413
vn -0.1805 0.3925 -0.9019
vn -0.1511 0.3563 -0.9221
vn -0.0363 -0.0970 -0.9946
vn -0.0309 0.0116 -0.9995
vn -0.0154 0.1129 -0.9935
vn 0.0088 0.2081 -0.9781
vn 0.0412 0.2956 -0.9544
vn -0.1174 0.4162 -0.9017
vn 0.0787 0.3740 -0.9241
vn 0.2082 0.0491 -0.9769
vn 0.2369 0.0570 -0.9699
vn -0.2252 0.6017 -0.7663
vn -0.1183 0.5851 -0.8023
vn -0.1938 0.5109 -0.8375
vn -0.1085 0.4758 -0.8729
vn 0.1225 0.4322 -0.8934
vn 0.1595 0.4897 -0.8572
vn 0.2903 0.4609 -0.8386
vn 0.2844 0.3629 -0.8874
vn 0.2404 0.2838 -0.9283
vn 0.2057 0.1972 -0.9585
vn 0.1816 0.1025 -0.9780
vn 0.1671 0.0013 -0.9859
vn 0.1609 -0.1128 -0.9805
vn -0.0573 -0.2032 -0.9775
vn 0.1838 -0.2317 -0.9553
vn -0.0103 -0.0579 -0.9983
vn 0.0281 0.0524 -0.9982
vn -0.2240 0.0606 -0.9727
vn -0.3046 -0.0131 -0.9524
vn -0.1577 -0.0342 -0.9869
vn -0.3720 -0.7730 -0.5139
vn -0.2373 -0.8522 -0.4664
vn -0.3665 -0.8454 -0.3887
vn -0.3340 -0.7336 -0.5919
vn -0.1868 -0.8159 -0.5472
vn -0.2767 -0.6969 -0.6616
vn -0.1326 -0.7728 -0.6206
vn -0.2200 -0.6605 -0.7179
vn -0.0773 -0.7262 -0.6831
vn -0.1663 -0.6258 -0.7620
vn -0.0241 -0.6790 -0.7338
vn -0.1176 -0.5973 -0.7933
vn 0.0225 -0.6332 -0.7736
vn 0.0131 -0.8763 -0.4815
vn 0.0548 -0.8276 -0.5586
vn 0.1016 -0.7744 -0.6245
vn 0.1491 -0.7183 -0.6795
vn 0.1934 -0.6623 -0.7239
vn 0.0603 -0.5891 -0.8058
vn 0.2307 -0.6091 -0.7588
vn 0.1334 -0.8421 -0.5225
vn 0.1713 -0.7748 -0.6086
vn 0.2079 -0.7024 -0.6807
vn 0.2409 -0.6274 -0.7405
vn 0.2665 -0.5572 -0.7864
vn 0.2530 -0.5624 -0.7872
vn 0.2515 -0.5709 -0.7816
vn 0.1178 -0.7547 -0.6454
vn 0.1446 -0.6805 -0.7184
vn 0.1716 -0.5984 -0.7826
vn 0.1964 -0.5276 -0.8265
vn 0.1838 -0.6987 -0.6914
vn 0.1754 -0.7123 -0.6796
vn 0.1518 -0.8478 -0.5081
vn 0.2097 -0.7064 -0.6760
vn 0.2339 -0.6144 -0.7535
vn 0.2626 -0.5156 -0.8156
vn 0.2810 -0.4661 -0.8389
vn 0.2703 -0.6693 -0.6921
vn 0.1719 -0.8226 -0.5420
vn 0.2315 -0.7739 -0.5894
vn 0.1397 -0.6408 -0.7549
vn 0.1278 -0.4996 -0.8568
vn 0.0904 -0.4436 -0.8917
vn -0.0170 -0.5799 -0.8145
vn -0.0900 -0.6396 -0.7634
vn 0.2299 -0.7529 -0.6167
vn -0.0632 -0.5489 -0.8335
vn -0.0390 -0.8294 -0.5573
vn -0.2544 -0.8929 -0.3715
vn -0.1773 -0.8835 -0.4336
vn -0.2348 -0.8389 -0.4910
vn -0.3082 -0.7770 -0.5488
vn -0.3387 -0.6296 -0.6992
vn -0.3160 -0.5959 -0.7383
vn -0.2640 -0.5806 -0.7702
vn -0.2099 -0.5371 -0.8170
vn -0.0837 -0.5389 -0.8382
vn 0.0791 -0.5334 -0.8422
vn 0.2324 -0.5354 -0.8120
vn 0.1327 -0.7758 -0.6168
vn 0.1909 -0.7849 -0.5895
vn 0.2489 -0.7911 -0.5587
vn -0.0510 -0.5365 -0.8423
vn -0.0361 -0.6747 -0.7372
vn -0.0724 -0.1756 -0.9818
vn -0.1752 -0.2472 -0.9530
vn -0.2432 -0.3286 -0.9126
vn -0.2977 -0.4067 -0.8637
vn -0.3150 -0.4833 -0.8168
vn -0.2854 -0.5900 -0.7553
vn -0.2436 -0.6884 -0.6832
vn -0.2153 -0.7601 -0.6130
vn 0.1425 -0.7550 -0.6401
vn 0.1913 -0.7890 -0.5839
vn 0.0904 -0.8211 -0.5636
vn 0.0967 -0.9024 -0.4199
vn -0.0166 -0.9202 -0.3911
vn -0.2748 -0.8863 -0.3728
vn -0.2187 0.8967 0.3849
vn -0.0259 0.9665 0.2554
vn -0.2527 0.9329 0.2565
vn -0.1898 0.8429 0.5035
vn -0.0040 0.9225 0.3859
vn -0.1670 0.7734 0.6115
vn 0.0163 0.8627 0.5055
vn -0.1511 0.6907 0.7072
vn 0.0323 0.7888 0.6138
vn -0.1427 0.5964 0.7899
vn 0.0414 0.7026 0.7104
vn 0.0405 0.5018 0.8640
vn 0.0442 0.6065 0.7938
vn 0.2141 0.9434 0.2532
vn 0.2241 0.8966 0.3819
vn 0.2342 0.8339 0.4998
vn 0.2415 0.7577 0.6063
vn 0.2435 0.6701 0.7012
vn 0.2144 0.5907 0.7779
vn 0.3261 0.9080 0.2630
vn 0.2879 0.8667 0.4073
vn 0.2340 0.8038 0.5469
vn 0.1675 0.7201 0.6733
vn 0.0655 0.8212 0.5669
vn 0.1214 0.5202 0.8453
vn -0.0379 0.9151 0.4014
vn 0.0823 0.9954 -0.0492
vn 0.0235 0.9994 0.0268
vn -0.0462 0.9921 0.1167
vn -0.1191 0.9698 0.2128
vn -0.1509 0.9488 0.2775
vn -0.0850 0.8918 0.4444
vn -0.1421 0.9258 0.3503
vn 0.0228 0.9989 -0.0400
vn 0.0295 0.9988 0.0401
vn 0.0408 0.9919 0.1205
vn 0.0570 0.9781 0.2004
vn 0.0779 0.9573 0.2783
vn -0.1313 0.8963 0.4237
vn 0.1007 0.9301 0.3533
vn 0.2311 0.9719 -0.0446
vn 0.2374 0.9709 0.0321
vn 0.2487 0.9623 0.1098
vn 0.2662 0.9455 0.1873
vn 0.2902 0.9200 0.2633
vn 0.1252 0.8963 0.4254
vn 0.2818 0.8999 0.3328
vn -0.2797 0.9528 0.1177
vn -0.0978 0.7110 0.6964
vn 0.0026 0.9568 0.2907
vn 0.1480 0.7408 0.6552
vn 0.0345 0.4539 0.8904
vn -0.1245 0.8111 0.5715
vn -0.1377 0.8587 0.4937
vn 0.1268 0.8587 0.4966
vn 0.2077 0.8764 0.4346
vn 0.0989 0.9192 0.3811
vn -0.0093 0.9863 0.1647
vn 0.0634 0.9980 -0.0045
vn 0.2186 0.9711 0.0956
vn 0.3475 0.9180 0.1911
vn 0.3672 0.9244 0.1034
vn 0.3702 0.9288 0.0184
vn 0.3732 0.9263 -0.0527
vn 0.2290 0.9660 -0.1197
vn 0.3841 0.9138 -0.1319
vn 0.0201 0.9927 -0.1186
vn 0.1361 0.9854 -0.1020
vn 0.3431 0.9312 0.1233
vn 0.2100 0.9707 0.1166
vn -0.0377 0.9924 0.1168
vn -0.8805 -0.0542 -0.4710
vn -0.8518 0.0361 -0.5227
vn -0.8346 -0.0359 -0.5498
vn -0.9178 -0.0650 -0.3916
vn -0.8893 0.0102 -0.4571
vn -0.9482 -0.0684 -0.3102
vn -0.9222 -0.0085 -0.3866
vn -0.8664 0.1035 -0.4884
vn -0.8977 0.0738 -0.4343
vn -0.9501 -0.0162 -0.3116
vn -0.9253 0.0481 -0.3762
vn -0.8475 0.0111 -0.5307
vn -0.9018 0.2562 -0.3481
vn -0.7555 0.2489 -0.6061
vn -0.9253 -0.0202 -0.3786
vn -0.9828 0.0359 -0.1814
vn -0.9541 0.1176 -0.2756
vn -0.9805 0.0617 -0.1864
vn -0.9559 0.0476 -0.2899
vn -0.9716 -0.0105 -0.2365
vn -0.9690 0.1208 -0.2154
vn -0.9682 0.0435 -0.2465
vn -0.9028 0.3248 -0.2819
vn -0.9265 0.2303 -0.2977
vn -0.9332 0.2664 -0.2414
vn -0.8981 0.2775 -0.3412
vn -0.9171 0.1873 -0.3520
vn -0.8899 0.2253 -0.3966
vn -0.9067 0.1345 -0.3997
vn -0.9507 0.1781 -0.2539
vn -0.9577 0.2059 -0.2008
vn -0.9406 0.1476 -0.3057
vn -0.9297 0.1050 -0.3531
vn -0.9593 0.0992 -0.2645
vn -0.8792 0.1669 -0.4463
vn -0.9478 0.0786 -0.3091
vn -0.9498 0.0326 -0.3110
vn -0.8200 -0.1091 -0.5618
vn -0.8739 -0.1160 -0.4720
vn -0.9132 -0.1194 -0.3896
vn -0.8346 0.3483 -0.4268
vn -0.7912 0.4108 -0.4530
vn -0.8420 0.3057 -0.4446
vn -0.8981 0.0617 -0.4355
vn -0.7860 -0.0428 -0.6168
vn -0.8673 -0.1434 -0.4767
vn -0.8280 -0.1873 -0.5286
vn -0.6539 0.1505 -0.7415
vn -0.7582 0.0875 -0.6461
vn -0.6692 0.0948 -0.7370
vn -0.6689 0.1996 -0.7161
vn -0.8574 0.0315 -0.5136
vn -0.7066 0.2470 -0.6631
vn -0.7317 0.1487 -0.6652
vn -0.7060 0.2207 -0.6730
vn -0.7988 -0.0683 -0.5977
vn -0.7356 -0.0660 -0.6742
vn -0.7614 -0.1450 -0.6318
vn -0.8275 0.0094 -0.5614
vn -0.7701 -0.0104 -0.6378
vn -0.8476 0.0887 -0.5231
vn -0.7984 0.0503 -0.6000
vn -0.7047 0.0134 -0.7094
vn -0.7377 0.0523 -0.6731
vn -0.8186 0.1184 -0.5621
vn -0.7665 0.0942 -0.6354
vn -0.8109 0.3423 -0.4746
vn -0.8591 0.2535 -0.4446
vn -0.8507 0.3356 -0.4046
vn -0.7848 0.3269 -0.5265
vn -0.8224 0.2705 -0.5005
vn -0.7335 0.2924 -0.6136
vn -0.7807 0.2850 -0.5561
vn -0.8583 0.1711 -0.4837
vn -0.8263 0.1951 -0.5284
vn -0.7469 0.2335 -0.6226
vn -0.7906 0.2181 -0.5722
vn -0.7024 0.1224 -0.7011
vn -0.7885 0.1468 -0.5972
vn -0.7666 0.2420 -0.5947
vn -0.7573 0.1749 -0.6293
vn -0.7856 -0.2211 -0.5779
vn -0.8268 -0.1187 -0.5499
vn -0.8543 -0.0276 -0.5191
vn -0.8738 0.0591 -0.4826
vn -0.8857 0.3228 -0.3338
vn -0.8904 0.2301 -0.3927
vn -0.8860 0.1449 -0.4404
vn -0.8664 -0.2555 -0.4291
vn -0.8568 -0.1516 -0.4929
vn -0.8254 -0.2465 -0.5079
vn -0.9014 -0.2548 -0.3500
vn -0.8881 -0.1718 -0.4263
vn -0.9313 -0.2451 -0.2695
vn -0.9169 -0.1830 -0.3547
vn -0.8804 -0.0607 -0.4704
vn -0.9053 -0.0895 -0.4152
vn -0.9428 -0.1808 -0.2802
vn -0.9282 -0.1130 -0.3544
vn -0.9855 -0.1673 -0.0273
vn -0.9824 -0.1311 -0.1327
vn -0.9739 -0.2004 -0.1069
vn -0.9935 -0.0930 -0.0649
vn -0.9852 -0.0575 -0.1615
vn -0.9945 -0.0163 -0.1036
vn -0.9799 0.0183 -0.1988
vn -0.9652 -0.1624 -0.2052
vn -0.9556 -0.2268 -0.1880
vn -0.9704 -0.0967 -0.2215
vn -0.9682 -0.0245 -0.2490
vn -0.9187 0.1922 -0.3450
vn -0.9492 0.2035 -0.2401
vn -0.9200 0.2678 -0.2861
vn -0.9111 0.1129 -0.3964
vn -0.9440 0.1433 -0.2971
vn -0.8981 0.0285 -0.4389
vn -0.9340 0.0751 -0.3493
vn -0.9719 0.1349 -0.1929
vn -0.9652 0.0862 -0.2468
vn -0.9204 -0.0035 -0.3909
vn -0.9538 0.0317 -0.2986
vn -0.9500 -0.1217 -0.2876
vn -0.9874 0.0609 -0.1462
vn -0.9393 -0.0349 -0.3414
vn -0.9539 -0.0624 -0.2934
vn -0.7895 -0.3465 -0.5066
vn -0.8417 -0.3398 -0.4196
vn -0.8822 -0.3271 -0.3387
vn -0.9156 -0.3101 -0.2561
vn -0.9705 -0.2409 0.0054
vn -0.9596 -0.2685 -0.0844
vn -0.9415 -0.2906 -0.1706
vn -0.8533 -0.2645 0.4493
vn -0.9054 -0.1429 0.3997
vn -0.9022 -0.2402 0.3581
vn -0.7976 -0.2821 0.5331
vn -0.8629 -0.1744 0.4744
vn -0.7490 -0.2128 0.6274
vn -0.8122 -0.1997 0.5482
vn -0.8947 -0.0478 0.4442
vn -0.8590 -0.0812 0.5056
vn -0.7615 -0.1325 0.6345
vn -0.8176 -0.1113 0.5650
vn -0.6125 -0.0694 0.7875
vn -0.7032 -0.1734 0.6895
vn -0.8012 0.0515 0.5962
vn -0.5949 -0.0542 0.8020
vn -0.6174 -0.1801 0.7657
vn -0.6369 0.0387 0.7700
vn -0.6495 -0.0862 0.7554
vn -0.6624 -0.2841 0.6931
vn -0.6831 -0.2033 0.7014
vn -0.6861 0.0044 0.7275
vn -0.7034 -0.1155 0.7013
vn -0.7904 0.2002 0.5789
vn -0.7095 0.1991 0.6760
vn -0.7374 0.2700 0.6192
vn -0.8040 0.0811 0.5891
vn -0.7602 0.1439 0.6336
vn -0.8350 0.1251 0.5359
vn -0.8387 0.0066 0.5445
vn -0.7252 0.0806 0.6838
vn -0.6758 0.1231 0.7268
vn -0.7692 0.0356 0.6381
vn -0.8051 -0.0251 0.5926
vn -0.7322 -0.2897 0.6164
vn -0.7303 -0.0268 0.6826
vn -0.8705 0.0426 0.4904
vn -0.7684 -0.0573 0.6374
vn -0.8845 -0.3329 0.3269
vn -0.8325 -0.3439 0.4343
vn -0.7766 -0.3526 0.5222
vn -0.8522 0.0591 0.5199
vn -0.8267 -0.0391 0.5613
vn -0.7346 -0.2917 0.6126
vn -0.7131 -0.3566 0.6036
vn -0.7850 -0.5055 0.3581
vn -0.7990 -0.4189 0.4314
vn -0.8385 -0.4241 0.3422
vn -0.7246 -0.5823 0.3686
vn -0.7573 -0.4891 0.4327
vn -0.8192 -0.4679 0.3315
vn -0.7202 -0.5519 0.4204
vn -0.7500 -0.4160 0.5142
vn -0.7196 -0.4759 0.5057
vn -0.8664 -0.4239 0.2638
vn -0.7424 -0.4752 0.4722
vn -0.8794 -0.4443 0.1709
vn -0.9017 -0.4294 0.0500
vn -0.8603 -0.5025 0.0853
vn -0.9193 -0.3344 0.2074
vn -0.9123 -0.3887 0.1290
vn -0.8921 -0.3759 0.2506
vn -0.9239 -0.2667 0.2743
vn -0.9187 -0.3665 0.1475
vn -0.8640 -0.4938 0.0983
vn -0.9438 -0.2890 0.1602
vn -0.9448 -0.2352 0.2282
vn -0.8926 -0.0805 0.4436
vn -0.8888 -0.1313 0.4392
vn -0.8729 -0.0390 0.4864
vn -0.8208 -0.2629 0.5072
vn -0.9221 -0.1217 0.3672
vn -0.7205 -0.3884 0.5744
vn -0.8832 -0.1956 0.4264
vn -0.8972 -0.2180 0.3841
vn -0.9262 -0.1918 0.3245
vn -0.7769 -0.4303 0.4597
vn -0.9316 -0.2167 0.2917
vn -0.7746 -0.5476 0.3164
vn -0.8982 -0.2993 0.3220
vn -0.9231 -0.2722 0.2717
vn -0.8620 -0.3437 0.3725
vn -0.8115 -0.5702 0.1278
vn -0.8424 -0.4931 0.2172
vn -0.8604 -0.4146 0.2962
vn -0.8110 -0.0546 0.5825
vn -0.8436 -0.1589 0.5130
vn -0.8619 -0.2480 0.4423
vn -0.8672 -0.3323 0.3708
vn -0.6978 -0.6445 0.3124
vn -0.7957 -0.5360 0.2821
vn -0.7620 -0.6118 0.2123
vn -0.6168 -0.6694 0.4142
vn -0.7327 -0.5759 0.3625
vn -0.5615 -0.6241 0.5432
vn -0.6533 -0.6092 0.4495
vn -0.8181 -0.4545 0.3525
vn -0.7600 -0.4966 0.4194
vn -0.5985 -0.5592 0.5736
vn -0.6869 -0.5364 0.4904
vn -0.2925 -0.5771 0.7625
vn -0.3130 -0.6630 0.6800
vn -0.1897 -0.6443 0.7408
vn -0.3981 -0.4987 0.7699
vn -0.3856 -0.5985 0.7022
vn -0.5001 -0.4115 0.7620
vn -0.4663 -0.5209 0.7150
vn -0.4227 -0.6757 0.6040
vn -0.4741 -0.6153 0.6298
vn -0.5516 -0.4378 0.7100
vn -0.5296 -0.5429 0.6517
vn -0.7888 -0.2076 0.5786
vn -0.6804 -0.2190 0.6994
vn -0.7520 -0.1268 0.6469
vn -0.7515 -0.3395 0.5657
vn -0.7198 -0.2762 0.6368
vn -0.8145 -0.2887 0.5032
vn -0.7688 -0.4130 0.4883
vn -0.6383 -0.3551 0.6830
vn -0.5951 -0.3169 0.7385
vn -0.6759 -0.3950 0.6222
vn -0.7023 -0.4538 0.5484
vn -0.5234 -0.6803 0.5130
vn -0.5945 -0.4633 0.6572
vn -0.8253 -0.3703 0.4265
vn -0.6313 -0.4914 0.5999
vn -0.7208 -0.6704 0.1760
vn -0.6569 -0.7047 0.2681
vn -0.5823 -0.7164 0.3843
vn -0.4913 -0.7215 0.4880
vn -0.1080 -0.6809 0.7244
vn -0.2634 -0.7052 0.6583
vn -0.3855 -0.7175 0.5802
vn -0.0399 -0.2104 0.9768
vn 0.0336 -0.6673 0.7440
vn -0.0587 -0.3241 0.9442
vn 0.0537 -0.2824 0.9578
vn 0.1031 -0.6445 0.7576
vn 0.1385 -0.3421 0.9294
vn 0.1706 -0.6500 0.7406
vn 0.2125 -0.3786 0.9008
vn 0.2380 -0.6749 0.6985
vn 0.2757 -0.3865 0.8801
vn 0.3002 -0.7043 0.6433
vn 0.3250 -0.3564 0.8760
vn 0.3182 -0.7618 0.5643
vn 0.2418 -0.6713 0.7006
vn 0.2604 -0.7000 0.6650
vn 0.1821 -0.8606 0.4756
vn 0.1135 -0.9637 0.2418
vn -0.1293 -0.5788 0.8052
vn 0.1312 -0.6586 0.7410
vn -0.3562 -0.1239 0.9262
vn -0.0753 -0.3434 0.9362
vn -0.2837 0.0536 0.9574
vn -0.4785 -0.3450 0.8075
vn -0.3029 0.1458 0.9418
vn -0.4634 -0.4138 0.7836
vn -0.3731 -0.3631 0.8538
vn -0.4230 -0.4766 0.7707
vn -0.4270 -0.3403 0.8377
vn -0.4176 -0.2534 0.8726
vn -0.3777 -0.3161 0.8703
vn -0.3265 -0.4000 0.8564
vn -0.2713 -0.4747 0.8373
vn -0.3859 -0.5268 0.7573
vn -0.2174 -0.5294 0.8201
vn -0.2875 -0.2040 0.9358
vn -0.2443 -0.2649 0.9328
vn -0.1859 -0.3444 0.9203
vn -0.1183 -0.4277 0.8961
vn -0.0475 -0.5023 0.8634
vn -0.1670 -0.5656 0.8076
vn 0.0205 -0.5547 0.8318
vn -0.1283 -0.2077 0.9697
vn -0.0665 -0.2662 0.9616
vn 0.0073 -0.3369 0.9415
vn 0.0877 -0.4133 0.9064
vn 0.1703 -0.4846 0.8580
vn 0.0844 -0.5695 0.8176
vn 0.2507 -0.5398 0.8036
vn 0.1679 -0.5438 0.8222
vn 0.0706 -0.5377 0.8402
vn 0.0119 -0.2207 0.9753
vn -0.0294 -0.0637 0.9975
vn 0.0533 -0.1534 0.9867
vn 0.1283 -0.2141 0.9683
vn 0.1953 -0.2466 0.9492
vn 0.2491 -0.2631 0.9321
vn 0.3108 -0.3044 0.9004
vn 0.3213 -0.2712 0.9073
vn -0.0034 -0.2180 0.9759
vn -0.3808 -0.5544 0.7400
vn -0.3583 -0.5832 0.7290
vn -0.1275 -0.6129 0.7798
vn 0.1457 -0.5978 0.7883
vn 0.3206 -0.5485 0.7722
vn 0.3920 -0.5379 0.7463
vn 0.3571 -0.4206 0.8340
vn 0.4260 -0.4595 0.7794
vn 0.3427 -0.4136 0.8435
vn 0.2569 -0.3568 0.8982
vn 0.1723 -0.2934 0.9403
vn 0.0907 -0.2360 0.9675
vn 0.0194 -0.1845 0.9827
vn -0.0573 -0.1257 0.9904
vn -0.1623 -0.1528 0.9749
vn -0.3068 -0.2978 0.9040
vn -0.4020 -0.4320 0.8073
vn 0.0608 -0.7098 0.7018
vn 0.2087 -0.6496 0.7311
vn -0.0300 -0.6737 0.7384
vn -0.1306 -0.4860 -0.8642
vn -0.0022 -0.4573 -0.8893
vn 0.0444 -0.4889 -0.8712
vn -0.1854 -0.4546 -0.8712
vn -0.0590 -0.4093 -0.9105
vn -0.2477 -0.4019 -0.8816
vn -0.1224 -0.3389 -0.9328
vn -0.2832 -0.3267 -0.9017
vn -0.1867 -0.2528 -0.9493
vn -0.1420 -0.4035 -0.9039
vn -0.2246 -0.1728 -0.9590
vn 0.0195 -0.4760 -0.8792
vn -0.1720 0.0156 -0.9850
vn 0.1940 -0.4373 -0.8781
vn 0.2031 -0.4969 -0.8437
vn 0.1543 -0.3978 -0.9044
vn 0.0975 -0.3382 -0.9360
vn 0.0373 -0.2650 -0.9635
vn -0.0205 -0.1923 -0.9811
vn -0.0717 -0.1293 -0.9890
vn 0.0868 -0.5192 -0.8503
vn 0.1177 -0.6484 -0.7521
vn 0.1089 -0.5757 -0.8104
vn 0.1355 -0.6187 -0.7738
vn 0.1166 -0.4877 -0.8652
vn 0.0887 -0.3515 -0.9320
vn 0.0500 -0.2285 -0.9723
vn 0.1053 -0.7197 -0.6863
vn 0.1554 -0.7491 -0.6439
vn 0.0494 -0.6803 -0.7312
vn 0.0010 -0.6295 -0.7770
vn -0.0157 -0.5192 -0.8545
vn -0.0231 -0.4247 -0.9051
vn -0.0230 -0.3873 -0.9217
vn 0.3146 -0.7031 -0.6377
vn 0.2992 -0.7847 -0.5429
vn 0.2679 -0.6692 -0.6931
vn 0.2040 -0.6263 -0.7524
vn 0.1395 -0.5856 -0.7985
vn 0.0804 -0.5549 -0.8280
vn 0.0315 -0.5325 -0.8459
vn 0.1714 -0.7360 -0.6550
vn 0.1050 -0.7489 -0.6543
vn 0.2603 -0.7108 -0.6535
vn 0.3345 -0.6643 -0.6685
vn 0.3108 -0.5661 -0.7635
vn 0.2541 -0.5389 -0.8032
vn 0.1989 -0.5235 -0.8285
vn -0.2741 -0.4824 -0.8320
vn -0.3154 -0.4443 -0.8385
vn -0.1568 -0.6409 -0.7515
vn 0.0675 -0.5462 -0.8350
vn 0.0549 -0.4364 -0.8981
vn -0.0409 -0.3471 -0.9369
vn 0.0328 -0.3380 -0.9406
vn -0.1588 -0.2302 -0.9601
vn -0.0342 -0.2586 -0.9654
vn -0.0876 0.0278 -0.9958
vn -0.1103 -0.0683 -0.9915
vn 0.0060 -0.1148 -0.9934
vn -0.0250 -0.4204 -0.9070
vn -0.0081 -0.4967 -0.8679
vn 0.1489 -0.4888 -0.8596
vn 0.2668 -0.4604 -0.8467
vn 0.3327 -0.4917 -0.8047
vn 0.2939 -0.4813 -0.8258
vn 0.1397 -0.5670 -0.8118
vn 0.0367 -0.7644 -0.6437
vn 0.0675 -0.8466 -0.5279
vn 0.0187 -0.7802 -0.6253
vn 0.0217 -0.7745 -0.6322
vn 0.1100 -0.3899 -0.9143
vn 0.2229 0.1052 -0.9691
vn 0.2580 0.0732 -0.9634
vn 0.1317 -0.0182 -0.9911
vn 0.1656 0.1777 -0.9701
vn 0.2730 0.2685 -0.9238
vn 0.0937 0.2701 -0.9583
vn 0.2167 0.3759 -0.9010
vn 0.0117 0.3734 -0.9276
vn 0.1467 0.4751 -0.8676
vn -0.0760 0.4718 -0.8784
vn 0.0771 0.5480 -0.8329
vn -0.1505 0.5518 -0.8203
vn 0.0096 0.5788 -0.8154
vn -0.1878 0.7649 -0.6161
vn -0.2261 0.6519 -0.7238
vn -0.0464 0.5303 -0.8465
vn 0.1720 0.2422 -0.9549
vn 0.2537 0.2651 -0.9302
vn 0.2842 0.4911 -0.8234
vn 0.2560 0.5576 -0.7896
vn -0.1131 0.6625 -0.7404
vn -0.1072 0.6187 -0.7783
vn -0.1553 0.6844 -0.7124
vn -0.1939 0.7169 -0.6697
vn -0.1450 0.8644 -0.4815
vn -0.0773 0.9507 -0.3003
vn 0.0321 0.8357 -0.5482
vn -0.2152 0.6259 -0.7496
vn -0.2134 0.6245 -0.7513
vn -0.1614 0.5069 -0.8468
vn -0.1208 0.5094 -0.8520
vn -0.1169 0.6773 -0.7263
vn -0.1187 0.7831 -0.6104
vn -0.1407 0.8244 -0.5482
vn -0.2223 0.4872 -0.8445
vn -0.1647 0.4881 -0.8571
vn -0.2771 0.5163 -0.8103
vn -0.3057 0.6088 -0.7321
vn -0.2948 0.7589 -0.5807
vn -0.2737 0.8584 -0.4340
vn -0.2363 0.8729 -0.4268
vn 0.0020 0.4886 -0.8725
vn 0.0724 0.4820 -0.8732
vn -0.0747 0.5336 -0.8424
vn -0.1509 0.5905 -0.7928
vn -0.2222 0.6453 -0.7309
vn -0.2843 0.6868 -0.6689
vn -0.3339 0.7131 -0.6165
vn -0.1556 0.6612 -0.7339
vn -0.0786 0.6747 -0.7339
vn -0.0548 0.6210 -0.7819
vn 0.2187 0.6206 -0.7530
vn 0.1532 0.6736 -0.7230
vn -0.1337 0.8497 -0.5101
vn -0.1948 0.7482 -0.6342
vn -0.3577 0.7430 -0.5657
vn -0.2625 0.7798 -0.5684
vn -0.1972 0.7503 -0.6310
vn -0.1334 0.7233 -0.6775
vn -0.0555 0.6821 -0.7291
vn 0.0286 0.6252 -0.7800
vn 0.1155 0.5656 -0.8165
vn 0.2050 0.5131 -0.8335
vn 0.3043 0.4358 -0.8471
vn 0.1621 0.5394 -0.8263
vn -0.0314 0.1916 -0.9810
vn 0.0566 -0.9329 0.3555
vn 0.1701 -0.8782 0.4469
vn 0.0151 -0.8881 0.4594
vn 0.0899 -0.9656 0.2441
vn 0.1798 -0.9276 0.3274
vn 0.1163 -0.9848 0.1287
vn 0.1798 -0.9615 0.2078
vn 0.1346 -0.9908 0.0111
vn 0.1749 -0.9806 0.0886
vn 0.1451 -0.9836 -0.1067
vn 0.1696 -0.9851 -0.0275
vn 0.1495 -0.9634 -0.2227
vn 0.1666 -0.9759 -0.1408
vn 0.1576 -0.8515 0.5001
vn 0.1411 -0.9053 0.4006
vn 0.1298 -0.9520 0.2771
vn 0.1242 -0.9824 0.1395
vn 0.1239 -0.9923 -0.0046
vn 0.1666 -0.9535 -0.2510
vn 0.1275 -0.9805 -0.1495
vn 0.1320 -0.8449 0.5184
vn 0.1614 -0.9156 0.3682
vn 0.2107 -0.9487 0.2356
vn 0.2502 -0.9625 0.1047
vn 0.2660 -0.9637 -0.0224
vn 0.1267 -0.9679 -0.2170
vn 0.2113 -0.9668 -0.1434
vn -0.0726 -0.9920 0.1030
vn 0.0079 -1.0000 -0.0020
vn 0.0489 -0.9957 -0.0791
vn 0.0636 -0.9972 -0.0382
vn 0.0098 -0.9388 0.3444
vn 0.0575 -0.9925 0.1077
vn -0.0073 -0.8052 0.5930
vn -0.1643 -0.9864 0.0036
vn -0.1637 -0.9798 0.1151
vn -0.1581 -0.9814 -0.1085
vn -0.1335 -0.9687 -0.2094
vn -0.0379 -0.9619 -0.2707
vn 0.0091 -0.8434 0.5372
vn 0.0459 -0.9922 0.1158
vn 0.0334 -0.9994 0.0100
vn 0.0398 -0.9921 0.1187
vn 0.0344 -0.9942 -0.1023
vn 0.0437 -0.9753 -0.2165
vn 0.0260 -0.9472 -0.3197
vn 0.0607 -0.8590 0.5084
vn -0.0780 -0.9970 0.0006
vn -0.0109 -0.8297 0.5581
vn 0.1492 -0.9304 -0.3347
vn 0.1130 -0.9779 -0.1757
vn 0.0793 -0.9888 0.1268
vn -0.0469 -0.9148 0.4011
vn 0.0117 -0.9096 0.4154
vn 0.1050 -0.9062 0.4097
vn -0.1867 -0.9263 0.3274
vn -0.2280 -0.9456 0.2320
vn -0.3552 -0.8893 0.2881
vn -0.4048 -0.8377 0.3666
vn -0.3029 -0.9252 0.2284
vn -0.0959 -0.9942 -0.0493
vn 0.0319 -0.9937 -0.1079
vn 0.0807 -0.9967 0.0011
vn 0.1314 -0.9818 0.1371
vn 0.0526 -0.9731 0.2241
vn 0.2053 -0.9522 0.2263
vn -0.1552 -0.9623 0.2236
vn -0.1731 -0.9670 0.1870
vn 0.1087 -0.7612 0.6393
vn 0.1674 -0.7911 0.5883
vn 0.1751 -0.8050 0.5669
vn -0.1583 0.7652 -0.6240
vn 0.0456 0.6904 -0.7220
vn -0.1596 0.6806 -0.7150
vn 0.0452 0.8493 -0.5260
vn 0.0491 0.7753 -0.6297
vn -0.1646 0.8369 -0.5221
vn 0.0346 0.9105 -0.4120
vn -0.1783 0.8950 -0.4088
vn 0.0173 0.9571 -0.2893
vn -0.1993 0.9371 -0.2866
vn -0.0038 0.9872 -0.1594
vn -0.2258 0.9614 -0.1571
vn -0.0257 0.9994 -0.0234
vn 0.2651 0.7405 -0.6175
vn 0.2594 0.6558 -0.7090
vn 0.2645 0.8152 -0.5153
vn 0.2577 0.8780 -0.4033
vn 0.2458 0.9271 -0.2830
vn 0.2315 0.9604 -0.1552
vn 0.2178 0.9758 -0.0207
vn 0.1553 0.7420 -0.6522
vn 0.0252 0.7098 -0.7039
vn 0.2625 0.8007 -0.5385
vn 0.3478 0.8439 -0.4086
vn 0.3783 0.8786 -0.2916
vn 0.3734 0.9133 -0.1628
vn 0.3571 0.9337 -0.0276
vn -0.1849 0.9807 -0.0636
vn -0.2146 0.9573 -0.1939
vn -0.1115 0.9891 0.0957
vn -0.0098 0.9865 0.1635
vn 0.1039 0.9930 -0.0558
vn 0.1670 0.9615 -0.2180
vn 0.1653 0.9725 -0.1638
vn -0.0413 0.9966 -0.0706
vn -0.0175 0.9781 -0.2073
vn -0.0629 0.9957 0.0673
vn -0.0808 0.9750 0.2069
vn -0.0546 0.9845 0.1669
vn 0.0041 0.9931 -0.1171
vn 0.0219 0.9803 -0.1962
vn 0.1841 0.9809 -0.0619
vn 0.2286 0.9547 -0.1903
vn 0.1473 0.9863 0.0746
vn 0.1169 0.9698 0.2141
vn 0.0946 0.9312 0.3521
vn 0.1674 0.9771 0.1316
vn 0.2280 0.9586 -0.1708
vn -0.1643 0.6081 -0.7767
vn -0.2561 0.9664 -0.0233
vn 0.3541 0.9330 0.0642
vn 0.2552 0.8932 0.3703
vn 0.2513 0.8921 0.3754
vn 0.2833 0.9280 0.2418
vn 0.3236 0.9403 0.1056
vn 0.3734 0.9273 -0.0254
vn 0.4002 0.9117 -0.0932
vn 0.2253 0.9289 -0.2938
vn 0.2760 0.9587 -0.0682
vn -0.0178 0.9405 -0.3393
vn -0.2482 0.9067 -0.3410
vn -0.0555 0.7263 -0.6851
vn 0.2396 0.5690 -0.7866
vn 0.0332 0.5954 -0.8028
vn 0.0760 -0.9149 -0.3964
vn -0.0217 -0.9808 0.1936
vn 0.0432 -0.9935 0.1054
vn -0.0676 -0.8661 -0.4953
vn -0.1386 -0.9858 0.0953
vn -0.1346 -0.9441 -0.3011
vn -0.2013 -0.9792 0.0250
vn -0.1957 -0.9769 -0.0857
vn -0.2265 -0.9710 -0.0759
vn -0.2820 -0.9501 -0.1332
vn -0.2498 -0.9520 -0.1771
vn -0.2996 -0.9281 -0.2212
vn -0.2737 -0.9214 -0.2758
vn 0.0051 -0.9722 0.2339
vn 0.0150 -0.9457 0.3247
vn 0.0189 -0.9921 0.1238
vn 0.0167 -0.9996 0.0209
vn 0.0007 -0.9963 -0.0857
vn -0.0142 -0.9816 -0.1905
vn -0.0237 -0.9559 -0.2927
vn -0.0446 -0.9898 0.1357
vn -0.0491 -0.9577 0.2834
vn -0.0288 -0.9994 0.0185
vn 0.0051 -0.9999 -0.0122
vn 0.0381 -0.9975 -0.0593
vn 0.0487 -0.9836 -0.1738
vn 0.0641 -0.9505 -0.3042
vn -0.0082 -0.9888 0.1490
vn 0.0049 -0.9590 0.2835
vn -0.0240 -0.9996 0.0147
vn -0.0344 -0.9926 -0.1161
vn -0.0221 -0.9705 -0.2399
vn 0.0191 -0.9349 -0.3545
vn 0.2127 -0.9654 0.1508
vn 0.1783 -0.9456 0.2722
vn 0.2034 -0.9789 0.0195
vn 0.1895 -0.9754 -0.1131
vn 0.1801 -0.9533 -0.2423
vn 0.1765 -0.9141 -0.3649
vn 0.0619 -0.8802 -0.4705
vn -0.0731 -0.9973 -0.0010
vn -0.1923 -0.9813 -0.0047
vn 0.0348 -0.9941 0.1024
vn 0.0830 -0.9957 -0.0402
vn 0.1122 -0.9706 -0.2131
vn 0.1255 -0.9221 -0.3661
vn 0.1801 -0.8592 -0.4789
vn -0.2454 -0.9135 -0.3244
vn 0.1344 -0.8471 -0.5141
vn -0.2022 -0.8146 -0.5437
vn -0.2188 -0.8589 -0.4630
vn -0.2640 -0.8871 -0.3786
vn -0.3218 -0.9085 -0.2665
vn -0.3759 -0.9168 -0.1350
vn -0.3803 -0.9242 -0.0344
vn -0.3430 -0.9352 0.0878
vn -0.2766 -0.9386 0.2063
vn -0.1286 0.7334 0.6675
vn 0.0329 0.7582 0.6512
vn -0.2043 0.7576 0.6199
vn -0.0463 0.6779 0.7337
vn 0.0978 0.7278 0.6788
vn 0.0351 0.6196 0.7841
vn 0.1638 0.6759 0.7185
vn 0.1112 0.5705 0.8137
vn 0.2296 0.6184 0.7516
vn 0.1788 0.5342 0.8262
vn 0.2898 0.5668 0.7712
vn 0.2340 0.5092 0.8282
vn 0.3406 0.5263 0.7791
vn 0.2688 0.7315 0.6266
vn 0.3170 0.6903 0.6504
vn 0.3659 0.6440 0.6718
vn 0.4138 0.5952 0.6888
vn 0.4430 0.5544 0.7046
vn 0.3805 0.4937 0.7820
vn 0.3913 0.3404 0.8550
vn 0.3750 0.6569 0.6542
vn 0.3660 0.5239 0.7691
vn 0.2604 0.0628 0.9635
vn 0.0479 0.4457 0.8939
vn -0.2028 0.8203 0.5348
vn 0.2667 0.1648 0.9496
vn -0.2201 0.8740 0.4333
vn -0.0979 0.9028 0.4188
vn -0.2077 0.9539 0.2165
vn -0.1598 0.9857 0.0543
vn -0.3425 0.7530 0.5619
vn -0.3114 0.7045 0.6378
vn -0.2676 0.7453 0.6107
vn -0.2630 0.6752 0.6891
vn -0.3054 0.8774 0.3701
vn -0.2732 0.8512 0.4482
vn -0.2273 0.8097 0.5410
vn -0.1702 0.7563 0.6317
vn -0.1071 0.7071 0.6990
vn -0.2175 0.6629 0.7164
vn -0.0453 0.6786 0.7331
vn -0.1611 0.8999 0.4053
vn -0.1099 0.8733 0.4745
vn -0.0459 0.8297 0.5563
vn 0.0269 0.7717 0.6354
vn 0.1026 0.7139 0.6927
vn 0.0120 0.6788 0.7342
vn 0.1577 0.6707 0.7247
vn -0.2764 0.7586 0.5901
vn 0.2833 0.4628 0.8399
vn 0.4144 0.4485 0.7919
vn 0.1162 0.2727 0.9551
vn -0.2872 0.6496 0.7039
vn -0.1808 0.6409 0.7461
vn 0.0651 0.6647 0.7442
vn 0.1636 0.5703 0.8050
vn 0.1366 0.5889 0.7966
vn 0.0889 0.5629 0.8217
vn 0.0345 0.6873 0.7255
vn 0.0999 0.7120 0.6951
vn 0.1594 0.7787 0.6069
vn 0.1087 0.8515 0.5130
vn 0.0384 0.8928 0.4488
vn -0.0239 0.9187 0.3942
vn -0.0874 0.9399 0.3302
vn -0.1835 0.9213 0.3428
vn -0.3135 0.8119 0.4924
vn 0.0547 0.6601 0.7492
vn 0.3553 0.7497 0.5582
vn 0.2300 0.7804 0.5814
vn -0.0272 0.7947 0.6064
vn 0.3164 -0.2947 0.9017
vn 0.1948 -0.3816 0.9036
vn 0.1300 -0.2483 0.9599
vn 0.3273 -0.3834 0.8636
vn 0.2219 -0.4229 0.8786
vn 0.3062 -0.4626 0.8320
vn 0.2421 -0.4103 0.8792
vn 0.2592 -0.5343 0.8046
vn 0.2437 -0.4884 0.8379
vn 0.2008 -0.6132 0.7640
vn 0.2305 -0.6061 0.7613
vn 0.1351 -0.6940 0.7072
vn 0.2059 -0.7116 0.6717
vn -0.2158 -0.5739 0.7900
vn -0.3490 -0.6937 0.6301
vn -0.0577 -0.2761 0.9594
vn 0.0444 -0.3592 0.9322
vn 0.1317 -0.5200 0.8439
vn 0.1611 -0.6265 0.7626
vn 0.1652 -0.7204 0.6736
vn -0.3965 -0.6655 0.6324
vn -0.3699 -0.6312 0.6817
vn -0.4035 -0.7021 0.5867
vn -0.3427 -0.8051 0.4841
vn -0.2196 -0.8389 0.4981
vn -0.0511 -0.7042 0.7081
vn 0.0572 -0.6317 0.7731
vn -0.1830 -0.7006 0.6897
vn -0.1463 -0.6624 0.7347
vn -0.2219 -0.7410 0.6338
vn -0.2612 -0.7828 0.5648
vn -0.2962 -0.8232 0.4843
vn -0.3096 -0.8612 0.4031
vn -0.2624 -0.9145 0.3078
vn 0.0600 -0.6974 0.7142
vn 0.1099 -0.6542 0.7483
vn 0.0116 -0.7513 0.6599
vn -0.0359 -0.8053 0.5917
vn -0.0777 -0.8556 0.5118
vn -0.1119 -0.8992 0.4230
vn -0.1378 -0.9351 0.3266
vn 0.2891 -0.6556 0.6976
vn 0.3444 -0.5986 0.7232
vn 0.2335 -0.7281 0.6444
vn 0.1813 -0.7946 0.5795
vn 0.1365 -0.8531 0.5036
vn 0.1003 -0.9029 0.4179
vn 0.0725 -0.9432 0.3241
vn 0.2662 -0.3763 0.8874
vn 0.2167 -0.4221 0.8803
vn 0.1563 -0.4807 0.8629
vn 0.0899 -0.5470 0.8323
vn 0.0168 -0.6169 0.7869
vn -0.0662 -0.6871 0.7235
vn 0.0634 -0.7663 0.6393
vn -0.1660 -0.7660 0.6210
vn 0.2499 -0.9206 0.3000
vn 0.2796 -0.8795 0.3852
vn 0.3144 -0.8273 0.4656
vn 0.3577 -0.7652 0.5353
vn 0.4043 -0.6954 0.5941
vn 0.4272 -0.6091 0.6682
vn 0.3471 -0.6108 0.7117
vn 0.2640 -0.5678 0.7797
vn 0.0836 -0.8357 -0.5428
vn -0.1245 -0.8937 -0.4310
vn -0.0586 -0.9538 -0.2948
vn 0.0473 -0.7559 -0.6529
vn -0.1837 -0.8239 -0.5361
vn -0.0516 -0.6797 -0.7317
vn -0.3159 -0.7408 -0.5928
vn -0.1264 -0.9067 -0.4023
vn -0.0231 -0.9357 -0.3521
vn -0.2143 -0.8572 -0.4683
vn -0.2717 -0.7753 -0.5701
vn -0.3191 -0.3933 -0.8623
vn -0.3069 -0.5427 -0.7819
vn -0.4174 -0.5031 -0.7567
vn -0.2039 -0.4458 -0.8716
vn -0.1997 -0.5953 -0.7783
vn -0.0947 -0.5138 -0.8526
vn -0.0958 -0.6612 -0.7441
vn -0.3611 -0.6522 -0.6665
vn -0.3617 -0.6166 -0.6992
vn -0.2605 -0.6780 -0.6874
vn -0.1570 -0.7230 -0.6728
vn -0.1747 -0.6007 -0.7802
vn -0.0351 -0.6881 -0.7248
vn -0.3331 -0.5605 -0.7582
vn -0.0305 -0.7606 -0.6485
vn 0.0831 -0.7723 -0.6297
vn 0.0047 -0.8841 -0.4673
vn 0.0221 -0.8264 -0.5626
vn 0.0928 -0.6638 -0.7422
vn 0.0016 -0.7254 -0.6883
vn -0.0495 -0.8722 -0.4867
vn -0.0705 -0.7811 -0.6204
vn -0.1811 -0.6312 -0.7542
vn 0.0080 -0.5920 -0.8059
vn -0.1305 -0.8303 -0.5418
vn -0.1923 -0.7787 -0.5972
vn 0.1484 -0.7416 -0.6543
vn 0.0757 -0.6772 -0.7319
vn 0.0282 -0.6056 -0.7952
vn -0.4505 -0.3289 -0.8300
vn -0.3449 -0.4515 -0.8229
vn -0.1154 -0.4902 -0.8639
vn 0.0050 -0.5191 -0.8547
vn -0.1209 -0.7336 -0.6687
vn -0.0304 -0.6922 -0.7210
vn 0.0079 -0.7459 -0.6660
vn -0.2391 -0.7007 -0.6722
vn -0.1361 -0.6865 -0.7143
vn -0.3440 -0.6532 -0.6745
vn -0.2381 -0.6630 -0.7097
vn -0.0573 -0.6191 -0.7832
vn -0.1453 -0.6213 -0.7700
vn -0.3316 -0.6219 -0.7094
vn -0.2310 -0.6134 -0.7552
vn -0.5297 -0.4033 -0.7462
vn -0.5207 -0.5194 -0.6775
vn -0.5903 -0.4332 -0.6811
vn -0.4570 -0.3668 -0.8103
vn -0.4791 -0.4859 -0.7310
vn -0.3706 -0.3266 -0.8695
vn -0.4263 -0.4431 -0.7886
vn -0.4378 -0.5930 -0.6758
vn -0.4135 -0.5609 -0.7172
vn -0.3234 -0.4715 -0.8204
vn -0.3825 -0.5206 -0.7633
vn -0.1132 -0.3280 -0.9379
vn -0.1532 -0.2561 -0.9544
vn -0.2463 -0.2461 -0.9374
vn -0.0735 -0.4273 -0.9011
vn -0.1580 -0.3422 -0.9263
vn -0.0712 -0.5312 -0.8443
vn -0.1547 -0.4394 -0.8849
vn -0.2672 -0.2895 -0.9191
vn -0.2555 -0.3652 -0.8952
vn -0.1489 -0.5386 -0.8293
vn -0.2384 -0.4496 -0.8608
vn -0.3159 -0.5853 -0.7467
vn -0.3516 -0.3970 -0.8478
vn -0.2910 -0.5375 -0.7915
vn -0.2224 -0.5412 -0.8110
vn 0.0399 -0.7879 -0.6145
vn -0.1200 -0.7661 -0.6314
vn -0.2465 -0.7278 -0.6400
vn -0.3576 -0.6784 -0.6418
vn -0.6357 -0.4637 -0.6172
vn -0.5494 -0.5512 -0.6280
vn -0.4586 -0.6200 -0.6367
vn -0.1214 -0.8541 -0.5058
vn -0.1580 -0.7945 -0.5863
vn -0.0353 -0.8229 -0.5671
vn -0.2113 -0.8758 -0.4340
vn -0.2156 -0.8219 -0.5272
vn -0.2987 -0.8855 -0.3560
vn -0.2810 -0.8437 -0.4573
vn -0.2723 -0.7541 -0.5976
vn -0.3093 -0.7808 -0.5428
vn -0.3530 -0.8539 -0.3824
vn -0.3513 -0.8047 -0.4787
vn -0.5602 -0.8071 -0.1864
vn -0.4560 -0.8688 -0.1932
vn -0.5195 -0.8470 -0.1124
vn -0.5949 -0.7606 -0.2601
vn -0.4992 -0.8309 -0.2459
vn -0.6216 -0.7085 -0.3341
vn -0.5385 -0.7860 -0.3036
vn -0.4293 -0.8482 -0.3102
vn -0.3823 -0.8824 -0.2744
vn -0.4741 -0.8081 -0.3495
vn -0.5095 -0.7608 -0.4021
vn -0.5662 -0.5918 -0.5738
vn -0.6453 -0.5923 -0.4825
vn -0.6448 -0.5291 -0.5517
vn -0.4780 -0.6497 -0.5911
vn -0.5760 -0.6381 -0.5109
vn -0.4030 -0.7326 -0.5485
vn -0.4964 -0.6836 -0.5351
vn -0.6383 -0.6521 -0.4092
vn -0.5787 -0.6859 -0.4413
vn -0.4269 -0.7594 -0.4910
vn -0.5113 -0.7184 -0.4717
vn -0.4034 -0.8186 -0.4089
vn -0.5675 -0.7361 -0.3688
vn -0.3784 -0.7046 -0.6003
vn -0.4471 -0.7820 -0.4342
vn -0.5772 -0.8158 -0.0355
vn -0.6150 -0.7766 -0.1362
vn -0.6444 -0.7320 -0.2212
vn -0.6688 -0.6800 -0.3005
vn -0.7140 -0.4655 -0.5230
vn -0.7030 -0.5517 -0.4489
vn -0.6881 -0.6203 -0.3765
vn -0.7077 -0.7065 0.0086
vn -0.6666 -0.7383 -0.1028
vn -0.6431 -0.7657 -0.0081
vn -0.7667 -0.6416 0.0222
vn -0.7193 -0.6904 -0.0773
vn -0.8217 -0.5691 0.0307
vn -0.7710 -0.6344 -0.0553
vn -0.6888 -0.6999 -0.1889
vn -0.7324 -0.6621 -0.1592
vn -0.8220 -0.5680 -0.0402
vn -0.7741 -0.6196 -0.1297
vn -0.9381 -0.3399 -0.0662
vn -0.9131 -0.4068 0.0271
vn -0.9460 -0.3235 0.0184
vn -0.8960 -0.4236 -0.1334
vn -0.9087 -0.4144 -0.0505
vn -0.9219 -0.3562 -0.1524
vn -0.8711 -0.4408 -0.2168
vn -0.8697 -0.4920 -0.0391
vn -0.8715 -0.4893 0.0321
vn -0.8627 -0.4927 -0.1138
vn -0.8437 -0.5008 -0.1933
vn -0.7502 -0.5218 -0.4061
vn -0.8182 -0.4195 -0.3931
vn -0.7694 -0.4403 -0.4628
vn -0.7304 -0.5920 -0.3408
vn -0.7944 -0.4949 -0.3522
vn -0.7099 -0.6513 -0.2680
vn -0.7701 -0.5632 -0.2995
vn -0.8605 -0.3971 -0.3191
vn -0.8354 -0.4669 -0.2900
vn -0.7822 -0.5894 -0.2021
vn -0.8078 -0.5318 -0.2542
vn -0.8194 -0.5634 -0.1058
vn -0.8957 -0.3752 -0.2386
vn -0.7486 -0.6203 -0.2342
vn -0.8151 -0.5544 -0.1682
vn -0.6229 -0.7765 0.0951
vn -0.6998 -0.7078 0.0958
vn -0.7625 -0.6395 0.0979
vn -0.8186 -0.5657 0.0999
vn -0.9457 -0.3089 0.1015
vn -0.9107 -0.4004 0.1011
vn -0.8686 -0.4852 0.1009
vn -0.6440 -0.7076 0.2909
vn -0.6988 -0.6915 0.1831
vn -0.6317 -0.7494 0.1982
vn -0.6541 -0.6580 0.3732
vn -0.7006 -0.6625 0.2652
vn -0.6630 -0.5990 0.4489
vn -0.7026 -0.6237 0.3425
vn -0.7587 -0.6280 0.1730
vn -0.7544 -0.6091 0.2449
vn -0.7066 -0.5736 0.4143
vn -0.7485 -0.5846 0.3129
vn -0.7469 -0.3539 0.5629
vn -0.6816 -0.4511 0.5761
vn -0.6901 -0.3646 0.6251
vn -0.7988 -0.3421 0.4949
vn -0.7323 -0.4320 0.5265
vn -0.8448 -0.3315 0.4201
vn -0.7816 -0.4128 0.4676
vn -0.6722 -0.5295 0.5175
vn -0.7175 -0.5068 0.4779
vn -0.8267 -0.3980 0.3977
vn -0.7622 -0.4820 0.4322
vn -0.9014 -0.3972 0.1724
vn -0.9112 -0.3194 0.2601
vn -0.9322 -0.3133 0.1815
vn -0.8495 -0.4733 0.2332
vn -0.8854 -0.3955 0.2441
vn -0.8612 -0.4800 0.1673
vn -0.8047 -0.5461 0.2329
vn -0.8615 -0.3940 0.3202
vn -0.8824 -0.3245 0.3408
vn -0.8336 -0.4643 0.2993
vn -0.7948 -0.5326 0.2909
vn -0.8055 -0.4610 0.3722
vn -0.8130 -0.5576 0.1676
vn -0.7830 -0.5161 0.3471
vn -0.7460 -0.5466 0.3804
vn -0.5636 -0.7947 0.2251
vn -0.5888 -0.7403 0.3244
vn -0.6057 -0.6844 0.4059
vn -0.6294 -0.3796 0.6780
vn -0.6310 -0.4737 0.6144
vn -0.6268 -0.5518 0.5500
vn -0.6181 -0.6219 0.4808
vn -0.4339 -0.8170 0.3798
vn -0.5307 -0.7608 0.3736
vn -0.5010 -0.8115 0.3008
vn -0.3588 -0.8147 0.4556
vn -0.4677 -0.7720 0.4305
vn -0.3202 -0.7700 0.5519
vn -0.3989 -0.7763 0.4881
vn -0.5541 -0.7047 0.4431
vn -0.4969 -0.7214 0.4824
vn -0.3642 -0.7344 0.5727
vn -0.4351 -0.7339 0.5216
vn -0.3119 -0.6794 0.6641
vn -0.3003 -0.7518 0.5871
vn -0.5311 -0.7067 0.4675
vn -0.2217 -0.6353 0.7398
vn -0.1758 -0.7117 0.6801
vn -0.3183 -0.5897 0.7422
vn -0.2607 -0.6718 0.6933
vn -0.1806 -0.7792 0.6001
vn -0.2438 -0.7468 0.6187
vn -0.3467 -0.6262 0.6983
vn -0.3069 -0.7082 0.6358
vn -0.5750 -0.5066 0.6424
vn -0.4912 -0.4901 0.7201
vn -0.5640 -0.4348 0.7021
vn -0.5779 -0.5766 0.5775
vn -0.5095 -0.5449 0.6659
vn -0.5707 -0.6432 0.5104
vn -0.5212 -0.6030 0.6039
vn -0.4098 -0.5408 0.7346
vn -0.4348 -0.5828 0.6865
vn -0.4626 -0.6818 0.5667
vn -0.4574 -0.6285 0.6291
vn -0.2719 -0.8030 0.5303
vn -0.3764 -0.6640 0.6461
vn -0.5178 -0.6637 0.5397
vn -0.4022 -0.6969 0.5938
vn -0.5276 -0.6913 0.4937
vn -0.4669 -0.6716 0.5753
vn -0.2811 -0.6050 0.7449
vn -0.2851 -0.5777 0.7648
vn -0.6685 -0.5488 0.5019
vn -0.5402 -0.5886 0.6014
vn -0.4079 -0.5891 0.6976
vn -0.5586 -0.5985 0.5743
vn -0.5303 -0.6219 0.5762
vn -0.5539 -0.6302 0.5441
vn -0.3221 -0.8439 0.4290
vn -0.4192 -0.8101 0.4099
vn -0.1476 -0.9077 0.3927
vn -0.1875 -0.9521 0.2416
vn -0.3614 -0.7327 0.5766
vn -0.2737 -0.9446 0.1812
vn -0.2224 -0.9004 0.3738
vn -0.2719 -0.9347 0.2287
vn -0.2609 -0.7305 0.6311
vn -0.1693 -0.7608 0.6265
vn -0.1403 -0.7099 0.6901
vn -0.3704 -0.7458 0.5537
vn -0.2670 -0.7739 0.5743
vn -0.4662 -0.7543 0.4623
vn -0.3573 -0.7837 0.5080
vn -0.1718 -0.8363 0.5206
vn -0.2537 -0.8364 0.4860
vn -0.4385 -0.7915 0.4257
vn -0.3305 -0.8326 0.4445
vn -0.5276 -0.7785 0.3400
vn -0.6058 -0.7607 0.2330
vn -0.6258 -0.7392 0.2489
vn -0.4211 -0.7982 0.4308
vn -0.5440 -0.8157 0.1969
vn -0.3662 -0.9210 0.1333
vn -0.4659 -0.8711 0.1555
vn -0.5467 -0.7590 0.3535
vn -0.4485 -0.8513 0.2724
vn -0.5060 -0.8017 0.3183
vn -0.3651 -0.9027 0.2277
vn -0.4037 -0.8318 0.3810
vn -0.3297 -0.8007 0.5003
vn -0.3566 -0.8748 0.3280
vn -0.2923 -0.8886 0.3535
vn -0.4245 -0.6901 0.5862
vn -0.4863 -0.5816 0.6521
vn -0.4048 -0.6753 0.6166
vn -0.1223 -0.8713 0.4752
vn -0.0059 -0.6672 0.7448
vn -0.0656 -0.7495 0.6588
vn -0.0885 -0.8328 0.5464
vn 0.2650 0.3985 0.8780
vn 0.3897 0.3519 0.8511
vn 0.4123 0.3928 0.8220
vn 0.2264 0.3675 0.9020
vn 0.3613 0.3062 0.8808
vn 0.1838 0.3236 0.9282
vn 0.3269 0.2510 0.9111
vn 0.1365 0.2678 0.9538
vn 0.2883 0.1848 0.9395
vn 0.0858 0.2001 0.9760
vn 0.2462 0.1087 0.9631
vn 0.0314 0.1215 0.9921
vn 0.2011 0.0242 0.9793
vn 0.1284 0.5810 0.8037
vn 0.0730 0.5084 0.8580
vn 0.1825 0.5421 0.8202
vn 0.2293 0.4454 0.8655
vn 0.2721 0.3188 0.9079
vn 0.3113 0.1793 0.9333
vn 0.3245 0.0645 0.9437
vn -0.3008 0.4844 0.8215
vn -0.2945 0.5686 0.7680
vn -0.2936 0.3921 0.8718
vn -0.2644 0.2757 0.9242
vn -0.2236 0.1366 0.9651
vn -0.1817 -0.0205 0.9831
vn -0.1122 -0.0286 0.9933
vn -0.2043 0.5287 0.8238
vn -0.1805 0.5914 0.7859
vn -0.2316 0.4567 0.8590
vn -0.2602 0.3716 0.8912
vn -0.2865 0.2741 0.9180
vn -0.3113 0.1668 0.9355
vn -0.3364 0.0509 0.9403
vn 0.0266 0.5509 0.8342
vn 0.0581 0.6124 0.7884
vn -0.0039 0.4745 0.8802
vn -0.0338 0.3836 0.9229
vn -0.0591 0.2799 0.9582
vn -0.0804 0.1667 0.9827
vn -0.1010 0.0451 0.9939
vn 0.2157 0.5556 0.8029
vn 0.1745 0.6438 0.7451
vn 0.2131 0.4724 0.8553
vn 0.1870 0.3783 0.9066
vn 0.1643 0.2724 0.9480
vn 0.1492 0.1567 0.9763
vn 0.1432 0.0301 0.9892
vn -0.0272 0.0358 0.9990
vn -0.0882 -0.0578 0.9944
vn 0.1589 -0.0698 0.9848
vn 0.3180 -0.0493 0.9468
vn -0.0452 0.0108 0.9989
vn -0.3399 -0.0040 0.9404
vn -0.1310 -0.0814 0.9880
vn 0.1210 -0.0972 0.9879
vn 0.2569 0.0048 0.9664
vn 0.2628 0.1518 0.9528
vn 0.2655 0.2798 0.9226
vn 0.2550 0.3902 0.8847
vn 0.1991 0.3746 0.9056
vn 0.1397 0.3818 0.9136
vn 0.1363 0.4985 0.8561
vn 0.2115 0.5414 0.8137
vn -0.1788 0.6993 -0.6921
vn -0.0168 0.6812 -0.7319
vn -0.1441 0.6039 -0.7839
vn -0.1428 0.7738 -0.6172
vn 0.0362 0.7267 -0.6860
vn -0.0863 0.8446 -0.5284
vn 0.0857 0.7839 -0.6149
vn -0.0392 0.9040 -0.4258
vn 0.1327 0.8404 -0.5255
vn -0.0025 0.9501 -0.3118
vn 0.1721 0.8906 -0.4210
vn -0.0830 0.8289 -0.5532
vn 0.1251 0.8017 -0.5846
vn 0.2378 0.6768 -0.6967
vn 0.2701 0.7176 -0.6419
vn 0.2919 0.7703 -0.5670
vn 0.3031 0.8304 -0.4675
vn 0.2701 0.7689 -0.5795
vn 0.0383 0.5779 -0.8152
vn 0.2153 0.5220 -0.8253
vn 0.1404 0.7193 -0.6804
vn 0.1316 0.7786 -0.6136
vn 0.1248 0.8442 -0.5213
vn 0.0831 0.8998 -0.4284
vn 0.0016 0.8610 -0.5085
vn 0.2061 0.4727 -0.8568
vn -0.0804 0.7361 -0.6720
vn -0.1010 0.8795 -0.4650
vn -0.1270 0.9050 -0.4059
vn -0.2478 0.7704 -0.5875
vn -0.3628 0.6215 -0.6943
vn -0.3766 0.7013 -0.6053
vn -0.0812 0.7171 -0.6923
vn -0.3467 0.7744 -0.5293
vn -0.2725 0.5437 -0.7938
vn -0.3310 0.5619 -0.7581
vn -0.2990 0.6154 -0.7293
vn -0.2363 0.6758 -0.6982
vn -0.1779 0.7484 -0.6390
vn -0.3026 0.8448 -0.4413
vn -0.1207 0.8221 -0.5565
vn -0.2991 0.7766 -0.5545
vn -0.2371 0.7901 -0.5652
vn -0.1779 0.7897 -0.5872
vn -0.1164 0.7900 -0.6020
vn -0.0353 0.8249 -0.5642
vn -0.0632 0.8859 -0.4595
vn 0.0539 0.8708 -0.4886
vn 0.1373 0.9064 -0.3995
vn 0.2600 0.9448 -0.1995
vn 0.1657 0.9326 -0.3207
vn 0.0818 0.9141 -0.3972
vn -0.0016 0.8956 -0.4449
vn -0.0844 0.8751 -0.4765
vn -0.1550 0.8530 -0.4984
vn -0.2082 0.8277 -0.5211
vn 0.0354 -0.0881 -0.9955
vn -0.0576 -0.0704 -0.9959
vn -0.0071 -0.1621 -0.9868
vn 0.0511 0.0179 -0.9985
vn -0.0738 -0.0687 -0.9949
vn 0.0637 0.1237 -0.9903
vn -0.0797 0.0111 -0.9968
vn 0.1042 0.2160 -0.9708
vn -0.0790 0.1152 -0.9902
vn 0.1360 0.1150 -0.9840
vn -0.0743 0.2238 -0.9718
vn 0.1657 -0.0246 -0.9859
vn -0.0485 0.2669 -0.9625
vn -0.1099 -0.0122 -0.9939
vn -0.0875 0.0391 -0.9954
vn -0.0671 0.0991 -0.9928
vn -0.0817 0.1693 -0.9822
vn -0.1317 0.2847 -0.9495
vn -0.0743 0.0643 -0.9952
vn -0.2328 0.1282 -0.9640
vn -0.0168 -0.0003 -0.9999
vn -0.0391 0.0337 -0.9987
vn -0.1301 -0.1791 -0.9752
vn -0.2263 -0.3144 -0.9219
vn -0.2771 -0.1951 -0.9408
vn -0.3071 -0.0792 -0.9484
vn -0.2832 -0.1182 -0.9518
vn -0.0878 -0.4273 -0.8999
vn -0.1575 -0.3848 -0.9094
vn -0.1567 -0.3402 -0.9272
vn -0.1232 -0.2791 -0.9523
vn -0.0866 -0.2085 -0.9742
vn -0.2558 -0.0327 -0.9662
vn -0.0480 -0.1293 -0.9904
vn -0.0045 -0.4413 -0.8973
vn 0.0250 -0.3932 -0.9191
vn 0.0609 -0.3418 -0.9378
vn 0.1019 -0.2815 -0.9541
vn 0.1440 -0.2118 -0.9667
vn -0.0088 -0.0422 -0.9991
vn 0.1451 -0.1396 -0.9795
vn 0.1696 -0.4213 -0.8909
vn 0.2106 -0.3844 -0.8988
vn 0.2384 -0.3391 -0.9100
vn 0.2145 -0.2552 -0.9428
vn 0.0647 -0.3571 -0.9318
vn 0.0880 0.0146 -0.9960
vn -0.0620 -0.4565 -0.8876
vn -0.0882 -0.2992 -0.9501
vn 0.0857 -0.3164 -0.9447
vn 0.0141 -0.4159 -0.9093
vn -0.0470 -0.4913 -0.8697
vn -0.0620 -0.5524 -0.8312
vn 0.0639 -0.5558 -0.8289
vn 0.2537 -0.5014 -0.8272
vn 0.3107 -0.4023 -0.8612
vn -0.3054 -0.6754 0.6712
vn -0.3081 -0.5682 0.7631
vn -0.3918 -0.5867 0.7087
vn -0.2131 -0.6341 0.7433
vn -0.2315 -0.5349 0.8126
vn -0.1303 -0.5841 0.8011
vn -0.1580 -0.4907 0.8569
vn -0.3699 -0.4894 0.7897
vn -0.4240 -0.5365 0.7297
vn -0.2947 -0.4797 0.8265
vn -0.2234 -0.4490 0.8651
vn 0.0793 -0.3153 0.9457
vn 0.0906 -0.4126 0.9064
vn 0.1609 -0.3483 0.9235
vn 0.0019 -0.2773 0.9608
vn -0.0103 -0.3811 0.9245
vn -0.0788 -0.2164 0.9731
vn -0.0930 -0.3394 0.9360
vn 0.0196 -0.4692 0.8829
vn -0.0859 -0.4377 0.8950
vn -0.1715 -0.2809 0.9443
vn -0.1631 -0.3965 0.9034
vn 0.1337 -0.6763 0.7244
vn 0.0297 -0.6612 0.7497
vn 0.0461 -0.5122 0.8576
vn 0.0397 -0.7457 0.6651
vn -0.0699 -0.6820 0.7280
vn -0.0383 -0.8079 0.5880
vn -0.2715 -0.6013 0.7515
vn -0.1400 -0.3634 0.9210
vn -0.1189 -0.1889 0.9748
vn -0.1855 -0.4590 0.8689
vn -0.2917 -0.4453 0.8465
vn -0.0536 -0.5277 0.8477
vn -0.2296 -0.3437 0.9106
vn -0.2020 -0.7674 0.6086
vn -0.2661 -0.4036 0.8754
vn -0.1096 -0.1564 0.9816
vn 0.1099 -0.2662 0.9576
vn 0.1297 -0.1693 0.9770
vn -0.1140 -0.2586 0.9592
vn 0.0894 -0.3562 0.9301
vn -0.1283 -0.3507 0.9277
vn 0.0652 -0.4389 0.8962
vn -0.1310 -0.4312 0.8927
vn 0.0366 -0.5122 0.8581
vn -0.1038 -0.5292 0.8421
vn 0.0071 -0.5747 0.8184
vn -0.0541 -0.6408 0.7658
vn -0.0239 -0.6265 0.7791
vn 0.3120 -0.2674 0.9117
vn 0.3121 -0.1626 0.9360
vn 0.3044 -0.3512 0.8855
vn 0.2829 -0.4269 0.8589
vn 0.2559 -0.4948 0.8305
vn 0.2301 -0.5534 0.8005
vn 0.2078 -0.6057 0.7681
vn -0.0466 -0.2310 0.9718
vn -0.0347 -0.0866 0.9956
vn -0.0278 -0.2471 0.9686
vn 0.0076 -0.2160 0.9764
vn 0.0200 -0.2997 0.9538
vn 0.0221 -0.4450 0.8953
vn 0.0418 -0.6127 0.7892
vn -0.2921 0.0401 0.9555
vn -0.3017 0.0355 0.9527
vn -0.3289 -0.0622 0.9423
vn -0.3541 -0.1511 0.9229
vn -0.3580 -0.2459 0.9008
vn -0.3502 -0.3300 0.8766
vn -0.3576 -0.3875 0.8497
vn -0.1341 -0.1410 0.9809
vn -0.1633 -0.1884 0.9684
vn -0.1138 -0.0759 0.9906
vn -0.1577 -0.1666 0.9733
vn -0.1984 -0.2438 0.9493
vn -0.2348 -0.3060 0.9226
vn -0.2744 -0.3562 0.8932
vn -0.0004 -0.3252 0.9456
vn 0.0581 -0.2174 0.9744
vn 0.0228 -0.2697 0.9627
vn 0.0479 -0.1808 0.9824
vn -0.0144 -0.2293 0.9732
vn -0.0799 -0.2573 0.9630
vn -0.1235 -0.1865 0.9747
vn 0.0214 -0.7072 0.7067
vn 0.0047 -0.0930 0.9957
vn 0.0749 -0.0865 0.9934
vn 0.1323 -0.1139 0.9846
vn 0.1257 -0.2889 0.9491
vn 0.1285 -0.4324 0.8925
vn 0.1890 -0.3464 0.9189
vn 0.2592 -0.2294 0.9382
vn 0.2585 -0.1459 0.9549
vn 0.0368 0.9879 0.1506
vn 0.2065 0.9510 0.2302
vn 0.2193 0.9492 0.2256
vn 0.0122 0.9712 0.2381
vn 0.1782 0.9320 0.3156
vn -0.0209 0.9468 0.3211
vn 0.1422 0.9077 0.3948
vn -0.0632 0.9154 0.3975
vn 0.1000 0.8798 0.4646
vn -0.1141 0.8774 0.4659
vn 0.0557 0.8513 0.5218
vn -0.1703 0.8335 0.5256
vn 0.0079 0.8303 0.5572
vn 0.2722 0.9481 0.1642
vn 0.1255 0.8248 0.5513
vn 0.3463 0.8928 0.2879
vn 0.3424 0.8694 0.3563
vn 0.3111 0.8497 0.4258
vn 0.2789 0.8303 0.4825
vn 0.2471 0.8124 0.5282
vn -0.1888 0.6731 0.7150
vn -0.1842 0.7346 0.6530
vn -0.0826 0.6889 0.7201
vn 0.1167 0.8745 0.4708
vn 0.2356 0.9432 0.2340
vn 0.3005 0.8791 0.3699
vn 0.3368 0.8161 0.4696
vn -0.2074 0.7682 0.6057
vn -0.1677 0.8145 0.5554
vn -0.2502 0.7195 0.6479
vn -0.2811 0.6738 0.6834
vn -0.2526 0.6122 0.7492
vn -0.1445 0.4907 0.8592
vn -0.0335 0.4717 0.8811
vn 0.0310 0.7868 0.6164
vn 0.0845 0.8227 0.5622
vn -0.0240 0.7451 0.6665
vn -0.0787 0.7015 0.7083
vn -0.1308 0.6602 0.7396
vn -0.2031 0.6501 0.7322
vn -0.2629 0.6908 0.6736
vn 0.1052 0.8784 0.4663
vn 0.0973 0.9276 0.3607
vn 0.1031 0.7980 0.5937
vn 0.0756 0.7463 0.6613
vn -0.0073 0.7661 0.6427
vn -0.0629 0.8596 0.5071
vn -0.1101 0.9361 0.3340
vn -0.2282 0.7999 0.5551
vn -0.0360 0.9638 0.2642
vn 0.0404 0.9576 0.2853
vn 0.0480 0.8831 0.4667
vn -0.0505 0.8122 0.5812
vn -0.0892 0.8440 0.5288
vn -0.0641 0.9170 0.3936
vn -0.0039 0.9621 0.2726
vn 0.0020 0.9558 0.2941
vn -0.2601 -0.9478 0.1844
vn -0.2523 -0.9595 0.1255
vn -0.3166 -0.9331 0.1704
vn -0.1869 -0.9789 0.0830
vn -0.1260 -0.9780 0.1660
vn -0.0715 -0.9926 0.0978
vn -0.0073 -0.9742 0.2257
vn -0.2936 -0.9324 0.2106
vn -0.3911 -0.8940 0.2188
vn -0.1775 -0.9554 0.2359
vn -0.0668 -0.9557 0.2866
vn 0.2278 -0.8544 0.4670
vn 0.2655 -0.9117 0.3134
vn 0.3452 -0.8514 0.3948
vn 0.0998 -0.8467 0.5227
vn 0.1715 -0.9069 0.3849
vn -0.0359 -0.8290 0.5581
vn 0.0616 -0.8932 0.4453
vn 0.1675 -0.9576 0.2342
vn 0.0930 -0.9489 0.3014
vn -0.0614 -0.8716 0.4864
vn 0.0075 -0.9314 0.3638
vn -0.0482 -0.8469 0.5296
vn -0.3185 -0.8138 0.4862
vn -0.3051 -0.7677 0.5635
vn -0.3276 -0.8678 0.3737
vn -0.1766 -0.8781 0.4446
vn -0.4074 -0.8700 0.2776
vn -0.3251 -0.8572 0.3993
vn -0.1917 -0.8453 0.4987
vn -0.1731 -0.8027 0.5706
vn -0.2115 -0.8837 0.4175
vn -0.3184 -0.8974 0.3056
vn 0.0536 -0.9854 0.1615
vn -0.0906 -0.9062 0.4131
vn -0.2154 -0.9214 0.3236
vn -0.1229 -0.9322 0.3406
vn -0.1870 -0.9657 0.1804
vn -0.0938 -0.9945 0.0460
vn -0.0137 -0.9993 0.0336
vn 0.3964 -0.7870 0.4729
vn 0.4459 -0.8414 0.3053
vn 0.5465 -0.7476 0.3773
vn 0.2564 -0.8018 0.5398
vn 0.1206 -0.7996 0.5883
vn -0.0180 -0.7843 0.6202
vn 0.3405 -0.9107 0.2338
vn 0.2295 -0.9590 0.1661
vn 0.1105 -0.9889 0.0991
vn -0.0090 -0.8761 0.4820
vn -0.2750 -0.7336 0.6215
vn -0.1560 -0.7575 0.6339
vn 0.5164 -0.6298 0.5802
vn 0.6406 -0.5704 0.5141
vn 0.5772 -0.5452 0.6080
vn 0.5106 -0.7195 0.4708
vn 0.5803 -0.6446 0.4977
vn 0.4459 -0.7118 0.5427
vn 0.4346 -0.7934 0.4262
vn 0.6345 -0.6604 0.4016
vn 0.6925 -0.5940 0.4095
vn 0.5702 -0.7231 0.3900
vn 0.4960 -0.7906 0.3590
vn 0.7737 -0.5751 0.2657
vn 0.7336 -0.5583 0.3874
vn 0.7097 -0.6164 0.3411
vn 0.6037 -0.7758 0.1835
vn 0.6252 -0.7140 0.3151
vn 0.4567 -0.8861 0.0784
vn 0.4145 -0.8866 0.2053
vn 0.5165 -0.7304 0.4470
vn 0.3826 -0.8467 0.3697
vn 0.4920 -0.8573 0.1517
vn 0.4394 -0.8506 0.2889
vn 0.7519 -0.6561 0.0644
vn 0.6511 -0.7589 -0.0142
vn 0.7377 -0.6731 -0.0535
vn 0.7491 -0.6371 0.1815
vn 0.6745 -0.7334 0.0841
vn 0.7291 -0.6163 0.2976
vn 0.6829 -0.7056 0.1893
vn 0.5577 -0.8295 0.0287
vn 0.5899 -0.7999 0.1104
vn 0.6703 -0.6801 0.2970
vn 0.6120 -0.7653 0.1995
vn 0.3701 -0.7883 0.4916
vn 0.5238 -0.8216 0.2252
vn 0.6118 -0.7335 0.2961
vn 0.5484 -0.7827 0.2944
vn 0.5041 -0.5209 0.6888
vn 0.6338 -0.4556 0.6250
vn 0.5549 -0.4062 0.7260
vn 0.4468 -0.6163 0.6485
vn 0.3811 -0.7003 0.6037
vn 0.6957 -0.4941 0.5214
vn 0.7444 -0.5245 0.4133
vn 0.7819 -0.5475 0.2981
vn 0.6755 -0.6838 0.2758
vn 0.6275 -0.6456 0.4353
vn 0.7639 -0.6145 0.1969
vn 0.7413 -0.6443 0.1879
vn 0.5514 -0.8342 0.0107
vn 0.6861 -0.5487 0.4777
vn 0.6208 -0.6217 0.4775
vn 0.4066 -0.7226 0.5590
vn 0.8193 -0.5677 -0.0800
vn 0.7035 -0.6926 -0.1590
vn 0.7985 -0.5551 -0.2329
vn 0.8205 -0.5689 0.0559
vn 0.8076 -0.5621 0.1783
vn 0.6118 -0.7850 -0.0979
vn 0.5186 -0.8539 -0.0433
vn -0.1855 -0.9817 0.0426
vn -0.0942 -0.9910 -0.0948
vn -0.0421 -0.9991 -0.0092
vn -0.2331 -0.9705 -0.0622
vn -0.1363 -0.9727 -0.1879
vn -0.2684 -0.9490 -0.1652
vn -0.1628 -0.9437 -0.2878
vn 0.0331 -0.9903 -0.1347
vn 0.0864 -0.9944 -0.0609
vn -0.0178 -0.9773 -0.2111
vn -0.0551 -0.9515 -0.3027
vn -0.2908 -0.7855 -0.5463
vn -0.1646 -0.8639 -0.4760
vn -0.2995 -0.8353 -0.4610
vn -0.1508 -0.8165 -0.5573
vn -0.0317 -0.8767 -0.4800
vn -0.0129 -0.8321 -0.5544
vn 0.0953 -0.8825 -0.4605
vn -0.3003 -0.8797 -0.3686
vn -0.0516 -0.9163 -0.3970
vn -0.1709 -0.9067 -0.3855
vn 0.0662 -0.9199 -0.3866
vn 0.4001 -0.8756 -0.2705
vn 0.3660 -0.8263 -0.4282
vn 0.4747 -0.8074 -0.3503
vn 0.3088 -0.9315 -0.1921
vn 0.3129 -0.8840 -0.3474
vn 0.2034 -0.9715 -0.1213
vn 0.2395 -0.9340 -0.2650
vn 0.2472 -0.8359 -0.4901
vn 0.2108 -0.8858 -0.4134
vn 0.1459 -0.9707 -0.1911
vn 0.1596 -0.9294 -0.3329
vn -0.2909 -0.9183 -0.2686
vn 0.1204 -0.8376 -0.5328
vn 0.0888 -0.9621 -0.2577
vn 0.0346 -0.9483 -0.3154
vn -0.1189 -0.9839 0.1333
vn 0.0197 -0.9975 0.0678
vn 0.1418 -0.9899 0.0074
vn 0.2563 -0.9651 -0.0547
vn -0.2760 -0.7315 -0.6235
vn -0.1344 -0.7657 -0.6291
vn 0.0046 -0.7845 -0.6202
vn 0.5684 -0.7817 -0.2568
vn 0.5245 -0.7373 -0.4258
vn 0.6624 -0.6758 -0.3233
vn 0.4684 -0.8634 -0.1873
vn 0.3653 -0.9231 -0.1201
vn 0.3939 -0.7714 -0.4998
vn 0.2675 -0.7870 -0.5559
vn 0.1388 -0.7908 -0.5961
vn 0.7482 -0.4142 0.5183
vn 0.7580 -0.2782 0.5900
vn 0.6986 -0.3687 0.6133
vn 0.8347 -0.3698 0.4080
vn 0.7978 -0.3282 0.5058
vn 0.7916 -0.4504 0.4129
vn 0.8689 -0.3933 0.3005
vn 0.8445 -0.2333 0.4820
vn 0.8111 -0.1806 0.5564
vn 0.8722 -0.2835 0.3987
vn 0.8996 -0.3160 0.3014
vn 0.9396 -0.3421 -0.0118
vn 0.8781 -0.4741 0.0647
vn 0.8893 -0.4543 -0.0520
vn 0.9723 -0.2312 0.0335
vn 0.9235 -0.3737 0.0860
vn 0.9739 -0.1597 0.1615
vn 0.9560 -0.2696 0.1159
vn 0.8577 -0.4809 0.1819
vn 0.8995 -0.3929 0.1911
vn 0.9516 -0.2003 0.2332
vn 0.9311 -0.3024 0.2037
vn 0.9213 0.1076 0.3738
vn 0.9705 0.0943 0.2221
vn 0.9358 0.1919 0.2958
vn 0.8949 0.0170 0.4460
vn 0.9537 0.0303 0.2992
vn 0.8573 -0.0803 0.5085
vn 0.9261 -0.0456 0.3746
vn 0.9883 -0.0087 0.1520
vn 0.9724 -0.0585 0.2257
vn 0.8882 -0.1347 0.4393
vn 0.9468 -0.1145 0.3009
vn 0.8285 -0.4733 0.2992
vn 0.9891 -0.1176 0.0883
vn 0.9099 -0.1883 0.3695
vn 0.9233 -0.2376 0.3019
vn 0.6453 -0.3142 0.6963
vn 0.7164 -0.2228 0.6612
vn 0.7735 -0.1285 0.6206
vn 0.8201 -0.0302 0.5714
vn 0.8949 -0.4172 -0.1583
vn 0.9497 -0.2987 -0.0941
vn 0.9813 -0.1890 -0.0372
vn 0.9359 0.1112 0.3344
vn 0.9574 0.2169 0.1904
vn 0.9892 -0.0035 0.1462
vn 0.8832 0.1485 0.4449
vn 0.8553 0.0704 0.5133
vn 0.9791 0.1417 0.1456
vn 0.9961 0.0310 0.0827
vn 0.9967 -0.0783 0.0213
vn 0.2060 -0.1670 0.9642
vn 0.1733 -0.0551 0.9833
vn 0.1112 -0.1105 0.9876
vn 0.2903 -0.2198 0.9314
vn 0.2784 -0.0972 0.9555
vn 0.3716 -0.2706 0.8881
vn 0.3621 -0.1417 0.9213
vn 0.2248 -0.0735 0.9716
vn 0.3377 -0.0763 0.9382
vn 0.3236 -0.2344 0.9167
vn 0.2582 -0.1896 0.9473
vn 0.2187 -0.6174 0.7556
vn 0.1487 -0.5717 0.8069
vn 0.2751 -0.5043 0.8185
vn 0.2406 -0.5642 0.7898
vn 0.1813 -0.4906 0.8523
vn 0.2334 -0.3926 0.8896
vn 0.2547 -0.4727 0.8436
vn 0.2094 -0.4905 0.8459
vn 0.4034 -0.3260 0.8550
vn 0.1039 -0.4999 0.8598
vn 0.1053 -0.4341 0.8947
vn 0.1900 -0.2573 0.9475
vn 0.0878 -0.3153 0.9449
vn 0.1083 -0.2601 0.9595
vn 0.2585 -0.3364 0.9055
vn 0.0917 -0.4340 0.8963
vn 0.2437 -0.4581 0.8548
vn 0.2260 -0.3370 0.9140
vn 0.1212 -0.3532 0.9277
vn 0.1837 -0.3212 0.9290
vn 0.0584 -0.3837 0.9216
vn 0.0608 -0.3779 0.9238
vn 0.1432 -0.4086 0.9014
vn 0.1693 -0.4161 0.8934
vn 0.2499 -0.3094 0.9175
vn 0.0485 -0.4490 0.8922
vn 0.3122 -0.6355 0.7061
vn 0.3280 -0.5359 0.7780
vn 0.2940 -0.3663 0.8829
vn 0.3220 -0.4464 0.8349
vn 0.1467 -0.2032 0.9681
vn 0.1793 -0.2215 0.9585
vn 0.2461 -0.2909 0.9245
vn 0.5134 -0.7897 -0.3360
vn 0.6151 -0.6985 -0.3657
vn 0.5871 -0.7580 -0.2841
vn 0.4602 -0.7664 -0.4482
vn 0.5459 -0.7334 -0.4052
vn 0.4252 -0.8177 -0.3880
vn 0.3650 -0.7874 -0.4968
vn 0.5689 -0.6648 -0.4841
vn 0.6327 -0.6290 -0.4517
vn 0.4939 -0.7011 -0.5143
vn 0.4028 -0.7282 -0.5545
vn 0.1213 -0.7757 -0.6193
vn 0.1260 -0.8417 -0.5251
vn 0.0816 -0.7950 -0.6011
vn 0.2194 -0.6981 -0.6815
vn 0.1940 -0.7839 -0.5899
vn 0.3134 -0.6132 -0.7251
vn 0.2708 -0.7112 -0.6487
vn 0.2292 -0.8426 -0.4874
vn 0.2756 -0.7899 -0.5479
vn 0.3549 -0.6321 -0.6888
vn 0.3293 -0.7236 -0.6066
vn 0.6007 -0.4194 -0.6806
vn 0.4862 -0.4400 -0.7549
vn 0.5691 -0.3498 -0.7441
vn 0.6225 -0.4874 -0.6123
vn 0.5222 -0.4876 -0.6997
vn 0.6345 -0.5571 -0.5358
vn 0.5513 -0.5383 -0.6374
vn 0.4025 -0.5271 -0.7485
vn 0.4414 -0.5573 -0.7033
vn 0.5702 -0.5964 -0.5650
vn 0.4780 -0.5883 -0.6523
vn 0.3291 -0.8358 -0.4394
vn 0.3960 -0.6493 -0.6493
vn 0.5055 -0.6318 -0.5876
vn 0.4358 -0.6679 -0.6033
vn 0.5500 -0.8052 -0.2217
vn 0.6508 -0.7222 -0.2344
vn 0.6100 -0.7517 -0.2506
vn 0.4772 -0.8354 -0.2727
vn 0.4020 -0.8525 -0.3341
vn 0.6741 -0.6612 -0.3292
vn 0.6878 -0.5928 -0.4189
vn 0.6921 -0.5174 -0.5032
vn 0.0428 -0.7404 -0.6709
vn 0.2078 -0.4341 -0.8766
vn 0.0668 -0.7601 -0.6464
vn 0.1762 -0.6799 -0.7118
vn 0.2740 -0.5909 -0.7588
vn 0.2411 -0.5706 -0.7851
vn 0.3026 -0.7303 -0.6124
vn 0.3557 -0.8338 -0.4221
vn 0.6534 -0.2660 -0.7088
vn 0.5210 -0.2900 -0.8028
vn 0.6139 -0.1534 -0.7743
vn 0.6760 -0.3584 -0.6439
vn 0.6880 -0.4393 -0.5776
vn 0.4388 -0.4002 -0.8045
vn 0.3597 -0.4978 -0.7891
vn 0.6741 -0.1618 0.7207
vn 0.5606 -0.1544 0.8136
vn 0.6045 -0.2379 0.7603
vn 0.6869 -0.0248 0.7263
vn 0.6284 -0.0957 0.7720
vn 0.7328 -0.0774 0.6761
vn 0.7305 0.0583 0.6804
vn 0.5743 -0.0202 0.8184
vn 0.5073 -0.0644 0.8594
vn 0.6354 0.0296 0.7716
vn 0.6817 0.0972 0.7251
vn 0.8750 -0.2188 0.4318
vn 0.8487 0.0821 0.5225
vn 0.9113 -0.0740 0.4051
vn 0.8224 -0.2605 0.5058
vn 0.8362 -0.0852 0.5418
vn 0.7517 -0.2550 0.6082
vn 0.8063 -0.2365 0.5422
vn 0.8100 0.1095 0.5761
vn 0.7760 0.0780 0.6259
vn 0.7304 -0.3158 0.6057
vn 0.7147 -0.1011 0.6921
vn 0.4568 -0.3997 0.7947
vn 0.5653 -0.2749 0.7777
vn 0.4484 -0.3017 0.8414
vn 0.5486 -0.2771 0.7888
vn 0.5591 -0.3616 0.7461
vn 0.4769 -0.0603 0.8769
vn 0.4328 -0.2786 0.8574
vn 0.6658 -0.2594 0.6996
vn 0.6526 -0.2687 0.7085
vn 0.6535 -0.3356 0.6784
vn 0.5625 -0.0621 0.8245
vn 0.7781 0.0150 0.6280
vn 0.7174 -0.2559 0.6480
vn 0.6375 -0.0460 0.7691
vn 0.6908 -0.0096 0.7230
vn 0.5248 -0.2995 0.7968
vn 0.4861 -0.2007 0.8506
vn 0.4390 -0.1027 0.8926
vn 0.3813 -0.0402 0.9236
vn 0.9446 -0.1530 0.2903
vn 0.8989 -0.1884 0.3957
vn 0.7647 -0.1837 0.6177
vn 0.8387 -0.1843 0.5125
vn 0.3198 -0.3449 0.8825
vn 0.4460 -0.1985 0.8727
vn 0.2658 -0.2217 0.9382
vn 0.3522 -0.4489 0.8212
vn 0.3515 -0.2393 0.9051
vn 0.5751 -0.1872 0.7964
vn 0.6769 -0.1840 0.7127
vn 0.7285 -0.6182 -0.2952
vn 0.7727 -0.6107 -0.1733
vn 0.7137 -0.6701 -0.2037
vn 0.7385 -0.5538 -0.3846
vn 0.7810 -0.5682 -0.2593
vn 0.7933 -0.4369 -0.4240
vn 0.7864 -0.5107 -0.3476
vn 0.8273 -0.5440 -0.1400
vn 0.8327 -0.4620 -0.3051
vn 0.8330 -0.5077 -0.2198
vn 0.8339 -0.3984 -0.3820
vn 0.8114 -0.2016 -0.5486
vn 0.7458 -0.3128 -0.5882
vn 0.7393 -0.2249 -0.6347
vn 0.8688 -0.1879 -0.4582
vn 0.8077 -0.2792 -0.5193
vn 0.9144 -0.1814 -0.3619
vn 0.8599 -0.2555 -0.4420
vn 0.7473 -0.3964 -0.5333
vn 0.8015 -0.3574 -0.4794
vn 0.9025 -0.2432 -0.3555
vn 0.8477 -0.3236 -0.4204
vn 0.9516 -0.3023 -0.0553
vn 0.9700 -0.1950 -0.1455
vn 0.9755 -0.2177 -0.0308
vn 0.9194 -0.3851 -0.0797
vn 0.9506 -0.2695 -0.1539
vn 0.8772 -0.4678 -0.1079
vn 0.9220 -0.3505 -0.1643
vn 0.9488 -0.1832 -0.2571
vn 0.9131 -0.3163 -0.2573
vn 0.9342 -0.2470 -0.2574
vn 0.8788 -0.3968 -0.2651
vn 0.7447 -0.4777 -0.4661
vn 0.8880 -0.3007 -0.3479
vn 0.8819 -0.4337 -0.1849
vn 0.8694 -0.3622 -0.3360
vn 0.6979 -0.6695 -0.2543
vn 0.7732 -0.5970 -0.2137
vn 0.8333 -0.5348 -0.1401
vn 0.8742 -0.4823 -0.0554
vn 0.7359 -0.1338 -0.6637
vn 0.8169 -0.1237 -0.5633
vn 0.8758 -0.1203 -0.4675
vn 0.9225 -0.1199 -0.3670
vn 0.9642 -0.2563 0.0685
vn 0.9909 -0.1340 -0.0160
vn 0.9838 -0.1336 0.1196
vn 0.9388 -0.3422 0.0389
vn 0.9068 -0.4216 0.0014
vn 0.9815 -0.1242 -0.1457
vn 0.9581 -0.1203 -0.2598
vn 0.2500 0.3513 0.9023
vn 0.1734 0.5412 0.8228
vn 0.3266 0.5574 0.7633
vn 0.2438 0.4490 0.8596
vn 0.1932 0.4458 0.8740
vn 0.2931 0.6338 0.7158
vn 0.3536 0.4799 0.8029
vn 0.0536 0.5866 0.8081
vn 0.1815 0.6022 0.7775
vn 0.4537 0.6208 0.6393
vn 0.3156 0.6071 0.7293
vn 0.1575 0.8772 0.4535
vn 0.1925 0.7919 0.5795
vn 0.2774 0.8276 0.4880
vn 0.2372 0.8074 0.5402
vn 0.0966 0.8466 0.5233
vn 0.3301 0.6976 0.6360
vn 0.2660 0.8320 0.4868
vn 0.0869 0.7472 0.6588
vn 0.1170 0.7837 0.6100
vn 0.3815 0.7979 0.4667
vn 0.3938 0.7647 0.5101
vn -0.0394 0.8920 0.4504
vn 0.0144 0.7821 0.6230
vn -0.0127 0.8205 0.5716
vn -0.0117 0.8705 0.4920
vn 0.0823 0.8726 0.4815
vn 0.0332 0.7487 0.6621
vn 0.1222 0.8699 0.4779
vn 0.2067 0.7325 0.6486
vn 0.2472 0.8415 0.4804
vn 0.1527 0.7519 0.6413
vn 0.2617 0.8505 0.4563
vn 0.0654 0.6679 0.7414
vn 0.2688 0.7446 0.6110
vn 0.3822 0.7275 0.5699
vn 0.4161 0.7949 0.4416
vn 0.3722 0.5537 0.7449
vn 0.3135 0.5788 0.7528
vn 0.3124 0.3877 0.8672
vn 0.0156 0.5150 0.8570
vn 0.3162 0.6503 0.6908
vn 0.1646 0.6778 0.7166
vn 0.0381 0.7519 0.6582
vn 0.3260 0.8591 0.3944
vn 0.3903 0.7451 0.5408
vn 0.4967 0.7561 0.4263
vn 0.2125 0.9066 0.3646
vn 0.3456 0.7440 0.5719
vn 0.3581 0.6316 0.6876
vn 0.2750 0.7263 0.6300
vn 0.1422 0.6986 0.7012
vn -0.0027 0.6543 0.7562
vn 0.1091 0.8972 0.4279
vn -0.0749 0.7970 0.5993
vn 0.1118 0.8972 0.4273
vn 0.0262 0.8740 0.4852
vn -0.0074 0.7396 0.6730
vn 0.1898 0.6920 0.6965
vn 0.2662 0.5766 -0.7724
vn 0.3442 0.6601 -0.6677
vn 0.0182 0.7146 -0.6993
vn 0.3381 0.5714 -0.7478
vn 0.3375 0.6621 -0.6691
vn 0.2534 0.6126 -0.7486
vn 0.2573 0.7095 -0.6561
vn 0.1867 0.7726 -0.6068
vn -0.1402 0.7497 -0.6467
vn 0.3826 0.6978 -0.6056
vn 0.3035 0.7369 -0.6040
vn -0.0233 0.8421 -0.5388
vn -0.0060 0.7688 -0.6394
vn -0.0968 0.8059 -0.5840
vn 0.0459 0.8711 -0.4890
vn 0.0846 0.8076 -0.5836
vn 0.1038 0.8942 -0.4355
vn 0.1501 0.8356 -0.5285
vn 0.0806 0.7233 -0.6858
vn 0.1745 0.7617 -0.6239
vn 0.2027 0.8545 -0.4783
vn 0.2322 0.7872 -0.5713
vn 0.3175 0.9340 -0.1637
vn 0.3422 0.8849 -0.3160
vn 0.2369 0.9339 -0.2676
vn 0.1592 0.9543 -0.2531
vn 0.2899 0.8502 -0.4395
vn -0.0898 0.9038 -0.4185
vn 0.1315 0.8185 -0.5592
vn 0.2669 0.8757 -0.4024
vn 0.1629 0.9172 -0.3637
vn 0.3457 0.8217 -0.4531
vn 0.3943 0.7495 -0.5318
vn 0.1676 0.6672 -0.7258
vn 0.2750 0.8079 -0.5213
vn -0.1615 0.8344 -0.5269
vn 0.3284 0.7596 -0.5613
vn -0.0529 0.6412 -0.7655
vn -0.1111 0.6680 -0.7358
vn -0.0853 0.7608 -0.6433
vn -0.0977 0.8445 -0.5266
vn 0.0643 0.9678 -0.2435
vn -0.1613 0.9530 -0.2565
vn -0.1428 0.9083 -0.3933
vn 0.7101 0.6512 -0.2679
vn 0.6912 0.6638 0.2858
vn 0.6184 0.7559 -0.2149
vn 0.7513 0.6026 0.2691
vn 0.6900 0.6115 0.3874
vn 0.7399 0.5684 0.3599
vn 0.7005 0.6500 0.2945
vn 0.6221 0.6994 0.3519
vn 0.5218 0.8436 -0.1267
vn 0.6349 0.6518 0.4147
vn 0.6501 0.6848 0.3293
vn 0.6333 0.7701 0.0760
vn 0.7243 0.6852 0.0775
vn 0.6945 0.7194 -0.0076
vn 0.5722 0.8040 0.1617
vn 0.6663 0.7327 0.1384
vn 0.5099 0.8223 0.2528
vn 0.6060 0.7680 0.2074
vn 0.7426 0.6487 0.1662
vn 0.6903 0.6924 0.2101
vn 0.5444 0.7875 0.2888
vn 0.6342 0.7278 0.2611
vn 0.7915 0.5413 -0.2838
vn 0.5919 0.7997 0.1004
vn 0.6844 0.6216 -0.3811
vn 0.7646 0.6326 -0.1238
vn 0.5841 0.7688 0.2603
vn 0.5839 0.8088 -0.0707
vn 0.5313 0.7281 0.4331
vn 0.4487 0.8221 0.3504
vn 0.4882 0.7845 0.3824
vn 0.5361 0.7143 0.4498
vn 0.5294 0.7418 0.4117
vn 0.7488 0.6091 0.2613
vn 0.5756 0.7498 0.3261
vn 0.5766 0.6951 0.4293
vn 0.6020 0.7114 0.3626
vn 0.8070 0.5242 -0.2719
vn 0.6059 0.6064 -0.5150
vn 0.6853 0.5154 -0.5144
vn 0.8027 0.5015 0.3227
vn 0.7842 0.5233 0.3333
vn 0.5208 0.6810 -0.5149
vn 0.4295 0.7430 -0.5133
vn 0.4754 0.7142 -0.5137
vn 0.6498 0.7561 -0.0781
vn 0.7584 0.6468 -0.0809
vn 0.7152 0.6685 -0.2037
vn 0.5895 0.8073 0.0272
vn 0.5330 0.8371 0.1232
vn 0.4737 0.8529 0.2195
vn 0.7817 0.6231 0.0261
vn 0.7919 0.5969 0.1286
vn 0.7931 0.5634 0.2313
vn 0.6732 0.5968 -0.4366
vn 0.5161 0.7227 -0.4597
vn 0.5494 0.7132 -0.4354
vn 0.7636 0.4771 -0.4350
vn 0.7141 0.5316 -0.4554
vn 0.4748 0.8743 0.1005
vn 0.4107 0.8552 0.3162
vn 0.2118 0.7441 -0.6337
vn 0.1699 0.8101 -0.5611
vn 0.3190 0.7444 -0.5866
vn 0.0863 0.9542 -0.2865
vn 0.0983 0.7206 -0.6864
vn -0.0194 0.9870 0.1595
vn 0.0697 0.8248 -0.5612
vn -0.0029 0.8440 -0.5364
vn -0.0422 0.7579 -0.6510
vn -0.2015 0.9743 -0.1011
vn -0.1150 0.7220 -0.6823
vn 0.2174 0.9749 0.0471
vn -0.0467 0.9640 0.2617
vn -0.1693 0.9723 0.1614
vn 0.4611 0.8861 0.0460
vn 0.1776 0.9592 0.2198
vn 0.4558 0.8760 0.1578
vn 0.2173 0.9591 0.1812
vn -0.1818 0.9535 0.2403
vn -0.1113 0.9725 0.2048
vn -0.2628 0.9577 0.1175
vn -0.1216 0.9141 -0.3869
vn -0.1830 0.8340 -0.5206
vn 0.2357 0.8428 0.4838
vn 0.1672 0.9678 0.1883
vn -0.3110 0.7144 -0.6268
vn 0.0711 0.8937 -0.4431
vn -0.3098 0.7938 -0.5234
vn -0.1868 0.7584 -0.6244
vn 0.3520 0.8479 0.3963
vn -0.2088 0.6896 -0.6934
vn 0.1281 0.9917 0.0122
vn -0.2039 0.6511 -0.7311
vn -0.2074 0.9026 -0.3772
vn 0.4067 0.8656 0.2921
vn -0.1708 0.8362 -0.5212
vn -0.1985 0.7270 -0.6573
vn 0.4140 0.6648 -0.6218
vn 0.3904 0.8105 -0.4367
vn 0.1026 0.9931 0.0564
vn 0.3931 0.8264 -0.4031
vn 0.0409 0.9720 0.2312
vn 0.2091 0.8755 -0.4356
vn 0.0187 0.9015 -0.4325
vn -0.1603 0.8894 -0.4280
vn -0.0662 0.9929 0.0993
vn -0.1346 0.9870 0.0875
vn -0.0420 0.9871 0.1546
vn 0.1483 0.9456 -0.2897
vn -0.3074 0.8332 -0.4596
vn -0.3081 0.8497 -0.4279
vn 0.3471 0.8932 0.2859
vn 0.2648 0.9520 0.1535
vn 0.4017 0.8615 -0.3107
vn 0.3716 0.8859 0.2776
vn 0.2644 0.9157 0.3026
vn 0.4328 0.8822 0.1854
vn 0.3257 0.9162 0.2333
vn 0.1584 0.9469 0.2798
vn 0.2116 0.9484 0.2362
vn 0.3842 0.9112 0.1490
vn 0.2715 0.9444 0.1855
vn 0.4718 0.8756 -0.1032
vn 0.5276 0.8495 -0.0041
vn 0.5669 0.8180 -0.0969
vn 0.3671 0.9247 -0.1013
vn 0.4497 0.8928 -0.0257
vn 0.2547 0.9626 -0.0927
vn 0.3606 0.9319 -0.0395
vn 0.4840 0.8704 0.0901
vn 0.4230 0.9042 0.0591
vn 0.2622 0.9642 -0.0405
vn 0.3537 0.9349 0.0303
vn -0.0458 0.9980 0.0432
vn 0.0068 0.9987 -0.0508
vn -0.1188 0.9927 -0.0196
vn 0.0276 0.9927 0.1177
vn 0.0522 0.9986 0.0084
vn 0.0975 0.9752 0.1989
vn 0.1013 0.9915 0.0819
vn 0.1341 0.9881 -0.0760
vn 0.1565 0.9874 -0.0223
vn 0.1546 0.9745 0.1625
vn 0.1797 0.9828 0.0438
vn 0.2727 0.9586 0.0820
vn 0.2129 0.9693 0.1234
vn 0.3316 0.9364 0.1145
vn 0.2691 0.9630 0.0155
vn 0.5969 0.7773 -0.1987
vn 0.4865 0.8539 -0.1847
vn 0.3725 0.9135 -0.1633
vn 0.2516 0.9573 -0.1422
vn -0.0951 0.9912 -0.0923
vn -0.0220 0.9946 -0.1010
vn 0.1207 0.9851 -0.1222
vn 0.5126 0.7506 -0.4169
vn 0.4801 0.8326 -0.2762
vn 0.5700 0.7635 -0.3036
vn 0.4343 0.7353 -0.5203
vn 0.4472 0.8080 -0.3836
vn 0.3110 0.7554 -0.5767
vn 0.3906 0.7802 -0.4885
vn 0.3611 0.8685 -0.3395
vn 0.3725 0.8961 -0.2415
vn 0.3340 0.8312 -0.4445
vn 0.2782 0.7966 -0.5367
vn -0.0009 0.6898 -0.7240
vn 0.1017 0.6645 -0.7404
vn -0.0317 0.6307 -0.7754
vn 0.0045 0.7730 -0.6344
vn 0.1091 0.7133 -0.6923
vn -0.0160 0.8527 -0.5222
vn 0.0972 0.7812 -0.6167
vn 0.2272 0.6944 -0.6828
vn 0.2154 0.7345 -0.6435
vn 0.1544 0.8510 -0.5020
vn 0.1913 0.7853 -0.5889
vn -0.0134 0.9854 -0.1696
vn -0.1015 0.9594 -0.2633
vn -0.1486 0.9766 -0.1556
vn 0.1224 0.9748 -0.1862
vn 0.0117 0.9630 -0.2693
vn 0.2529 0.9447 -0.2088
vn 0.1308 0.9520 -0.2767
vn -0.0547 0.9187 -0.3912
vn 0.0383 0.9203 -0.3894
vn 0.2527 0.9209 -0.2968
vn 0.1387 0.9119 -0.3863
vn 0.3380 0.7174 -0.6092
vn 0.0679 0.8548 -0.5144
vn 0.2463 0.8847 -0.3958
vn 0.2309 0.8434 -0.4851
vn 0.6500 0.6824 -0.3344
vn 0.5694 0.6878 -0.4502
vn 0.4759 0.6887 -0.5470
vn 0.3656 0.6821 -0.6333
vn -0.0391 0.5964 -0.8017
vn 0.1058 0.6348 -0.7654
vn 0.2438 0.6640 -0.7068
vn 0.0780 0.9132 0.4000
vn -0.0190 0.9230 0.3843
vn 0.0678 0.9453 0.3192
vn 0.0121 0.8395 0.5433
vn -0.0772 0.8026 0.5916
vn -0.0372 0.7124 0.7008
vn -0.0616 0.7604 0.6465
vn -0.1279 0.8566 0.4999
vn -0.0765 0.8180 0.5701
vn 0.0213 0.7304 0.6827
vn 0.0054 0.7949 0.6068
vn 0.1935 0.6123 0.7666
vn 0.1871 0.6829 0.7062
vn 0.1015 0.6300 0.7700
vn 0.2712 0.6673 0.6936
vn 0.2323 0.7389 0.6325
vn 0.2955 0.7319 0.6140
vn 0.2382 0.7984 0.5530
vn 0.1050 0.7025 0.7039
vn 0.0168 0.6540 0.7563
vn 0.1569 0.7472 0.6458
vn 0.1715 0.7986 0.5769
vn 0.1209 0.9347 0.3344
vn 0.1352 0.8885 0.4384
vn 0.2128 0.8952 0.3917
vn 0.0347 0.9171 0.3971
vn 0.0615 0.8727 0.4844
vn -0.0430 0.8923 0.4493
vn -0.0089 0.8482 0.5296
vn 0.2029 0.8489 0.4881
vn 0.2117 0.8593 0.4655
vn 0.1321 0.8428 0.5217
vn 0.0620 0.8248 0.5620
vn 0.0771 0.7661 0.6381
vn 0.2251 0.7888 0.5720
vn -0.1144 0.8618 0.4942
vn 0.1105 0.7975 0.5932
vn -0.2395 0.9358 0.2588
vn -0.3337 0.8973 0.2889
vn -0.2530 0.9612 0.1100
vn -0.2491 0.8899 0.3821
vn -0.1767 0.9537 0.2435
vn -0.0803 0.9451 0.3166
vn -0.0223 0.9883 0.1507
vn -0.3957 0.9018 0.1740
vn -0.2434 0.9699 0.0122
vn -0.2630 0.9529 0.1514
vn -0.1280 0.9890 0.0745
vn 0.2135 0.9286 -0.3037
vn 0.3286 0.9392 -0.0996
vn 0.3833 0.8825 -0.2724
vn 0.0229 0.9451 -0.3259
vn 0.1798 0.9722 -0.1497
vn -0.1589 0.9288 -0.3349
vn 0.0046 0.9803 -0.1975
vn 0.2263 0.9716 0.0684
vn 0.1013 0.9948 0.0119
vn -0.1690 0.9590 -0.2277
vn -0.0433 0.9976 -0.0549
vn 0.0358 0.9977 -0.0578
vn -0.3423 0.8739 -0.3451
vn 0.0905 0.9686 -0.2314
vn -0.0517 0.9974 -0.0494
vn -0.3915 0.8932 -0.2211
vn -0.1752 0.9823 -0.0666
vn -0.4238 0.8999 -0.1029
vn -0.3104 0.8900 -0.3339
vn -0.3183 0.9196 -0.2300
vn -0.4256 0.9040 0.0399
vn -0.3296 0.9375 -0.1119
vn 0.0842 0.9738 0.2113
vn -0.1896 0.9754 -0.1123
vn -0.3220 0.9464 0.0246
vn -0.2172 0.9761 0.0002
vn -0.1897 0.8771 0.4412
vn -0.1425 0.8784 0.4562
vn 0.0201 0.9288 0.3699
vn 0.5099 0.8296 -0.2276
vn 0.4335 0.8999 -0.0488
vn 0.3208 0.9406 0.1108
vn 0.1778 0.9509 0.2532
vn 0.0458 0.7811 0.6227
vn -0.0130 0.8594 0.5111
vn -0.1345 0.8021 0.5819
vn 0.2268 0.7276 0.6475
vn 0.1316 0.8246 0.5502
vn 0.3974 0.6456 0.6521
vn 0.2823 0.7654 0.5783
vn 0.1240 0.9031 0.4110
vn 0.2340 0.8622 0.4492
vn 0.4335 0.6847 0.5859
vn 0.3480 0.8023 0.4851
vn 0.3557 0.9051 0.2329
vn 0.3189 0.8745 0.3653
vn 0.2983 0.9110 0.2846
vn 0.6538 0.7046 0.2759
vn 0.5450 0.7248 0.4214
vn 0.7645 0.6026 0.2290
vn 0.7058 0.5816 0.4046
vn 0.4773 0.6258 0.6169
vn 0.5790 0.5952 0.5572
vn 0.6920 0.6606 0.2911
vn 0.6051 0.6472 0.4636
vn 0.5096 0.8602 0.0178
vn 0.6631 0.7485 -0.0016
vn 0.5940 0.7963 -0.1146
vn 0.3986 0.9043 0.1527
vn 0.5785 0.8098 0.0975
vn 0.3492 0.8776 0.3284
vn 0.4740 0.8566 0.2038
vn 0.7219 0.6827 0.1131
vn 0.6440 0.7422 0.1857
vn 0.4314 0.8224 0.3709
vn 0.5469 0.7944 0.2643
vn 0.4711 0.7240 0.5038
vn 0.6055 0.7132 0.3532
vn 0.2633 0.9205 0.2886
vn 0.5038 0.7588 0.4127
vn 0.4209 0.8625 0.2809
vn 0.3498 0.9235 0.1577
vn 0.4602 0.8656 0.1975
vn 0.7375 0.6659 0.1125
vn 0.6579 0.7147 -0.2376
vn 0.7287 0.6799 -0.0826
vn 0.7804 0.6232 0.0506
vn 0.5674 0.8144 0.1219
vn 0.4264 0.8974 0.1134
vn 0.5028 0.8375 0.2139
vn 0.6165 0.7870 0.0235
vn 0.4915 0.8694 0.0496
vn 0.6497 0.7556 -0.0831
vn 0.5468 0.8368 -0.0289
vn 0.4195 0.9069 0.0391
vn 0.4146 0.9095 -0.0293
vn 0.5843 0.8023 -0.1220
vn 0.4742 0.8762 -0.0856
vn 0.6425 0.6426 -0.4174
vn 0.5855 0.7390 -0.3333
vn 0.6621 0.6829 -0.3087
vn 0.5587 0.7095 -0.4295
vn 0.4966 0.7925 -0.3540
vn 0.4656 0.7689 -0.4382
vn 0.3987 0.8429 -0.3613
vn 0.5969 0.7694 -0.2274
vn 0.6653 0.7205 -0.1958
vn 0.5200 0.8136 -0.2600
vn 0.4274 0.8603 -0.2780
vn 0.7849 0.6041 -0.1379
vn 0.7998 0.5118 -0.3137
vn 0.7314 0.6207 -0.2825
vn 0.8283 0.5603 -0.0022
vn 0.8313 0.5271 -0.1762
vn 0.6410 0.7653 -0.0580
vn 0.7026 0.6996 -0.1302
vn 0.6195 0.7249 -0.3011
vn 0.7095 0.6036 -0.3637
vn 0.3923 0.9148 -0.0964
vn 0.4163 0.8679 -0.2709
vn 0.5181 0.8400 -0.1609
vn 0.4338 0.7923 -0.4290
vn 0.3959 0.9039 -0.1619
vn 0.4492 0.8708 -0.1998
vn 0.5839 0.7538 0.3013
vn 0.6429 0.7433 0.1848
vn 0.6825 0.7275 0.0707
vn 0.7105 0.7022 -0.0461
vn 0.7159 0.5747 -0.3965
vn 0.7292 0.6243 -0.2802
vn 0.7267 0.6670 -0.1644
vn 0.9925 0.1082 0.0567
vn 0.9775 0.0812 0.1947
vn 0.9917 0.0201 0.1274
vn 0.9726 0.2247 0.0595
vn 0.9816 0.1466 0.1223
vn 0.9804 0.1972 -0.0016
vn 0.9520 0.3056 0.0159
vn 0.9613 0.1950 0.1945
vn 0.9536 0.1420 0.2655
vn 0.9590 0.2539 0.1262
vn 0.9435 0.3227 0.0750
vn 0.8351 0.5501 -0.0028
vn 0.8804 0.4648 -0.0946
vn 0.8244 0.5571 -0.0997
vn 0.8384 0.5361 0.0981
vn 0.8824 0.4703 -0.0119
vn 0.8732 0.4539 0.1775
vn 0.8802 0.4683 0.0775
vn 0.9240 0.3751 -0.0752
vn 0.9217 0.3879 -0.0069
vn 0.9147 0.3985 0.0673
vn 0.8732 0.3980 0.2812
vn 0.8096 0.4299 0.3997
vn 0.8710 0.4865 -0.0681
vn 0.8813 0.2698 0.3880
vn 0.8526 0.3753 0.3636
vn 0.9210 0.2059 0.3307
vn 0.8934 0.3143 0.3210
vn 0.8252 0.4746 0.3063
vn 0.8639 0.4203 0.2776
vn 0.9310 0.2510 0.2651
vn 0.9000 0.3600 0.2458
vn 0.9571 0.2865 -0.0443
vn 0.8344 0.5119 0.2040
vn 0.9340 0.2967 0.1991
vn 0.9302 0.3393 0.1401
vn 0.9043 0.3976 0.1555
vn 0.9981 -0.0297 0.0543
vn 0.9771 -0.0402 0.2089
vn 0.9970 0.0766 -0.0129
vn 0.9831 0.1725 -0.0615
vn 0.9601 0.0242 0.2785
vn 0.9370 0.0955 0.3361
vn 0.9047 0.1640 0.3932
vn 0.8135 0.5484 -0.1935
vn 0.8775 0.4478 -0.1713
vn 0.9232 0.3577 -0.1404
vn 0.9584 0.2664 -0.1029
vn 0.7050 0.4168 -0.5739
vn 0.8469 0.3573 -0.3938
vn 0.9682 0.2483 0.0303
vn 0.9860 -0.0474 -0.1601
vn 0.9943 0.0540 -0.0918
vn 0.9978 -0.0390 -0.0540
vn 0.9623 -0.0535 -0.2667
vn 0.9830 0.0352 -0.1805
vn 0.9269 -0.0537 -0.3715
vn 0.9609 0.0200 -0.2761
vn 0.9805 0.1488 -0.1282
vn 0.9710 0.1242 -0.2042
vn 0.9272 0.0165 -0.3742
vn 0.9530 0.0993 -0.2863
vn 0.7920 0.0675 -0.6068
vn 0.8289 -0.0397 -0.5580
vn 0.7659 -0.0316 -0.6422
vn 0.8116 0.1628 -0.5610
vn 0.8416 0.0483 -0.5380
vn 0.8244 0.2532 -0.5062
vn 0.8514 0.1360 -0.5065
vn 0.8823 -0.0476 -0.4682
vn 0.8864 0.0299 -0.4620
vn 0.8594 0.2196 -0.4617
vn 0.8865 0.1098 -0.4496
vn 0.8769 0.4117 -0.2480
vn 0.8310 0.4186 -0.3663
vn 0.8250 0.4890 -0.2832
vn 0.9201 0.3315 -0.2086
vn 0.8742 0.3599 -0.3261
vn 0.9475 0.2145 -0.2370
vn 0.9128 0.2949 -0.2825
vn 0.8308 0.3389 -0.4415
vn 0.8675 0.2955 -0.4001
vn 0.9333 0.1842 -0.3081
vn 0.9003 0.2499 -0.3565
vn 0.9230 0.0874 -0.3747
vn 0.8880 0.1881 -0.4196
vn 0.9556 0.2428 -0.1667
vn 0.9153 0.1541 -0.3720
vn 0.6906 -0.0153 -0.7231
vn 0.7368 0.0955 -0.6694
vn 0.7670 0.1929 -0.6120
vn 0.7842 0.2866 -0.5503
vn 0.7614 0.5630 -0.3214
vn 0.7821 0.4692 -0.4102
vn 0.7891 0.3788 -0.4836
vn 0.5493 0.1426 -0.8233
vn 0.6756 0.1428 -0.7234
vn 0.6252 0.0564 -0.7784
vn 0.5139 0.2815 -0.8104
vn 0.6025 0.2065 -0.7710
vn 0.4560 0.2365 -0.8580
vn 0.4159 0.3642 -0.8333
vn 0.6454 0.2793 -0.7109
vn 0.7129 0.2317 -0.6618
vn 0.5650 0.3311 -0.7557
vn 0.4736 0.3996 -0.7849
vn 0.1572 0.5929 -0.7898
vn 0.1269 0.4958 -0.8591
vn 0.0208 0.5578 -0.8297
vn 0.2844 0.6200 -0.7313
vn 0.2338 0.5294 -0.8155
vn 0.4030 0.6358 -0.6583
vn 0.3394 0.5581 -0.7572
vn 0.2399 0.4180 -0.8762
vn 0.3208 0.4505 -0.8331
vn 0.4458 0.5751 -0.6859
vn 0.4006 0.4826 -0.7789
vn 0.7234 0.5082 -0.4674
vn 0.6125 0.6200 -0.4903
vn 0.6951 0.5964 -0.4015
vn 0.7373 0.4161 -0.5323
vn 0.6475 0.5421 -0.5356
vn 0.7342 0.3227 -0.5974
vn 0.6711 0.4517 -0.5879
vn 0.5163 0.6349 -0.5747
vn 0.5880 0.4864 -0.6463
vn 0.5541 0.5684 -0.6082
vn 0.6000 0.3986 -0.6936
vn 0.3509 0.3298 -0.8764
vn 0.4870 0.5048 -0.7127
vn 0.6712 0.3616 -0.6471
vn 0.5213 0.4342 -0.7346
vn 0.5561 -0.0267 -0.8307
vn 0.4835 0.0905 -0.8707
vn 0.3915 0.1985 -0.8985
vn -0.0858 0.4835 -0.8711
vn 0.0234 0.4535 -0.8910
vn 0.1587 0.3848 -0.9092
vn 0.2821 0.2983 -0.9118
vn 0.3760 0.1033 0.9208
vn 0.2020 0.0830 0.9759
vn 0.2979 -0.0004 0.9546
vn 0.3546 0.2526 0.9002
vn 0.2864 0.1583 0.9449
vn 0.4353 0.2114 0.8751
vn 0.3938 0.3517 0.8492
vn 0.1682 0.2283 0.9590
vn 0.0772 0.1710 0.9822
vn 0.2530 0.2969 0.9208
vn 0.3065 0.3817 0.8720
vn 0.3362 0.6494 0.6821
vn 0.4779 0.5387 0.6938
vn 0.4485 0.6452 0.6185
vn 0.2488 0.5667 0.7855
vn 0.3790 0.5565 0.7394
vn 0.1959 0.6408 0.7423
vn 0.0969 0.5560 0.8255
vn 0.4845 0.4298 0.7619
vn 0.2936 0.4785 0.8276
vn 0.4006 0.4545 0.7956
vn 0.1550 0.4861 0.8600
vn 0.2837 0.4744 0.8334
vn 0.1449 0.4896 0.8598
vn 0.4396 0.4855 0.7557
vn -0.0382 0.3586 0.9327
vn -0.1147 0.4881 0.8652
vn -0.0590 0.2596 0.9639
vn -0.0890 0.3884 0.9172
vn -0.1150 0.5595 0.8208
vn -0.0530 0.5121 0.8573
vn 0.0332 0.3067 0.9512
vn 0.0247 0.4436 0.8959
vn 0.4704 0.3207 0.8221
vn 0.0421 0.6121 0.7896
vn 0.1259 0.3599 0.9245
vn 0.2049 0.4105 0.8885
vn 0.3819 -0.0686 0.9217
vn 0.1934 -0.0951 0.9765
vn 0.4547 0.0603 0.8886
vn 0.5016 0.1771 0.8468
vn 0.1009 0.0213 0.9947
vn -0.0141 0.1266 0.9919
vn -0.0105 0.2347 0.9720
vn 0.5452 0.6249 0.5588
vn 0.5596 0.5099 0.6533
vn 0.5543 0.4015 0.7291
vn 0.5341 0.2913 0.7936
vn 0.3537 0.5084 0.7851
vn 0.4664 0.4375 0.7688
vn 0.3100 0.3722 0.8748
vn 0.5944 -0.0938 0.7987
vn 0.5336 0.0313 0.8452
vn 0.4931 -0.0829 0.8660
vn 0.6887 -0.1029 0.7177
vn 0.6164 0.0078 0.7874
vn 0.7739 -0.1065 0.6242
vn 0.6994 -0.0124 0.7146
vn 0.5673 0.1468 0.8103
vn 0.6370 0.1158 0.7621
vn 0.7784 -0.0216 0.6274
vn 0.7061 0.0837 0.7032
vn 0.9379 0.0345 0.3452
vn 0.9057 -0.0924 0.4136
vn 0.9503 -0.0814 0.3006
vn 0.9095 0.1505 0.3875
vn 0.8990 0.0106 0.4377
vn 0.8647 0.2628 0.4281
vn 0.8778 0.1185 0.4641
vn 0.8468 -0.1019 0.5221
vn 0.8465 -0.0106 0.5323
vn 0.8073 0.1864 0.5600
vn 0.8366 0.0860 0.5410
vn 0.6366 0.4612 0.6181
vn 0.7294 0.4633 0.5033
vn 0.6440 0.5490 0.5329
vn 0.6198 0.3648 0.6948
vn 0.7112 0.3966 0.5805
vn 0.5959 0.2599 0.7599
vn 0.6866 0.3179 0.6539
vn 0.8039 0.3675 0.4676
vn 0.7804 0.3184 0.5381
vn 0.7178 0.1853 0.6711
vn 0.7504 0.2627 0.6065
vn 0.7772 0.0633 0.6260
vn 0.8384 0.2248 0.4966
vn 0.6593 0.2233 0.7179
vn 0.7706 0.1464 0.6202
vn 0.9813 -0.0651 0.1809
vn 0.9641 0.0649 0.2576
vn 0.9314 0.1826 0.3150
vn 0.8841 0.2969 0.3610
vn 0.6447 0.6281 0.4357
vn 0.7454 0.5152 0.4231
vn 0.8222 0.4073 0.3976
vn 0.9963 0.0841 0.0154
vn 0.9776 0.1093 0.1797
vn 0.9954 0.0035 0.0961
vn 0.9837 0.1665 -0.0676
vn 0.9809 0.1671 0.1000
vn 0.9480 0.3102 -0.0714
vn 0.9729 0.2305 0.0169
vn 0.9445 0.2184 0.2454
vn 0.9505 0.2589 0.1721
vn 0.9316 0.3634 0.0057
vn 0.9487 0.3015 0.0947
vn 0.7923 0.5594 -0.2436
vn 0.8547 0.4302 -0.2906
vn 0.7891 0.5066 -0.3473
vn 0.7849 0.6056 -0.1310
vn 0.8520 0.4843 -0.1987
vn 0.7687 0.6395 -0.0108
vn 0.8406 0.5335 -0.0939
vn 0.9111 0.3445 -0.2263
vn 0.9059 0.3984 -0.1434
vn 0.8704 0.4896 0.0519
vn 0.8907 0.4513 -0.0539
vn 0.7656 0.5462 0.3398
vn 0.7177 0.6587 0.2258
vn 0.6806 0.6520 0.3340
vn 0.8381 0.4376 0.3256
vn 0.7882 0.5644 0.2454
vn 0.8977 0.3281 0.2940
vn 0.8517 0.4624 0.2464
vn 0.7467 0.6558 0.1115
vn 0.8066 0.5737 0.1425
vn 0.9098 0.3858 0.1528
vn 0.8608 0.4828 0.1608
vn 0.9552 0.2543 -0.1518
vn 0.8240 0.5661 0.0224
vn 0.9065 0.3585 0.2229
vn 0.9076 0.4128 0.0758
vn 0.9980 -0.0629 0.0035
vn 0.9965 0.0138 -0.0823
vn 0.9818 0.1094 -0.1553
vn 0.7769 0.4482 -0.4422
vn 0.8499 0.3741 -0.3711
vn 0.9078 0.2920 -0.3010
vn 0.9522 0.2023 -0.2287
vn 0.3220 -0.0920 -0.9423
vn 0.3957 0.0505 -0.9170
vn 0.4481 -0.0670 -0.8915
vn 0.1819 -0.1072 -0.9775
vn 0.2863 0.0173 -0.9580
vn 0.0329 -0.1104 -0.9933
vn 0.1569 -0.0101 -0.9876
vn 0.3150 0.1649 -0.9347
vn 0.2213 0.1291 -0.9666
vn 0.0141 -0.0255 -0.9996
vn 0.1129 0.0914 -0.9894
vn 0.2791 -0.1212 -0.9526
vn 0.0545 -0.0081 -0.9985
vn 0.0332 -0.0586 -0.9977
vn 0.2894 0.0949 -0.9525
vn 0.2845 -0.0090 -0.9586
vn 0.2854 0.2007 -0.9372
vn 0.0365 0.0390 -0.9986
vn -0.1350 -0.0223 -0.9906
vn -0.1185 -0.1034 -0.9876
vn -0.1474 0.0672 -0.9868
vn -0.0238 0.1081 -0.9939
vn -0.0421 0.4003 -0.9154
vn -0.1309 0.3427 -0.9303
vn 0.1315 0.3403 -0.9311
vn -0.0696 0.4019 -0.9131
vn -0.0028 0.3016 -0.9534
vn 0.0773 0.3473 -0.9346
vn 0.1241 0.2281 -0.9657
vn -0.1065 0.2522 -0.9618
vn 0.2614 0.3313 -0.9066
vn -0.0778 0.2487 -0.9654
vn 0.0423 0.1848 -0.9819
vn -0.0076 0.0592 -0.9982
vn -0.1366 0.1665 -0.9765
vn 0.2071 0.2663 -0.9414
vn -0.0323 0.1413 -0.9894
vn 0.4684 -0.1735 -0.8663
vn 0.3292 -0.1843 -0.9261
vn 0.1917 -0.1878 -0.9633
vn 0.0485 -0.1830 -0.9819
vn 0.2763 -0.2387 -0.9310
vn -0.0444 -0.1550 -0.9869
vn -0.0968 -0.1752 -0.9798
vn 0.3688 -0.3706 -0.8524
vn 0.3111 -0.2648 -0.9127
vn 0.4236 -0.2754 -0.8630
vn 0.3066 -0.4663 -0.8298
vn 0.2807 -0.3449 -0.8957
vn 0.2342 -0.5599 -0.7947
vn 0.2410 -0.4306 -0.8698
vn 0.1909 -0.2549 -0.9479
vn 0.1828 -0.3220 -0.9289
vn 0.1870 -0.5178 -0.8348
vn 0.1699 -0.3940 -0.9033
vn -0.0829 -0.7034 -0.7060
vn 0.0393 -0.7219 -0.6909
vn -0.0469 -0.7642 -0.6433
vn -0.1082 -0.6151 -0.7810
vn 0.0102 -0.6582 -0.7528
vn -0.1475 -0.5239 -0.8389
vn -0.0297 -0.5826 -0.8122
vn 0.1434 -0.6486 -0.7475
vn 0.1037 -0.5988 -0.7941
vn 0.0006 -0.4652 -0.8852
vn 0.0543 -0.5409 -0.8393
vn -0.1376 -0.2476 -0.9590
vn -0.0741 -0.3894 -0.9181
vn 0.1733 -0.3447 -0.9226
vn -0.0704 -0.2401 -0.9682
vn -0.1553 -0.3221 -0.9339
vn 0.0623 -0.2449 -0.9675
vn -0.0444 -0.3065 -0.9508
vn -0.1960 -0.4330 -0.8798
vn -0.1144 -0.4067 -0.9063
vn 0.0726 -0.3060 -0.9493
vn -0.0240 -0.3793 -0.9250
vn -0.0745 -0.4966 -0.8648
vn 0.0780 -0.3655 -0.9275
vn 0.0753 -0.4321 -0.8987
vn 0.1367 -0.4748 -0.8694
vn 0.0949 -0.6088 -0.7876
vn -0.0787 -0.6778 -0.7310
vn -0.1818 -0.6402 -0.7464
vn -0.2136 -0.5462 -0.8099
vn 0.3086 -0.3194 -0.8960
vn 0.2463 -0.4138 -0.8764
vn -0.0568 -0.5097 -0.8584
vn 0.1844 -0.5854 -0.7895
vn 0.1732 -0.4829 -0.8583
vn 0.1743 -0.5055 -0.8451
vn 0.0665 -0.5951 -0.8009
vn 0.1502 -0.6144 -0.7746
vn 0.1078 -0.7484 -0.6545
vn 0.1844 -0.7341 -0.6535
vn 0.2429 -0.4890 -0.8378
vn -0.0036 -0.5407 -0.8412
vn 0.2236 -0.6162 -0.7552
vn 0.2324 -0.6861 -0.6894
vn -0.0317 -0.6494 -0.7598
vn 0.0001 -0.7209 -0.6931
vn 0.1258 -0.5625 -0.8172
vn -0.0198 -0.6220 -0.7828
vn 0.0232 -0.6844 -0.7287
vn 0.0386 -0.5734 -0.8184
vn 0.0860 -0.6428 -0.7612
vn 0.0264 -0.7520 -0.6586
vn 0.1074 -0.7087 -0.6973
vn 0.1440 -0.5943 -0.7913
vn 0.1651 -0.6649 -0.7285
vn 0.2297 -0.3825 -0.8949
vn 0.2616 -0.4929 -0.8298
vn 0.1608 -0.4523 -0.8772
vn 0.3235 -0.4436 -0.8358
vn 0.3302 -0.5404 -0.7739
vn 0.2612 -0.5360 -0.8028
vn 0.3092 -0.5679 -0.7628
vn 0.2023 -0.5434 -0.8147
vn 0.0978 -0.5163 -0.8508
vn 0.2709 -0.5745 -0.7724
vn 0.2976 -0.6170 -0.7285
vn 0.1076 -0.7816 -0.6145
vn 0.2136 -0.6169 -0.7575
vn 0.0244 -0.5853 -0.8104
vn 0.2591 -0.6400 -0.7234
vn 0.2151 0.0449 0.9756
vn 0.2398 0.1061 0.9650
vn 0.2177 0.1174 0.9689
vn 0.2491 0.0337 0.9679
vn 0.3550 0.0928 0.9303
vn 0.3671 0.0289 0.9297
vn 0.4564 0.0836 0.8858
vn 0.1935 0.1885 0.9628
vn 0.3461 0.1585 0.9247
vn 0.2423 0.1788 0.9536
vn 0.4387 0.1433 0.8871
vn 0.0089 -0.0225 0.9997
vn 0.2950 -0.0629 0.9534
vn 0.0571 -0.1307 0.9898
vn 0.0714 0.1178 0.9905
vn 0.3475 -0.0012 0.9377
vn 0.3306 0.2670 0.9052
vn 0.4594 0.1438 0.8765
vn 0.5676 0.0224 0.8230
vn 0.5484 0.0877 0.8316
vn 0.5263 0.2576 0.8104
vn 0.5180 0.1583 0.8406
vn 0.2779 0.4581 0.8444
vn 0.3428 0.3672 0.8646
vn 0.4008 0.4067 0.8210
vn 0.2151 0.4068 0.8878
vn 0.2944 0.3158 0.9020
vn 0.1659 0.3452 0.9237
vn 0.2599 0.2509 0.9325
vn 0.4440 0.3203 0.8368
vn 0.4990 0.3508 0.7925
vn 0.3924 0.2820 0.8755
vn 0.3537 0.2260 0.9076
vn 0.4712 0.0235 0.8817
vn 0.4707 0.2283 0.8522
vn 0.1610 0.2807 0.9462
vn 0.4201 0.2012 0.8849
vn 0.1945 -0.0464 0.9798
vn 0.2712 -0.0349 0.9619
vn 0.3824 -0.0317 0.9235
vn 0.0959 -0.2475 0.9641
vn 0.3543 -0.1080 0.9289
vn 0.5779 -0.0360 0.8153
vn 0.4829 -0.0327 0.8751
vn 0.2587 -0.1908 0.9469
vn 0.3042 -0.1011 0.9472
vn 0.1990 -0.1178 0.9729
vn 0.3099 -0.2636 0.9135
vn 0.3400 -0.1686 0.9252
vn 0.3515 -0.3385 0.8728
vn 0.3738 -0.2384 0.8963
vn 0.4009 -0.0911 0.9116
vn 0.4196 -0.1524 0.8948
vn 0.4065 -0.3094 0.8597
vn 0.4361 -0.2154 0.8737
vn 0.4968 -0.4931 0.7141
vn 0.4052 -0.4911 0.7711
vn 0.4135 -0.5658 0.7134
vn 0.5646 -0.4165 0.7126
vn 0.4726 -0.4380 0.7647
vn 0.5842 -0.3129 0.7489
vn 0.5324 -0.3803 0.7563
vn 0.3835 -0.4137 0.8257
vn 0.4939 -0.3377 0.8013
vn 0.4408 -0.3768 0.8147
vn 0.5441 -0.2835 0.7897
vn 0.5122 -0.1368 0.8479
vn 0.4413 -0.3117 0.8415
vn 0.1411 -0.3332 0.9323
vn 0.5807 -0.0912 0.8090
vn 0.6435 -0.1671 0.7470
vn 0.4992 -0.1443 0.8544
vn 0.5770 -0.1512 0.8026
vn 0.6638 -0.2619 0.7005
vn 0.6200 -0.2393 0.7472
vn 0.5018 -0.1998 0.8416
vn 0.5680 -0.2149 0.7944
vn 0.4557 -0.2812 0.8446
vn 0.6198 -0.3396 0.7075
vn 0.4926 -0.0876 0.8658
vn 0.5002 -0.2542 0.8277
vn 0.4196 -0.5745 0.7028
vn 0.5233 -0.5220 0.6736
vn 0.5939 -0.4394 0.6740
vn 0.1295 -0.3660 0.9216
vn 0.1562 -0.3841 0.9100
vn 0.5314 -0.4004 0.7465
vn 0.6505 -0.3596 0.6690
vn 0.3023 -0.2351 0.9238
vn 0.5167 -0.4875 0.7038
vn 0.4508 -0.4206 0.7874
vn -0.0658 -0.3253 0.9433
vn 0.1832 -0.3589 0.9152
vn 0.0407 -0.3530 0.9347
vn -0.0766 -0.2630 0.9617
vn 0.5047 -0.3986 0.7657
vn 0.0753 -0.2584 0.9631
vn 0.0566 -0.2873 0.9562
vn -0.0418 -0.1880 0.9813
vn 0.4025 -0.2352 0.8847
vn 0.3151 -0.3478 0.8830
vn 0.4278 -0.3298 0.8416
vn 0.3665 -0.1380 0.9201
vn 0.3045 -0.2629 0.9155
vn 0.3156 -0.0423 0.9480
vn 0.2833 -0.1727 0.9434
vn 0.1855 -0.3573 0.9154
vn 0.1903 -0.2833 0.9400
vn 0.2427 -0.0771 0.9670
vn 0.1898 -0.2038 0.9604
vn 0.1426 -0.4525 0.8803
vn 0.2468 -0.4058 0.8800
vn 0.1964 -0.4299 0.8813
vn -0.0031 -0.0982 0.9952
vn 0.1521 -0.2739 0.9497
vn 0.2275 -0.3774 0.8977
vn 0.0125 -0.0926 0.9956
vn 0.1763 -0.0783 0.9812
vn 0.3533 -0.1342 0.9258
vn 0.0898 -0.0456 0.9949
vn 0.0058 -0.1051 0.9944
vn 0.0724 -0.2189 0.9731
vn 0.1656 -0.1147 0.9795
vn 0.4545 -0.2462 0.8561
vn 0.0829 -0.1488 0.9854
vn 0.2830 -0.2973 0.9119
vn 0.2998 -0.0538 0.9525
vn 0.1019 -0.2099 0.9724
vn 0.0676 -0.3866 0.9198
vn 0.4376 -0.4234 0.7932
vn 0.3163 -0.4295 0.8458
vn 0.1804 -0.4256 0.8867
vn 0.9741 0.1672 -0.1519
vn 0.9814 -0.0361 -0.1884
vn 0.9916 0.0116 -0.1288
vn 0.9274 0.3353 -0.1660
vn 0.9656 -0.0082 -0.2597
vn 0.8746 0.4214 -0.2399
vn 0.9331 0.1680 -0.3180
vn 0.9684 0.0599 -0.2419
vn 0.9444 0.0147 -0.3285
vn 0.8899 0.3230 -0.3220
vn 0.9212 0.0107 -0.3889
vn 0.9801 0.1638 0.1123
vn 0.8562 0.3831 -0.3466
vn 0.9970 0.0773 0.0069
vn 0.9465 0.2009 0.2525
vn 0.8714 0.4530 -0.1883
vn 0.9781 0.1557 -0.1381
vn 0.9015 0.3246 -0.2861
vn 0.8146 0.4494 -0.3667
vn 0.8350 0.4384 -0.3324
vn 0.8020 0.2709 -0.5323
vn 0.7688 0.0775 -0.6347
vn 0.7714 0.3749 -0.5141
vn 0.8231 0.2456 -0.5120
vn 0.7606 0.2898 -0.5809
vn 0.8401 0.3136 -0.4426
vn 0.8788 0.1849 -0.4400
vn 0.8973 0.2398 -0.3706
vn 0.9207 0.1060 -0.3756
vn 0.7972 0.1678 -0.5800
vn 0.7992 0.1839 -0.5722
vn 0.8510 0.1263 -0.5098
vn 0.8937 0.0615 -0.4444
vn 0.8666 0.1410 -0.4787
vn 0.8185 0.0479 -0.5725
vn 0.9407 0.1538 -0.3025
vn 0.8601 0.0184 -0.5098
vn 0.9874 0.1495 0.0526
vn 0.9449 0.3246 -0.0427
vn 0.9211 0.3730 -0.1121
vn 0.9005 0.3724 -0.2247
vn 0.9736 0.1381 -0.1818
vn 0.8141 0.3759 -0.4426
vn 0.8655 0.3723 -0.3350
vn 0.9832 0.1711 0.0631
vn 0.9573 0.2890 -0.0044
vn 0.9546 0.2796 0.1030
vn 0.9980 0.0623 0.0144
vn 0.9809 0.1931 -0.0244
vn 0.9948 -0.0058 -0.1017
vn 0.9943 0.0906 -0.0556
vn 0.9477 0.2988 -0.1118
vn 0.9844 0.1201 -0.1287
vn 0.9698 0.2140 -0.1173
vn 0.9870 0.0277 -0.1585
vn 0.9269 -0.2300 -0.2966
vn 0.9574 -0.2370 -0.1648
vn 0.9165 -0.3254 -0.2327
vn 0.9243 -0.1332 -0.3576
vn 0.9595 -0.1660 -0.2278
vn 0.9366 0.0010 -0.3505
vn 0.9529 -0.0896 -0.2898
vn 0.9848 -0.1416 -0.1005
vn 0.9827 -0.0912 -0.1611
vn 0.9585 0.0326 -0.2831
vn 0.9746 -0.0392 -0.2205
vn 0.8505 0.2949 -0.4356
vn 0.8456 0.1862 -0.5002
vn 0.7969 0.2880 -0.5310
vn 0.8934 0.3020 -0.3327
vn 0.8846 0.2043 -0.4191
vn 0.9258 0.3047 -0.2236
vn 0.9192 0.2209 -0.3261
vn 0.8830 0.0789 -0.4627
vn 0.9135 0.1038 -0.3935
vn 0.9481 0.2270 -0.2225
vn 0.9405 0.1294 -0.3142
vn 0.9983 -0.0418 -0.0404
vn 0.9093 -0.0296 -0.4151
vn 0.9648 0.1438 -0.2203
vn 0.9736 0.0650 -0.2187
vn 0.8629 -0.4025 -0.3055
vn 0.8886 -0.2772 -0.3654
vn 0.8922 -0.1666 -0.4199
vn 0.9669 0.0643 -0.2469
vn 0.8267 0.1543 -0.5411
vn 0.8512 0.0541 -0.5221
vn 0.8794 -0.0567 -0.4726
vn 0.7654 -0.4090 -0.4970
vn 0.8470 -0.3006 -0.4385
vn 0.8171 -0.4156 -0.3994
vn 0.7046 -0.3928 -0.5910
vn 0.7984 -0.3093 -0.5166
vn 0.6334 -0.3634 -0.6832
vn 0.7398 -0.3083 -0.5980
vn 0.8561 -0.1904 -0.4805
vn 0.8134 -0.2084 -0.5431
vn 0.6696 -0.2916 -0.6831
vn 0.7621 -0.2218 -0.6083
vn 0.7010 -0.6423 -0.3100
vn 0.7379 -0.4509 -0.5022
vn 0.6457 -0.5265 -0.5531
vn 0.7927 -0.5418 -0.2794
vn 0.8192 -0.3334 -0.4666
vn 0.8713 -0.4431 -0.2108
vn 0.8533 -0.2382 -0.4638
vn 0.5732 -0.3435 -0.7440
vn 0.6752 -0.2160 -0.7053
vn 0.6373 -0.2797 -0.7181
vn 0.7026 -0.1013 -0.7044
vn 0.8344 0.0321 -0.5502
vn 0.9586 -0.2293 -0.1687
vn 0.9785 -0.1090 -0.1748
vn 0.7783 -0.0074 -0.6279
vn 0.8357 -0.0900 -0.5418
vn 0.8176 0.0259 -0.5752
vn 0.8084 -0.1066 -0.5790
vn 0.9299 -0.3374 -0.1461
vn 0.7301 -0.0443 -0.6819
vn 0.8389 -0.1865 -0.5114
vn 0.7659 -0.1296 -0.6297
vn 0.6973 -0.2212 -0.6818
vn 0.9101 -0.3894 -0.1418
vn 0.8468 -0.0817 -0.5256
vn 0.7169 -0.1511 -0.6806
vn 0.7602 -0.5316 -0.3734
vn 0.7132 -0.5029 -0.4882
vn 0.6582 -0.4700 -0.5881
vn 0.5913 -0.4295 -0.6826
vn 0.5978 -0.7260 -0.3399
vn 0.5708 -0.5252 -0.6312
vn 0.5134 -0.3908 -0.7640
vn 0.6271 -0.5078 -0.5907
vn 0.7325 -0.4626 -0.4993
vn 0.6794 -0.5501 -0.4856
vn 0.5726 -0.4517 -0.6842
vn 0.6782 -0.4394 -0.5890
vn 0.5666 -0.3418 -0.7498
vn 0.6230 -0.4009 -0.6717
vn 0.7785 -0.3655 -0.5103
vn 0.7270 -0.3578 -0.5861
vn 0.6160 -0.2971 -0.7296
vn 0.6725 -0.3397 -0.6575
vn 0.4163 -0.2088 -0.8849
vn 0.3807 -0.2082 -0.9010
vn 0.3050 -0.1293 -0.9435
vn 0.5363 -0.3931 -0.7469
vn 0.4730 -0.1657 -0.8653
vn 0.6468 -0.0818 -0.7582
vn 0.5607 -0.1220 -0.8190
vn 0.4456 -0.3016 -0.8429
vn 0.5157 -0.2606 -0.8162
vn 0.5826 -0.2124 -0.7845
vn 0.8261 -0.2555 -0.5023
vn 0.6099 -0.6648 -0.4313
vn 0.6365 -0.6862 -0.3522
vn 0.8364 -0.1411 -0.5297
vn 0.7789 -0.2107 -0.5907
vn 0.8149 -0.2576 -0.5193
vn 0.7890 -0.1465 -0.5967
vn 0.5659 -0.6212 -0.5422
vn 0.7157 -0.1333 -0.6855
vn 0.7183 -0.2548 -0.6474
vn 0.7318 -0.1488 -0.6651
vn 0.5111 -0.3832 -0.7694
vn 0.5852 -0.5266 -0.6167
vn 0.7675 -0.2592 -0.5862
vn 0.6644 -0.2432 -0.7067
vn 0.6567 -0.1623 -0.7365
vn 0.6138 -0.6270 -0.4797
vn 0.7349 -0.5657 -0.3741
vn 0.5676 -0.5658 -0.5982
vn 0.5159 -0.4965 -0.6981
vn 0.7860 -0.4634 -0.4091
vn 0.8258 -0.3607 -0.4336
vn 0.8557 -0.2502 -0.4530
vn 0.1848 -0.1469 -0.9717
vn 0.2836 -0.2528 -0.9250
vn 0.3715 -0.3387 -0.8645
vn 0.4504 -0.4200 -0.7878
vn 0.6353 -0.6773 -0.3709
vn 0.8371 -0.3092 -0.4513
vn 0.8746 -0.1334 -0.4662
vn 0.3969 -0.7185 -0.5712
vn 0.4852 -0.6168 -0.6198
vn 0.5122 -0.6801 -0.5245
vn 0.2744 -0.7398 -0.6143
vn 0.3832 -0.6588 -0.6474
vn 0.1494 -0.7445 -0.6507
vn 0.2710 -0.6863 -0.6750
vn 0.4430 -0.5415 -0.7145
vn 0.3532 -0.5860 -0.7293
vn 0.1527 -0.6945 -0.7031
vn 0.2553 -0.6226 -0.7398
vn -0.2336 -0.6081 -0.7587
vn -0.1168 -0.7112 -0.6932
vn -0.2574 -0.6728 -0.6936
vn -0.2018 -0.5368 -0.8193
vn -0.0969 -0.6514 -0.7526
vn -0.1583 -0.4589 -0.8743
vn -0.0718 -0.5835 -0.8089
vn 0.0200 -0.7347 -0.6781
vn 0.0317 -0.6816 -0.7310
vn -0.0331 -0.5066 -0.8615
vn 0.0410 -0.6214 -0.7824
vn 0.0657 -0.2244 -0.9723
vn 0.1036 -0.3575 -0.9281
vn -0.0238 -0.3012 -0.9533
vn 0.1890 -0.3023 -0.9343
vn 0.2137 -0.4240 -0.8801
vn 0.2931 -0.3781 -0.8782
vn 0.2987 -0.5039 -0.8105
vn 0.0268 -0.4267 -0.9040
vn -0.0991 -0.3779 -0.9205
vn 0.1345 -0.4773 -0.8684
vn 0.2190 -0.5481 -0.8072
vn 0.1519 -0.6430 -0.7507
vn 0.0666 -0.5480 -0.8338
vn 0.3792 -0.4595 -0.8031
vn 0.1483 -0.5847 -0.7976
vn 0.5703 -0.6966 -0.4353
vn 0.6413 -0.5853 -0.4962
vn 0.6696 -0.6269 -0.3983
vn 0.4676 -0.7459 -0.4744
vn 0.5585 -0.6511 -0.5140
vn 0.5546 -0.7063 -0.4399
vn 0.4673 -0.7016 -0.5380
vn 0.5999 -0.5403 -0.5901
vn 0.5326 -0.6013 -0.5956
vn 0.5477 -0.6703 -0.5007
vn 0.4577 -0.6519 -0.6046
vn 0.8395 -0.4368 -0.3233
vn 0.8611 -0.4596 -0.2176
vn 0.8062 -0.5228 -0.2771
vn 0.8674 -0.3428 -0.3607
vn 0.8863 -0.3929 -0.2451
vn 0.8903 -0.2373 -0.3887
vn 0.9042 -0.3140 -0.2896
vn 0.8268 -0.4746 -0.3019
vn 0.8098 -0.4754 -0.3439
vn 0.9195 -0.2198 -0.3258
vn 0.7890 -0.4101 -0.4576
vn 0.4972 -0.4682 -0.7305
vn 0.7540 -0.3578 -0.5508
vn 0.5934 -0.6530 -0.4706
vn 0.4158 -0.4990 -0.7603
vn 0.5619 -0.4190 -0.7132
vn 0.4669 -0.4406 -0.7667
vn 0.4867 -0.5483 -0.6801
vn 0.8826 -0.1694 -0.4385
vn 0.4178 -0.5592 -0.7160
vn 0.7892 -0.3781 -0.4839
vn 0.4288 -0.5979 -0.6772
vn 0.5251 -0.6226 -0.5803
vn 0.6823 -0.4337 -0.5885
vn 0.5421 -0.4912 -0.6818
vn 0.4447 -0.5807 -0.6819
vn 0.6758 -0.6713 -0.3043
vn 0.5645 -0.7417 -0.3621
vn 0.4871 -0.7648 -0.4217
vn 0.6078 -0.6477 -0.4594
vn 0.7757 -0.5927 -0.2167
vn 0.8146 -0.5369 -0.2196
vn 0.8309 -0.4419 -0.3382
vn 0.5540 -0.8156 -0.1669
vn 0.5343 -0.7924 -0.2942
vn 0.6225 -0.7473 -0.2325
vn 0.4752 -0.8736 -0.1052
vn 0.4864 -0.8435 -0.2280
vn 0.6718 -0.7364 -0.0800
vn 0.6037 -0.7829 -0.1506
vn 0.5115 -0.8017 -0.3092
vn 0.6127 -0.7452 -0.2632
vn 0.8009 -0.5881 -0.1127
vn 0.7746 -0.5905 -0.2263
vn 0.6787 -0.7323 0.0553
vn 0.7515 -0.6493 0.1169
vn 0.6777 -0.7161 0.1670
vn 0.6754 -0.7353 -0.0562
vn 0.7404 -0.6716 0.0265
vn 0.6673 -0.7259 -0.1664
vn 0.7278 -0.6824 -0.0681
vn 0.7810 -0.6220 0.0551
vn 0.7965 -0.6046 -0.0058
vn 0.7154 -0.6787 -0.1657
vn 0.7756 -0.6260 -0.0808
vn 0.7495 -0.5957 -0.2887
vn 0.6680 -0.6802 -0.3019
vn 0.7600 -0.6260 -0.1745
vn 0.7838 -0.5031 -0.3641
vn 0.7021 -0.6143 -0.3601
vn 0.7951 -0.5242 -0.3050
vn 0.7630 -0.5545 -0.3323
vn 0.6552 -0.7033 -0.2757
vn 0.7570 -0.6026 -0.2527
vn 0.7067 -0.6560 -0.2650
vn 0.8131 -0.5366 -0.2255
vn 0.8025 -0.5967 -0.0016
vn 0.7570 -0.6325 -0.1641
vn 0.6984 -0.5943 -0.3988
vn 0.7984 -0.5796 -0.1632
vn 0.5886 -0.7805 0.2106
vn 0.6084 -0.7901 0.0744
vn 0.6170 -0.7855 -0.0478
vn 0.6141 -0.7716 -0.1657
vn 0.6982 -0.6973 -0.1623
vn 0.6544 -0.7210 -0.2278
vn 0.6085 -0.7453 -0.2724
vn 0.3935 -0.9076 0.1466
vn 0.5269 -0.8470 0.0713
vn 0.4968 -0.8472 0.1883
vn 0.3253 -0.9454 0.0200
vn 0.4329 -0.9000 0.0516
vn 0.2809 -0.9550 0.0957
vn 0.2156 -0.9761 -0.0273
vn 0.5451 -0.8372 -0.0449
vn 0.3640 -0.9295 -0.0595
vn 0.4607 -0.8862 -0.0487
vn 0.2610 -0.9611 -0.0899
vn 0.0766 -0.9936 0.0836
vn -0.0002 -0.9999 0.0121
vn -0.0524 -0.9911 0.1220
vn 0.2014 -0.9780 0.0538
vn 0.0989 -0.9949 -0.0200
vn 0.3041 -0.9526 0.0085
vn 0.1894 -0.9809 -0.0433
vn 0.0475 -0.9985 -0.0283
vn 0.1112 -0.9897 -0.0903
vn 0.2871 -0.9553 -0.0702
vn 0.1770 -0.9740 -0.1412
vn 0.6019 -0.7773 -0.1829
vn 0.5150 -0.8513 -0.1000
vn 0.6125 -0.7778 -0.1410
vn 0.5449 -0.8022 -0.2439
vn 0.5073 -0.8496 -0.1445
vn 0.5491 -0.8195 -0.1640
vn 0.4656 -0.8567 -0.2218
vn 0.4033 -0.9090 -0.1052
vn 0.4097 -0.9109 -0.0492
vn 0.3788 -0.9027 -0.2039
vn 0.3867 -0.9088 -0.1569
vn 0.1643 -0.9857 0.0370
vn 0.2737 -0.9449 -0.1795
vn 0.4702 -0.8677 -0.1612
vn 0.3007 -0.9413 -0.1536
vn -0.2225 -0.6966 0.6821
vn 0.0865 -0.8365 0.5411
vn 0.0219 -0.8933 0.4489
vn -0.1409 -0.7100 0.6900
vn -0.1806 -0.6481 0.7398
vn -0.0076 -0.7384 0.6743
vn -0.1294 -0.6586 0.7413
vn 0.1492 -0.7455 0.6495
vn -0.1625 -0.5780 0.7997
vn -0.0041 -0.6361 0.7716
vn -0.1198 -0.5988 0.7919
vn 0.3504 -0.6571 0.6674
vn 0.2584 -0.7470 0.6126
vn 0.3812 -0.7257 0.5728
vn 0.3038 -0.5753 0.7594
vn 0.2424 -0.6841 0.6880
vn 0.2349 -0.4841 0.8429
vn 0.2090 -0.6066 0.7671
vn 0.1274 -0.7514 0.6475
vn 0.1227 -0.6961 0.7074
vn 0.1500 -0.5170 0.8427
vn 0.1051 -0.6293 0.7700
vn 0.0441 -0.4159 0.9083
vn -0.0528 -0.3466 0.9365
vn 0.0347 -0.3018 0.9527
vn 0.0477 -0.5184 0.8538
vn -0.1301 -0.4040 0.9055
vn 0.1232 -0.6283 0.7682
vn -0.1602 -0.4778 0.8637
vn 0.0601 -0.4257 0.9028
vn 0.1432 -0.3905 0.9094
vn -0.0214 -0.4670 0.8840
vn -0.0920 -0.5278 0.8443
vn -0.0037 -0.6885 0.7252
vn 0.0666 -0.5494 0.8329
vn 0.1819 -0.6523 0.7358
vn -0.0077 -0.5759 0.8175
vn 0.4911 -0.6880 0.5344
vn 0.4394 -0.6184 0.6515
vn 0.3819 -0.5410 0.7493
vn 0.3105 -0.4545 0.8349
vn 0.1358 -0.2722 0.9526
vn 0.1324 -0.2633 0.9556
vn 0.2255 -0.3611 0.9048
vn 0.6249 -0.5370 0.5666
vn 0.5061 -0.5678 0.6492
vn 0.5640 -0.6192 0.5463
vn 0.6054 -0.5395 0.5852
vn 0.5637 -0.5050 0.6536
vn 0.4201 -0.6043 0.6770
vn 0.5912 -0.4471 0.6713
vn 0.4456 -0.5035 0.7402
vn 0.5030 -0.4590 0.7324
vn 0.4795 -0.5456 0.6873
vn 0.5582 -0.4051 0.7241
vn 0.3042 -0.5092 0.8051
vn 0.3686 -0.6041 0.7065
vn 0.4117 -0.5155 0.7516
vn 0.2057 -0.5443 0.8133
vn 0.2786 -0.5889 0.7586
vn 0.1760 -0.4946 0.8511
vn 0.3008 -0.4037 0.8640
vn 0.3142 -0.6848 0.6575
vn 0.3326 -0.5236 0.7844
vn 0.2929 -0.6382 0.7120
vn 0.4110 -0.3422 0.8449
vn 0.2346 -0.2308 0.9443
vn 0.2901 -0.1079 0.9509
vn 0.1717 -0.1229 0.9774
vn 0.3044 -0.3339 0.8921
vn 0.3342 -0.2006 0.9209
vn 0.3766 -0.4258 0.8227
vn 0.3809 -0.3032 0.8735
vn 0.2452 -0.1802 0.9526
vn 0.3721 -0.2276 0.8999
vn 0.4387 -0.3925 0.8084
vn 0.4503 -0.2770 0.8488
vn 0.5121 -0.4537 0.7293
vn 0.1795 -0.4378 0.8810
vn 0.4952 -0.3555 0.7927
vn 0.5068 -0.3492 0.7882
vt 0.907386 0.019562
vt 0.907427 0.034129
vt 0.902602 0.026960
vt 0.916293 0.037292
vt 0.911685 0.028710
vt 0.921046 0.045585
vt 0.912125 0.041145
vt 0.902963 0.040301
vt 0.897613 0.034954
vt 0.907837 0.045533
vt 0.916503 0.048208
vt 0.935678 0.070514
vt 0.923800 0.063131
vt 0.930724 0.062146
vt 0.926640 0.070968
vt 0.916328 0.063908
vt 0.917671 0.071265
vt 0.908581 0.064126
vt 0.920386 0.055534
vt 0.925819 0.053850
vt 0.914455 0.057052
vt 0.908338 0.057669
vt 0.883813 0.060749
vt 0.890330 0.070449
vt 0.880177 0.069724
vt 0.888076 0.051926
vt 0.892411 0.062299
vt 0.892709 0.043305
vt 0.895248 0.054471
vt 0.899771 0.071008
vt 0.900641 0.063522
vt 0.898776 0.047097
vt 0.902006 0.056593
vt 0.916503 0.048208
vt 0.911794 0.050926
vt 0.908786 0.071304
vt 0.898776 0.047097
vt 0.892709 0.043305
vt 0.904229 0.050547
vt 0.908144 0.053034
vt 0.909091 0.000000
vt 0.903409 0.009841
vt 0.915167 0.024558
vt 0.911192 0.013868
vt 0.919814 0.034222
vt 0.924874 0.043375
vt 0.897727 0.019683
vt 0.892046 0.029524
vt 0.886364 0.039365
vt 0.954545 0.078731
vt 0.943289 0.070000
vt 0.938912 0.079231
vt 0.928109 0.079049
vt 0.918329 0.078910
vt 0.908786 0.071304
vt 0.936228 0.061195
vt 0.930259 0.052334
vt 0.924874 0.043375
vt 0.869318 0.068889
vt 0.878524 0.078954
vt 0.863636 0.078731
vt 0.875000 0.059048
vt 0.880682 0.049207
vt 0.889540 0.078810
vt 0.899481 0.078777
vt 0.908933 0.078822
vt 0.733762 0.026960
vt 0.724680 0.028710
vt 0.728978 0.019562
vt 0.733402 0.040301
vt 0.728937 0.034129
vt 0.738751 0.034954
vt 0.737588 0.047097
vt 0.720071 0.037292
vt 0.728527 0.045533
vt 0.724239 0.041145
vt 0.732135 0.050547
vt 0.746034 0.070449
vt 0.752551 0.060749
vt 0.756187 0.069724
vt 0.736593 0.071008
vt 0.743953 0.062299
vt 0.727579 0.071304
vt 0.735723 0.063522
vt 0.748288 0.051926
vt 0.741116 0.054471
vt 0.727783 0.064126
vt 0.734358 0.056593
vt 0.700686 0.070514
vt 0.712565 0.063131
vt 0.709724 0.070968
vt 0.705641 0.062146
vt 0.715978 0.055534
vt 0.710545 0.053850
vt 0.719862 0.048208
vt 0.720036 0.063908
vt 0.718693 0.071265
vt 0.721909 0.057052
vt 0.724570 0.050926
vt 0.743655 0.043305
vt 0.737588 0.047097
vt 0.727783 0.064126
vt 0.727579 0.071304
vt 0.728027 0.057669
vt 0.715319 0.045585
vt 0.719862 0.048208
vt 0.728220 0.053034
vt 0.732955 0.009841
vt 0.725172 0.013868
vt 0.727273 0.000000
vt 0.738637 0.019683
vt 0.744318 0.029524
vt 0.743655 0.043305
vt 0.721197 0.024558
vt 0.716551 0.034222
vt 0.711490 0.043375
vt 0.757840 0.078954
vt 0.767046 0.068889
vt 0.772727 0.078731
vt 0.746824 0.078810
vt 0.736883 0.078777
vt 0.727431 0.078822
vt 0.761364 0.059048
vt 0.755682 0.049207
vt 0.750000 0.039365
vt 0.681818 0.078731
vt 0.697452 0.079231
vt 0.693075 0.070000
vt 0.700137 0.061195
vt 0.706106 0.052334
vt 0.715318 0.045585
vt 0.708255 0.079049
vt 0.718035 0.078910
vt 0.727431 0.078822
vt 0.845028 0.165972
vt 0.838971 0.176463
vt 0.835192 0.167306
vt 0.854463 0.165287
vt 0.847223 0.174228
vt 0.863636 0.172360
vt 0.855459 0.172849
vt 0.850147 0.182050
vt 0.843099 0.184970
vt 0.857015 0.179881
vt 0.863637 0.178957
vt 0.888302 0.176463
vt 0.882241 0.165964
vt 0.892071 0.167288
vt 0.884174 0.184970
vt 0.880051 0.174228
vt 0.879779 0.193025
vt 0.877126 0.182050
vt 0.872809 0.165285
vt 0.871814 0.172849
vt 0.867747 0.186078
vt 0.870259 0.179881
vt 0.857575 0.208686
vt 0.869698 0.208686
vt 0.863637 0.216538
vt 0.852272 0.200858
vt 0.863637 0.202658
vt 0.847494 0.193025
vt 0.858325 0.196214
vt 0.875001 0.200857
vt 0.868948 0.196214
vt 0.853812 0.189377
vt 0.863637 0.191351
vt 0.863637 0.165064
vt 0.863637 0.172360
vt 0.879779 0.193025
vt 0.873461 0.189377
vt 0.853812 0.189377
vt 0.847494 0.193025
vt 0.859526 0.186078
vt 0.863636 0.183704
vt 0.833070 0.157687
vt 0.825689 0.170472
vt 0.818182 0.157461
vt 0.844105 0.157529
vt 0.854093 0.157470
vt 0.863636 0.157461
vt 0.831163 0.179946
vt 0.836140 0.188565
vt 0.840909 0.196826
vt 0.901582 0.170467
vt 0.894073 0.157461
vt 0.909091 0.157461
vt 0.896110 0.179946
vt 0.891133 0.188565
vt 0.883128 0.157461
vt 0.873175 0.157461
vt 0.856128 0.223185
vt 0.871146 0.223185
vt 0.863637 0.236191
vt 0.850655 0.213707
vt 0.845679 0.205087
vt 0.876618 0.213706
vt 0.881594 0.205087
vt 0.886364 0.196826
vt 0.663238 0.165989
vt 0.657313 0.176554
vt 0.653508 0.167380
vt 0.672649 0.165289
vt 0.665446 0.174252
vt 0.681819 0.165064
vt 0.673646 0.172852
vt 0.661403 0.185040
vt 0.668365 0.182070
vt 0.681819 0.172360
vt 0.675201 0.179884
vt 0.706484 0.176463
vt 0.700423 0.165964
vt 0.710253 0.167288
vt 0.702356 0.184970
vt 0.698233 0.174228
vt 0.697962 0.193025
vt 0.695308 0.182050
vt 0.690991 0.165285
vt 0.689996 0.172849
vt 0.691643 0.189377
vt 0.688441 0.179881
vt 0.675765 0.208691
vt 0.687880 0.208686
vt 0.681820 0.216538
vt 0.670482 0.200874
vt 0.681821 0.202659
vt 0.672013 0.189388
vt 0.676515 0.196219
vt 0.693184 0.200858
vt 0.687131 0.196214
vt 0.677710 0.186079
vt 0.681819 0.191351
vt 0.681819 0.172360
vt 0.681818 0.178957
vt 0.697961 0.193025
vt 0.665742 0.193063
vt 0.681818 0.183704
vt 0.685929 0.186078
vt 0.651288 0.157708
vt 0.644508 0.170812
vt 0.636364 0.157461
vt 0.662297 0.157535
vt 0.672276 0.157470
vt 0.681819 0.157461
vt 0.649829 0.180213
vt 0.654624 0.188738
vt 0.659249 0.196917
vt 0.719764 0.170467
vt 0.712255 0.157461
vt 0.727273 0.157461
vt 0.714292 0.179946
vt 0.709315 0.188565
vt 0.701310 0.157461
vt 0.691357 0.157461
vt 0.674312 0.223186
vt 0.689328 0.223185
vt 0.681819 0.236191
vt 0.668857 0.213718
vt 0.663927 0.205125
vt 0.665742 0.193063
vt 0.694800 0.213706
vt 0.699776 0.205087
vt 0.704546 0.196826
vt 0.089576 0.177254
vt 0.089278 0.191717
vt 0.084491 0.184475
vt 0.093862 0.186512
vt 0.093735 0.198849
vt 0.098085 0.195190
vt 0.097642 0.206129
vt 0.084727 0.197811
vt 0.079434 0.192426
vt 0.089436 0.203136
vt 0.093099 0.208693
vt 0.112477 0.230877
vt 0.103355 0.221907
vt 0.109381 0.221460
vt 0.105275 0.230267
vt 0.096743 0.222180
vt 0.097671 0.229776
vt 0.089662 0.222013
vt 0.105903 0.212409
vt 0.095344 0.215053
vt 0.100826 0.213819
vt 0.089634 0.215431
vt 0.065620 0.218216
vt 0.072032 0.227977
vt 0.061982 0.227193
vt 0.069886 0.209392
vt 0.074136 0.219814
vt 0.074521 0.200770
vt 0.076997 0.211972
vt 0.081197 0.228695
vt 0.082145 0.221165
vt 0.080535 0.204593
vt 0.083591 0.214189
vt 0.102136 0.203697
vt 0.097642 0.206129
vt 0.089676 0.229301
vt 0.089662 0.222013
vt 0.074521 0.200770
vt 0.085854 0.208120
vt 0.089584 0.210713
vt 0.090910 0.157461
vt 0.085228 0.167302
vt 0.094793 0.172376
vt 0.098271 0.182906
vt 0.102108 0.192450
vt 0.102136 0.203697
vt 0.079546 0.177144
vt 0.073864 0.186985
vt 0.068183 0.196826
vt 0.123637 0.243539
vt 0.118771 0.231128
vt 0.114424 0.240335
vt 0.106295 0.238608
vt 0.098147 0.237526
vt 0.089676 0.229301
vt 0.114462 0.220793
vt 0.110275 0.211066
vt 0.106156 0.201692
vt 0.051137 0.226350
vt 0.060327 0.236424
vt 0.045455 0.236191
vt 0.056819 0.216509
vt 0.062501 0.206667
vt 0.071232 0.236344
vt 0.080873 0.236484
vt 0.089742 0.236865
vt 0.824244 0.184966
vt 0.812121 0.184966
vt 0.818182 0.177114
vt 0.829547 0.192795
vt 0.818182 0.190994
vt 0.828007 0.204275
vt 0.823494 0.197438
vt 0.806817 0.192795
vt 0.812870 0.197438
vt 0.822293 0.207574
vt 0.818182 0.202301
vt 0.836786 0.227688
vt 0.842848 0.217189
vt 0.846616 0.226364
vt 0.827355 0.228367
vt 0.834596 0.219424
vt 0.818182 0.228588
vt 0.826360 0.220803
vt 0.838720 0.208682
vt 0.831672 0.211602
vt 0.818182 0.221292
vt 0.824804 0.213771
vt 0.793517 0.217189
vt 0.799578 0.227688
vt 0.789748 0.226364
vt 0.797645 0.208682
vt 0.801768 0.219424
vt 0.808357 0.204275
vt 0.804693 0.211602
vt 0.810005 0.220803
vt 0.809010 0.228367
vt 0.811560 0.213771
vt 0.834325 0.200628
vt 0.828007 0.204275
vt 0.818182 0.221292
vt 0.818182 0.228588
vt 0.818182 0.214695
vt 0.802039 0.200628
vt 0.814071 0.207574
vt 0.818182 0.209948
vt 0.825689 0.170472
vt 0.810675 0.170472
vt 0.831163 0.179946
vt 0.840909 0.196826
vt 0.805201 0.179946
vt 0.800224 0.188565
vt 0.795455 0.196826
vt 0.848618 0.236191
vt 0.856127 0.223185
vt 0.837674 0.236191
vt 0.827721 0.236191
vt 0.818182 0.236191
vt 0.850655 0.213706
vt 0.845679 0.205087
vt 0.840909 0.196826
vt 0.780237 0.223185
vt 0.787746 0.236191
vt 0.772728 0.236191
vt 0.785709 0.213707
vt 0.790686 0.205087
vt 0.802039 0.200628
vt 0.798690 0.236191
vt 0.808643 0.236191
vt 0.818182 0.236191
vt 0.638304 0.178144
vt 0.638196 0.192015
vt 0.633554 0.186725
vt 0.643520 0.185566
vt 0.642691 0.198020
vt 0.648334 0.193140
vt 0.646758 0.204604
vt 0.633564 0.198886
vt 0.629207 0.195217
vt 0.637855 0.203162
vt 0.641422 0.208121
vt 0.655128 0.227781
vt 0.661085 0.217221
vt 0.664822 0.226378
vt 0.646063 0.228670
vt 0.652982 0.219542
vt 0.637598 0.229301
vt 0.645110 0.221131
vt 0.657044 0.208764
vt 0.650177 0.211789
vt 0.637612 0.222013
vt 0.643670 0.214166
vt 0.614797 0.230877
vt 0.623918 0.221907
vt 0.621999 0.230267
vt 0.621371 0.212409
vt 0.617893 0.221460
vt 0.625139 0.203697
vt 0.626448 0.213819
vt 0.630530 0.222180
vt 0.629603 0.229776
vt 0.631930 0.215053
vt 0.629632 0.206129
vt 0.652820 0.200808
vt 0.646758 0.204604
vt 0.637612 0.222013
vt 0.637598 0.229301
vt 0.637639 0.215431
vt 0.629632 0.206129
vt 0.625138 0.203697
vt 0.634175 0.208693
vt 0.637690 0.210713
vt 0.632648 0.172623
vt 0.649829 0.180213
vt 0.654624 0.188738
vt 0.629053 0.182980
vt 0.625173 0.192459
vt 0.621118 0.201692
vt 0.666818 0.236202
vt 0.656002 0.236275
vt 0.646396 0.236475
vt 0.637532 0.236865
vt 0.668857 0.213718
vt 0.663927 0.205125
vt 0.603637 0.243539
vt 0.612850 0.240335
vt 0.608503 0.231128
vt 0.616999 0.211066
vt 0.612812 0.220793
vt 0.621118 0.201692
vt 0.620979 0.238608
vt 0.629127 0.237526
vt 0.637532 0.236865
vt 0.026738 0.323239
vt 0.020213 0.332924
vt 0.016540 0.323950
vt 0.037274 0.330285
vt 0.028888 0.331417
vt 0.036287 0.322734
vt 0.045492 0.329841
vt 0.031860 0.339324
vt 0.024546 0.341787
vt 0.038831 0.337325
vt 0.045481 0.336433
vt 0.070141 0.334118
vt 0.064210 0.323544
vt 0.074067 0.325003
vt 0.065965 0.342555
vt 0.061949 0.331782
vt 0.061579 0.350551
vt 0.058981 0.339572
vt 0.054719 0.322803
vt 0.053699 0.330354
vt 0.055298 0.346870
vt 0.052120 0.337371
vt 0.039971 0.367147
vt 0.051628 0.366351
vt 0.045926 0.374815
vt 0.034462 0.358962
vt 0.045615 0.360396
vt 0.029312 0.350485
vt 0.040255 0.353864
vt 0.050794 0.353722
vt 0.056826 0.358370
vt 0.045479 0.348842
vt 0.041354 0.343544
vt 0.045502 0.322552
vt 0.045492 0.329841
vt 0.055298 0.346870
vt 0.061579 0.350551
vt 0.049590 0.343555
vt 0.035633 0.346839
vt 0.029312 0.350485
vt 0.045474 0.341176
vt 0.014758 0.314921
vt 0.005682 0.324762
vt 0.000000 0.314921
vt 0.025890 0.314925
vt 0.035928 0.314934
vt 0.045502 0.322551
vt 0.011364 0.334604
vt 0.017046 0.344445
vt 0.022728 0.354286
vt 0.083178 0.328506
vt 0.076269 0.315180
vt 0.091992 0.315546
vt 0.077654 0.337794
vt 0.072755 0.346259
vt 0.068076 0.354407
vt 0.065146 0.315048
vt 0.055097 0.314983
vt 0.045506 0.314951
vt 0.039773 0.383810
vt 0.053091 0.380869
vt 0.045455 0.393651
vt 0.034091 0.373969
vt 0.028409 0.364128
vt 0.022728 0.354286
vt 0.058463 0.371250
vt 0.063373 0.362607
vt 0.068076 0.354407
vt 0.754010 0.323228
vt 0.747485 0.332924
vt 0.743822 0.323932
vt 0.763541 0.322721
vt 0.756156 0.331414
vt 0.772728 0.329820
vt 0.764530 0.330275
vt 0.751818 0.341786
vt 0.766092 0.337318
vt 0.759130 0.339322
vt 0.772728 0.336418
vt 0.797393 0.333923
vt 0.791332 0.323424
vt 0.801162 0.324748
vt 0.793265 0.342430
vt 0.789142 0.331688
vt 0.788870 0.350485
vt 0.786217 0.339510
vt 0.781900 0.322746
vt 0.780905 0.330309
vt 0.782552 0.346837
vt 0.779350 0.337341
vt 0.767243 0.367146
vt 0.778903 0.366343
vt 0.773199 0.374814
vt 0.761734 0.358962
vt 0.772885 0.360392
vt 0.762903 0.346837
vt 0.767524 0.353862
vt 0.778059 0.353708
vt 0.784107 0.358342
vt 0.772741 0.348835
vt 0.768617 0.343538
vt 0.772728 0.322524
vt 0.772728 0.329820
vt 0.782552 0.346837
vt 0.788870 0.350485
vt 0.776838 0.343538
vt 0.756585 0.350485
vt 0.772727 0.341165
vt 0.742161 0.314695
vt 0.732955 0.324762
vt 0.727273 0.314921
vt 0.753196 0.314853
vt 0.763184 0.314913
vt 0.772728 0.322524
vt 0.738637 0.334604
vt 0.744318 0.344445
vt 0.750000 0.354286
vt 0.810673 0.327928
vt 0.803164 0.314921
vt 0.818182 0.314921
vt 0.805201 0.337406
vt 0.800224 0.346025
vt 0.795455 0.354286
vt 0.792219 0.314921
vt 0.782266 0.314921
vt 0.772728 0.314921
vt 0.767046 0.383810
vt 0.780365 0.380867
vt 0.772727 0.393651
vt 0.761364 0.373969
vt 0.755682 0.364128
vt 0.756585 0.350485
vt 0.785748 0.371235
vt 0.790690 0.362556
vt 0.795455 0.354286
vt 0.620798 0.401956
vt 0.626709 0.409275
vt 0.621934 0.410253
vt 0.625887 0.401512
vt 0.632240 0.408494
vt 0.631879 0.401188
vt 0.638508 0.408267
vt 0.623848 0.418534
vt 0.633054 0.415332
vt 0.628211 0.416851
vt 0.638262 0.414714
vt 0.661668 0.411634
vt 0.655388 0.401938
vt 0.665310 0.402658
vt 0.657398 0.420456
vt 0.653251 0.410084
vt 0.652762 0.429077
vt 0.650361 0.417911
vt 0.646571 0.401391
vt 0.645512 0.408865
vt 0.646809 0.425285
vt 0.643960 0.415789
vt 0.638103 0.452820
vt 0.638238 0.438253
vt 0.642879 0.445422
vt 0.634042 0.443672
vt 0.634036 0.431238
vt 0.630077 0.435090
vt 0.630607 0.424174
vt 0.642647 0.432081
vt 0.647861 0.437428
vt 0.638130 0.426849
vt 0.634807 0.421456
vt 0.638768 0.401117
vt 0.638508 0.408267
vt 0.652762 0.429077
vt 0.641649 0.421835
vt 0.626574 0.426797
vt 0.638140 0.419348
vt 0.616162 0.393652
vt 0.616626 0.402405
vt 0.620423 0.393652
vt 0.625632 0.393651
vt 0.631787 0.393652
vt 0.617977 0.411193
vt 0.620157 0.420049
vt 0.623106 0.429007
vt 0.676137 0.403493
vt 0.666968 0.393429
vt 0.681818 0.393651
vt 0.670455 0.413334
vt 0.664773 0.423175
vt 0.659091 0.433017
vt 0.656211 0.393583
vt 0.646973 0.393643
vt 0.638889 0.393651
vt 0.636364 0.472382
vt 0.642046 0.462541
vt 0.634302 0.458514
vt 0.630603 0.447824
vt 0.626707 0.438160
vt 0.626574 0.426797
vt 0.647728 0.452699
vt 0.653410 0.442858
vt 0.621903 0.377068
vt 0.625885 0.385792
vt 0.620794 0.385349
vt 0.623744 0.368829
vt 0.626697 0.378035
vt 0.626327 0.360649
vt 0.628170 0.370475
vt 0.631878 0.386115
vt 0.632235 0.378811
vt 0.630510 0.363185
vt 0.633038 0.371979
vt 0.638011 0.335776
vt 0.638190 0.349491
vt 0.633529 0.344222
vt 0.643354 0.343123
vt 0.642703 0.355481
vt 0.648250 0.350650
vt 0.646791 0.362052
vt 0.633882 0.356206
vt 0.629634 0.352505
vt 0.638087 0.360515
vt 0.641625 0.365485
vt 0.655279 0.385161
vt 0.661089 0.374687
vt 0.664840 0.383830
vt 0.646557 0.385887
vt 0.653091 0.376950
vt 0.638767 0.386187
vt 0.645489 0.378406
vt 0.657034 0.366232
vt 0.650245 0.369218
vt 0.638505 0.379038
vt 0.643936 0.371498
vt 0.630510 0.363185
vt 0.626327 0.360649
vt 0.634773 0.365867
vt 0.652781 0.358292
vt 0.646791 0.362052
vt 0.638505 0.379037
vt 0.638120 0.367966
vt 0.638252 0.372594
vt 0.616617 0.384903
vt 0.620423 0.393652
vt 0.616162 0.393652
vt 0.617911 0.376148
vt 0.619936 0.367382
vt 0.622581 0.358599
vt 0.625632 0.393652
vt 0.631787 0.393652
vt 0.638889 0.393652
vt 0.635282 0.315546
vt 0.632258 0.330313
vt 0.644096 0.328506
vt 0.649619 0.337794
vt 0.654519 0.346259
vt 0.652781 0.358292
vt 0.629033 0.340488
vt 0.625707 0.349734
vt 0.622581 0.358599
vt 0.666968 0.393429
vt 0.674183 0.380869
vt 0.656211 0.393583
vt 0.646973 0.393643
vt 0.668811 0.371250
vt 0.663901 0.362607
vt 0.659198 0.354407
vt 0.663063 0.323544
vt 0.657133 0.334118
vt 0.653206 0.325003
vt 0.672555 0.322803
vt 0.665324 0.331782
vt 0.681771 0.322552
vt 0.673574 0.330354
vt 0.661308 0.342555
vt 0.668292 0.339572
vt 0.681781 0.329841
vt 0.675153 0.337371
vt 0.707061 0.332924
vt 0.700530 0.323231
vt 0.710723 0.323932
vt 0.695413 0.339324
vt 0.698386 0.331417
vt 0.702727 0.341787
vt 0.691640 0.346839
vt 0.690000 0.330285
vt 0.690985 0.322733
vt 0.688442 0.337325
vt 0.685919 0.343544
vt 0.675646 0.366351
vt 0.687303 0.367147
vt 0.681348 0.374815
vt 0.670448 0.358370
vt 0.681658 0.360396
vt 0.671976 0.346870
vt 0.676479 0.353722
vt 0.692811 0.358962
vt 0.687019 0.353864
vt 0.677683 0.343555
vt 0.681794 0.348842
vt 0.681781 0.329841
vt 0.681771 0.322551
vt 0.681792 0.336433
vt 0.697961 0.350485
vt 0.665695 0.350551
vt 0.671976 0.346870
vt 0.681799 0.341176
vt 0.651005 0.315180
vt 0.644096 0.328506
vt 0.662127 0.315048
vt 0.672176 0.314982
vt 0.681767 0.314951
vt 0.654519 0.346259
vt 0.659197 0.354407
vt 0.721591 0.324762
vt 0.712385 0.314695
vt 0.715909 0.334604
vt 0.710228 0.344445
vt 0.697961 0.350485
vt 0.701343 0.314856
vt 0.691341 0.314925
vt 0.681767 0.314951
vt 0.687500 0.383810
vt 0.663901 0.362607
vt 0.665695 0.350551
vt 0.693182 0.373969
vt 0.698864 0.364128
vt 0.704546 0.354286
vt 0.799465 0.401958
vt 0.792939 0.411654
vt 0.789277 0.402662
vt 0.809985 0.409006
vt 0.801610 0.410145
vt 0.808995 0.401451
vt 0.818182 0.408550
vt 0.797273 0.420517
vt 0.811547 0.416048
vt 0.804584 0.418053
vt 0.818182 0.415148
vt 0.843425 0.411654
vt 0.836900 0.401958
vt 0.847088 0.402662
vt 0.839091 0.420517
vt 0.834754 0.410145
vt 0.828007 0.425567
vt 0.831780 0.418053
vt 0.827369 0.401451
vt 0.826379 0.409006
vt 0.822293 0.422269
vt 0.824818 0.416048
vt 0.812589 0.446065
vt 0.823775 0.446065
vt 0.818182 0.454324
vt 0.807175 0.437716
vt 0.818182 0.439395
vt 0.802039 0.429215
vt 0.812959 0.432627
vt 0.829189 0.437716
vt 0.823405 0.432627
vt 0.808357 0.425567
vt 0.818182 0.427589
vt 0.818182 0.401255
vt 0.818182 0.408550
vt 0.834325 0.429215
vt 0.828007 0.425567
vt 0.808357 0.425567
vt 0.802039 0.429215
vt 0.814071 0.422268
vt 0.818182 0.419895
vt 0.787618 0.393429
vt 0.778409 0.403493
vt 0.798651 0.393583
vt 0.808638 0.393643
vt 0.818182 0.401255
vt 0.784091 0.413334
vt 0.789773 0.423175
vt 0.795455 0.433017
vt 0.857955 0.403493
vt 0.848746 0.393429
vt 0.863636 0.393651
vt 0.852273 0.413334
vt 0.846591 0.423175
vt 0.834325 0.429215
vt 0.837713 0.393583
vt 0.827726 0.393643
vt 0.818182 0.393652
vt 0.812500 0.462541
vt 0.823864 0.462541
vt 0.818182 0.472382
vt 0.806818 0.452699
vt 0.801137 0.442858
vt 0.829546 0.452699
vt 0.835228 0.442858
vt 0.840909 0.433017
vt 0.793521 0.374658
vt 0.799573 0.385140
vt 0.789748 0.383825
vt 0.797645 0.366143
vt 0.801768 0.376885
vt 0.802039 0.358088
vt 0.804693 0.369062
vt 0.809009 0.385826
vt 0.810005 0.378263
vt 0.808357 0.361736
vt 0.811560 0.371231
vt 0.824244 0.342426
vt 0.812121 0.342426
vt 0.818182 0.334575
vt 0.829547 0.350255
vt 0.818182 0.348454
vt 0.834325 0.358088
vt 0.823494 0.354899
vt 0.806817 0.350255
vt 0.812870 0.354899
vt 0.822293 0.365035
vt 0.818182 0.359762
vt 0.836791 0.385140
vt 0.842843 0.374658
vt 0.846616 0.383825
vt 0.827355 0.385826
vt 0.834596 0.376885
vt 0.818182 0.378753
vt 0.826360 0.378263
vt 0.838719 0.366143
vt 0.824804 0.371231
vt 0.831671 0.369062
vt 0.818182 0.372155
vt 0.808357 0.361736
vt 0.802039 0.358088
vt 0.814071 0.365035
vt 0.834325 0.358088
vt 0.828007 0.361736
vt 0.818182 0.386048
vt 0.818182 0.367408
vt 0.780365 0.380867
vt 0.787618 0.393429
vt 0.790690 0.362556
vt 0.795455 0.354286
vt 0.798651 0.393583
vt 0.818182 0.393652
vt 0.825691 0.327927
vt 0.810673 0.327927
vt 0.831163 0.337406
vt 0.836140 0.346025
vt 0.840909 0.354286
vt 0.800224 0.346025
vt 0.795455 0.354286
vt 0.848746 0.393429
vt 0.855999 0.380867
vt 0.837713 0.393583
vt 0.827726 0.393643
vt 0.818182 0.386048
vt 0.850616 0.371235
vt 0.845674 0.362556
vt 0.840909 0.354286
vt 0.845033 0.323424
vt 0.838971 0.333923
vt 0.835202 0.324748
vt 0.854464 0.322746
vt 0.847222 0.331688
vt 0.863637 0.322524
vt 0.855459 0.330310
vt 0.843099 0.342430
vt 0.850147 0.339510
vt 0.863637 0.329820
vt 0.857014 0.337341
vt 0.888879 0.332924
vt 0.882354 0.323228
vt 0.892542 0.323932
vt 0.877234 0.339322
vt 0.880209 0.331414
vt 0.884546 0.341786
vt 0.873461 0.346837
vt 0.871834 0.330275
vt 0.872823 0.322721
vt 0.870272 0.337318
vt 0.867747 0.343538
vt 0.857462 0.366343
vt 0.869121 0.367146
vt 0.863166 0.374814
vt 0.852258 0.358342
vt 0.863479 0.360392
vt 0.847494 0.350485
vt 0.858305 0.353708
vt 0.874630 0.358962
vt 0.868840 0.353862
vt 0.859526 0.343538
vt 0.863623 0.348835
vt 0.863636 0.336418
vt 0.879779 0.350485
vt 0.873461 0.346837
vt 0.853812 0.346837
vt 0.863636 0.341165
vt 0.833200 0.314921
vt 0.825691 0.327927
vt 0.844145 0.314921
vt 0.854098 0.314921
vt 0.863637 0.314921
vt 0.831163 0.337406
vt 0.836140 0.346025
vt 0.840909 0.354286
vt 0.903409 0.324762
vt 0.894201 0.314699
vt 0.909091 0.314921
vt 0.897727 0.334604
vt 0.892046 0.344445
vt 0.879779 0.350485
vt 0.883168 0.314853
vt 0.873180 0.314913
vt 0.855999 0.380867
vt 0.869318 0.383810
vt 0.850616 0.371235
vt 0.840909 0.354286
vt 0.875000 0.373969
vt 0.880682 0.364128
vt 0.886364 0.354286
vt 0.071886 0.401938
vt 0.065605 0.411634
vt 0.061963 0.402658
vt 0.080703 0.401391
vt 0.074022 0.410084
vt 0.088506 0.401117
vt 0.081762 0.408865
vt 0.069876 0.420456
vt 0.076913 0.417911
vt 0.088765 0.408267
vt 0.083314 0.415789
vt 0.106476 0.401956
vt 0.100565 0.409275
vt 0.101387 0.401512
vt 0.103426 0.418534
vt 0.105340 0.410253
vt 0.100700 0.426797
vt 0.099063 0.416851
vt 0.095034 0.408494
vt 0.095395 0.401188
vt 0.094220 0.415332
vt 0.096667 0.424174
vt 0.089171 0.452820
vt 0.089036 0.438253
vt 0.093232 0.443672
vt 0.084395 0.445422
vt 0.084626 0.432081
vt 0.079413 0.437428
vt 0.080465 0.425285
vt 0.093238 0.431238
vt 0.097197 0.435090
vt 0.089144 0.426849
vt 0.085625 0.421835
vt 0.088765 0.408267
vt 0.089012 0.414714
vt 0.096667 0.424174
vt 0.100700 0.426797
vt 0.092467 0.421456
vt 0.074512 0.429077
vt 0.080465 0.425285
vt 0.089134 0.419348
vt 0.060306 0.393429
vt 0.051137 0.403493
vt 0.071063 0.393583
vt 0.080301 0.393643
vt 0.088384 0.393652
vt 0.056819 0.413334
vt 0.062501 0.423175
vt 0.068183 0.433017
vt 0.111112 0.393651
vt 0.106850 0.393652
vt 0.110648 0.402405
vt 0.109297 0.411193
vt 0.104168 0.429007
vt 0.107117 0.420049
vt 0.101642 0.393652
vt 0.095487 0.393652
vt 0.090910 0.472382
vt 0.092972 0.458514
vt 0.085228 0.462541
vt 0.079546 0.452699
vt 0.073864 0.442858
vt 0.074512 0.429077
vt 0.096671 0.447824
vt 0.100567 0.438159
vt 0.104168 0.429007
vt 0.066185 0.374687
vt 0.071995 0.385161
vt 0.062434 0.383830
vt 0.070240 0.366232
vt 0.074182 0.376950
vt 0.074492 0.358292
vt 0.077029 0.369218
vt 0.080717 0.385887
vt 0.081785 0.378407
vt 0.080482 0.362052
vt 0.083338 0.371498
vt 0.089263 0.335776
vt 0.089084 0.349491
vt 0.083920 0.343123
vt 0.093745 0.344222
vt 0.093392 0.356206
vt 0.097639 0.352505
vt 0.096763 0.363185
vt 0.084570 0.355481
vt 0.079024 0.350650
vt 0.089187 0.360515
vt 0.092500 0.365867
vt 0.101389 0.385792
vt 0.105371 0.377068
vt 0.106479 0.385349
vt 0.095396 0.386115
vt 0.100577 0.378035
vt 0.088506 0.386187
vt 0.095039 0.378811
vt 0.103530 0.368829
vt 0.099103 0.370475
vt 0.088768 0.379038
vt 0.094235 0.371979
vt 0.080482 0.362052
vt 0.074492 0.358292
vt 0.085649 0.365485
vt 0.100947 0.360649
vt 0.096763 0.363185
vt 0.088768 0.379038
vt 0.088506 0.386187
vt 0.089022 0.372594
vt 0.089153 0.367966
vt 0.053091 0.380869
vt 0.060306 0.393429
vt 0.058463 0.371250
vt 0.063373 0.362607
vt 0.071063 0.393583
vt 0.080301 0.393643
vt 0.088384 0.393651
vt 0.083178 0.328506
vt 0.095016 0.330313
vt 0.098241 0.340488
vt 0.101567 0.349734
vt 0.100947 0.360649
vt 0.077654 0.337794
vt 0.072755 0.346259
vt 0.106850 0.393652
vt 0.110656 0.384903
vt 0.111112 0.393652
vt 0.101642 0.393652
vt 0.088385 0.393651
vt 0.109362 0.376148
vt 0.107338 0.367382
vt 0.104692 0.358599
vt 0.598297 0.259501
vt 0.595333 0.271634
vt 0.592024 0.266683
vt 0.601355 0.266009
vt 0.598786 0.277103
vt 0.604707 0.272751
vt 0.602127 0.283054
vt 0.590289 0.277322
vt 0.586827 0.273665
vt 0.593817 0.281362
vt 0.596860 0.285845
vt 0.619181 0.303083
vt 0.607732 0.296185
vt 0.615620 0.294861
vt 0.609872 0.302773
vt 0.600328 0.296656
vt 0.601419 0.302091
vt 0.593697 0.296284
vt 0.605115 0.289488
vt 0.611908 0.287068
vt 0.598883 0.291057
vt 0.593425 0.291441
vt 0.579127 0.291435
vt 0.582613 0.297661
vt 0.578588 0.295808
vt 0.580437 0.286180
vt 0.583160 0.293260
vt 0.582921 0.280206
vt 0.584298 0.288275
vt 0.587741 0.299513
vt 0.587986 0.295031
vt 0.586549 0.282902
vt 0.588625 0.290266
vt 0.602127 0.283054
vt 0.608262 0.279732
vt 0.594013 0.301051
vt 0.582921 0.280206
vt 0.590320 0.285629
vt 0.593373 0.287693
vt 0.595377 0.253932
vt 0.605468 0.253117
vt 0.608031 0.261005
vt 0.611152 0.268557
vt 0.608262 0.279732
vt 0.588971 0.262646
vt 0.583697 0.270635
vt 0.579697 0.277911
vt 0.628483 0.301443
vt 0.621020 0.310785
vt 0.610864 0.308515
vt 0.601923 0.306838
vt 0.594013 0.301051
vt 0.623329 0.292089
vt 0.618795 0.283814
vt 0.614753 0.276078
vt 0.575475 0.294518
vt 0.578126 0.299147
vt 0.575758 0.297425
vt 0.575777 0.290008
vt 0.577104 0.284413
vt 0.579697 0.277911
vt 0.582125 0.301301
vt 0.587479 0.303386
vt 0.594102 0.305241
vt 0.621130 0.246646
vt 0.615068 0.257130
vt 0.613218 0.249071
vt 0.629135 0.245139
vt 0.622299 0.254317
vt 0.637359 0.244369
vt 0.629628 0.252415
vt 0.617752 0.264801
vt 0.624303 0.261614
vt 0.637119 0.251529
vt 0.630672 0.259160
vt 0.661036 0.255203
vt 0.655092 0.244766
vt 0.664813 0.246027
vt 0.656890 0.263717
vt 0.652870 0.253016
vt 0.652467 0.271786
vt 0.649908 0.260830
vt 0.645957 0.244258
vt 0.644861 0.251768
vt 0.646211 0.268163
vt 0.643208 0.258753
vt 0.630248 0.287408
vt 0.642258 0.287494
vt 0.636070 0.295303
vt 0.625325 0.279744
vt 0.636338 0.281466
vt 0.627259 0.268543
vt 0.631303 0.275131
vt 0.647643 0.279643
vt 0.641674 0.275020
vt 0.632751 0.265123
vt 0.636550 0.270238
vt 0.637359 0.244369
vt 0.636879 0.257996
vt 0.646211 0.268163
vt 0.652467 0.271786
vt 0.640642 0.264935
vt 0.621169 0.272280
vt 0.627260 0.268543
vt 0.636724 0.262664
vt 0.612850 0.240335
vt 0.620979 0.238608
vt 0.629127 0.237526
vt 0.611152 0.268557
vt 0.614753 0.276078
vt 0.674309 0.249198
vt 0.666819 0.236202
vt 0.668831 0.258679
vt 0.663839 0.267308
vt 0.659040 0.275586
vt 0.646396 0.236476
vt 0.637532 0.236865
vt 0.643460 0.302113
vt 0.623329 0.292089
vt 0.618795 0.283814
vt 0.621169 0.272280
vt 0.649136 0.292546
vt 0.654217 0.283876
vt 0.659040 0.275586
vt 0.687880 0.263696
vt 0.675751 0.263699
vt 0.681818 0.255845
vt 0.693183 0.271525
vt 0.681814 0.269727
vt 0.697961 0.279358
vt 0.687127 0.276170
vt 0.670434 0.271536
vt 0.681806 0.281038
vt 0.676490 0.276177
vt 0.691640 0.283007
vt 0.700422 0.306413
vt 0.706484 0.295919
vt 0.710263 0.305077
vt 0.689980 0.299542
vt 0.698228 0.298157
vt 0.690972 0.307107
vt 0.681781 0.300044
vt 0.702356 0.287412
vt 0.688429 0.292508
vt 0.695304 0.290334
vt 0.681792 0.293440
vt 0.656973 0.296022
vt 0.663036 0.306523
vt 0.653075 0.305273
vt 0.661186 0.287467
vt 0.665282 0.298225
vt 0.665628 0.279385
vt 0.668257 0.290374
vt 0.672551 0.307152
vt 0.673569 0.299574
vt 0.671956 0.283027
vt 0.675149 0.292528
vt 0.691640 0.283007
vt 0.697961 0.279358
vt 0.685919 0.286310
vt 0.681771 0.307345
vt 0.665628 0.279385
vt 0.677681 0.286320
vt 0.681799 0.288689
vt 0.689328 0.249197
vt 0.674309 0.249198
vt 0.694800 0.258676
vt 0.699777 0.267295
vt 0.668831 0.258679
vt 0.663839 0.267308
vt 0.719766 0.301910
vt 0.701343 0.314856
vt 0.691341 0.314925
vt 0.714292 0.292436
vt 0.709315 0.283817
vt 0.704546 0.275556
vt 0.643460 0.302113
vt 0.651005 0.315180
vt 0.649136 0.292546
vt 0.654217 0.283876
vt 0.662127 0.315048
vt 0.672176 0.314982
vt 0.681767 0.314951
vt 0.778789 0.263696
vt 0.766666 0.263696
vt 0.772728 0.255844
vt 0.778040 0.276168
vt 0.772728 0.269724
vt 0.784092 0.271525
vt 0.782552 0.283005
vt 0.761363 0.271525
vt 0.772728 0.281031
vt 0.767416 0.276168
vt 0.776838 0.286304
vt 0.791332 0.306418
vt 0.797393 0.295919
vt 0.801162 0.305094
vt 0.781900 0.307097
vt 0.789142 0.298155
vt 0.772728 0.307318
vt 0.780905 0.299533
vt 0.793265 0.287412
vt 0.786217 0.290332
vt 0.772728 0.300023
vt 0.779350 0.292501
vt 0.748062 0.295919
vt 0.754119 0.306410
vt 0.744283 0.305076
vt 0.752190 0.287412
vt 0.756313 0.298154
vt 0.756585 0.279358
vt 0.759238 0.290332
vt 0.764550 0.299533
vt 0.763554 0.307096
vt 0.766105 0.292501
vt 0.768617 0.286304
vt 0.788871 0.279358
vt 0.782552 0.283005
vt 0.772728 0.300022
vt 0.772728 0.307318
vt 0.772728 0.293425
vt 0.756585 0.279358
vt 0.762903 0.283005
vt 0.772728 0.288678
vt 0.780237 0.249197
vt 0.765218 0.249197
vt 0.785709 0.258676
vt 0.790685 0.267295
vt 0.788870 0.279358
vt 0.759746 0.258676
vt 0.754770 0.267295
vt 0.750000 0.275556
vt 0.803164 0.314921
vt 0.810673 0.301915
vt 0.792219 0.314921
vt 0.772728 0.314921
vt 0.805201 0.292437
vt 0.800224 0.283817
vt 0.795455 0.275556
vt 0.734780 0.301910
vt 0.742161 0.314695
vt 0.740254 0.292437
vt 0.745231 0.283817
vt 0.753196 0.314853
vt 0.763184 0.314913
vt 0.799578 0.244694
vt 0.793517 0.255193
vt 0.789748 0.246018
vt 0.809010 0.244015
vt 0.801768 0.252958
vt 0.818182 0.243794
vt 0.810005 0.251579
vt 0.797645 0.263700
vt 0.804693 0.260780
vt 0.818182 0.251090
vt 0.811560 0.258611
vt 0.842848 0.255193
vt 0.836786 0.244694
vt 0.846616 0.246018
vt 0.838720 0.263700
vt 0.834596 0.252958
vt 0.828007 0.268107
vt 0.831671 0.260780
vt 0.827355 0.244015
vt 0.824804 0.258611
vt 0.826360 0.251579
vt 0.822293 0.264808
vt 0.812121 0.287416
vt 0.824244 0.287416
vt 0.818182 0.295268
vt 0.806817 0.279588
vt 0.818182 0.281388
vt 0.808357 0.268107
vt 0.812870 0.274944
vt 0.829547 0.279588
vt 0.823494 0.274944
vt 0.814071 0.264808
vt 0.818182 0.270081
vt 0.818182 0.251090
vt 0.818182 0.243794
vt 0.818182 0.257687
vt 0.834325 0.271755
vt 0.802039 0.271755
vt 0.808357 0.268107
vt 0.818182 0.262434
vt 0.787746 0.236191
vt 0.798690 0.236191
vt 0.808643 0.236191
vt 0.818182 0.236191
vt 0.785709 0.258676
vt 0.790686 0.267295
vt 0.856128 0.249197
vt 0.848618 0.236191
vt 0.850655 0.258676
vt 0.845679 0.267295
vt 0.837674 0.236191
vt 0.827721 0.236191
vt 0.810673 0.301915
vt 0.825691 0.301915
vt 0.805201 0.292437
vt 0.802039 0.271755
vt 0.831163 0.292437
vt 0.836140 0.283817
vt 0.840909 0.275556
vt 0.869698 0.263696
vt 0.857575 0.263696
vt 0.863637 0.255844
vt 0.875001 0.271525
vt 0.863637 0.269724
vt 0.879779 0.279358
vt 0.868948 0.276168
vt 0.852272 0.271525
vt 0.858325 0.276168
vt 0.873461 0.283005
vt 0.863637 0.281031
vt 0.882245 0.306410
vt 0.888297 0.295928
vt 0.892071 0.305094
vt 0.871814 0.299533
vt 0.880051 0.298154
vt 0.872810 0.307095
vt 0.863636 0.300023
vt 0.877126 0.290332
vt 0.884173 0.287413
vt 0.870258 0.292501
vt 0.863637 0.293425
vt 0.838971 0.295919
vt 0.845033 0.306418
vt 0.835202 0.305094
vt 0.843099 0.287412
vt 0.847223 0.298154
vt 0.847494 0.279358
vt 0.850147 0.290332
vt 0.854464 0.307097
vt 0.855459 0.299533
vt 0.859526 0.286304
vt 0.857015 0.292501
vt 0.873461 0.283005
vt 0.879779 0.279358
vt 0.867747 0.286304
vt 0.863637 0.307318
vt 0.863637 0.300023
vt 0.847494 0.279358
vt 0.853812 0.283005
vt 0.863636 0.288678
vt 0.871146 0.249197
vt 0.856128 0.249197
vt 0.876618 0.258676
vt 0.881594 0.267295
vt 0.886364 0.275556
vt 0.850655 0.258676
vt 0.845679 0.267295
vt 0.894201 0.314699
vt 0.901454 0.302137
vt 0.883168 0.314853
vt 0.873180 0.314913
vt 0.896070 0.292505
vt 0.891128 0.283825
vt 0.825691 0.301915
vt 0.836140 0.283817
vt 0.844145 0.314921
vt 0.863637 0.314921
vt 0.051636 0.263503
vt 0.039971 0.262697
vt 0.045927 0.255029
vt 0.056854 0.271512
vt 0.045618 0.269454
vt 0.055317 0.283027
vt 0.050803 0.276143
vt 0.034462 0.270881
vt 0.045480 0.281015
vt 0.040255 0.275982
vt 0.049592 0.286320
vt 0.064238 0.306523
vt 0.070301 0.296022
vt 0.074199 0.305273
vt 0.054722 0.307152
vt 0.061991 0.298225
vt 0.045502 0.307345
vt 0.053705 0.299575
vt 0.066087 0.287467
vt 0.059017 0.290374
vt 0.045492 0.300044
vt 0.052125 0.292528
vt 0.020213 0.296919
vt 0.026738 0.306610
vt 0.016540 0.305892
vt 0.031860 0.290522
vt 0.028888 0.298431
vt 0.024546 0.288056
vt 0.035633 0.283007
vt 0.037274 0.299576
vt 0.036287 0.307132
vt 0.038831 0.292531
vt 0.041354 0.286310
vt 0.061645 0.279385
vt 0.055317 0.283027
vt 0.045492 0.300044
vt 0.045502 0.307345
vt 0.045481 0.293440
vt 0.029312 0.279358
vt 0.035633 0.283007
vt 0.045474 0.288689
vt 0.053093 0.248976
vt 0.039773 0.246032
vt 0.058482 0.258611
vt 0.063440 0.267299
vt 0.034091 0.255874
vt 0.028409 0.265715
vt 0.022728 0.275556
vt 0.083813 0.302113
vt 0.065146 0.315048
vt 0.055097 0.314982
vt 0.078138 0.292546
vt 0.073057 0.283876
vt 0.068234 0.275586
vt 0.005682 0.305080
vt 0.011364 0.295239
vt 0.017046 0.285397
vt 0.029312 0.279358
vt 0.025890 0.314925
vt 0.035928 0.314934
vt 0.045506 0.314951
vt 0.072177 0.244775
vt 0.066243 0.255195
vt 0.062460 0.246027
vt 0.081317 0.244260
vt 0.074404 0.253016
vt 0.090155 0.251529
vt 0.082412 0.251768
vt 0.070384 0.263716
vt 0.084065 0.258753
vt 0.077366 0.260830
vt 0.090395 0.257996
vt 0.112205 0.257130
vt 0.106144 0.246646
vt 0.114056 0.249071
vt 0.109522 0.264801
vt 0.104975 0.254317
vt 0.106105 0.272280
vt 0.102971 0.261614
vt 0.098139 0.245139
vt 0.097646 0.252415
vt 0.100014 0.268543
vt 0.096602 0.259160
vt 0.085016 0.287494
vt 0.097025 0.287408
vt 0.091204 0.295303
vt 0.079631 0.279643
vt 0.090935 0.281466
vt 0.074807 0.271786
vt 0.085599 0.275020
vt 0.101949 0.279744
vt 0.095971 0.275131
vt 0.081063 0.268163
vt 0.090723 0.270238
vt 0.089915 0.244369
vt 0.090155 0.251529
vt 0.106105 0.272280
vt 0.094523 0.265123
vt 0.100014 0.268543
vt 0.086632 0.264935
vt 0.090550 0.262664
vt 0.060327 0.236424
vt 0.053093 0.248976
vt 0.071232 0.236344
vt 0.080873 0.236484
vt 0.089915 0.244369
vt 0.058482 0.258611
vt 0.063440 0.267299
vt 0.068234 0.275586
vt 0.121806 0.253117
vt 0.119243 0.261005
vt 0.116121 0.268557
vt 0.112521 0.276078
vt 0.106295 0.238608
vt 0.098147 0.237526
vt 0.083813 0.302112
vt 0.098791 0.301443
vt 0.073057 0.283876
vt 0.103945 0.292089
vt 0.108479 0.283814
vt 0.112521 0.276078
vt 0.128976 0.259501
vt 0.131941 0.271634
vt 0.125919 0.266009
vt 0.135250 0.266683
vt 0.136985 0.277322
vt 0.140447 0.273665
vt 0.140725 0.282902
vt 0.128488 0.277103
vt 0.122566 0.272751
vt 0.133457 0.281362
vt 0.136953 0.285629
vt 0.144661 0.297661
vt 0.148147 0.291435
vt 0.148686 0.295808
vt 0.139533 0.299513
vt 0.144114 0.293260
vt 0.133261 0.301051
vt 0.139287 0.295031
vt 0.146836 0.286180
vt 0.142976 0.288275
vt 0.133577 0.296284
vt 0.138649 0.290266
vt 0.108093 0.303083
vt 0.119542 0.296185
vt 0.117402 0.302773
vt 0.111654 0.294861
vt 0.122159 0.289488
vt 0.115366 0.287068
vt 0.125147 0.283054
vt 0.126946 0.296656
vt 0.125855 0.302091
vt 0.128391 0.291057
vt 0.130414 0.285845
vt 0.144353 0.280206
vt 0.140725 0.282902
vt 0.133849 0.291440
vt 0.125147 0.283054
vt 0.119012 0.279732
vt 0.133900 0.287693
vt 0.121806 0.253117
vt 0.131897 0.253932
vt 0.138303 0.262646
vt 0.143577 0.270635
vt 0.144353 0.280206
vt 0.119243 0.261005
vt 0.116121 0.268557
vt 0.149148 0.299147
vt 0.151799 0.294518
vt 0.151516 0.297425
vt 0.145149 0.301301
vt 0.139795 0.303386
vt 0.133172 0.305241
vt 0.151497 0.290008
vt 0.150170 0.284413
vt 0.147577 0.277911
vt 0.106254 0.310785
vt 0.098791 0.301443
vt 0.103945 0.292089
vt 0.108479 0.283814
vt 0.119012 0.279732
vt 0.116410 0.308515
vt 0.125351 0.306838
vt 0.133172 0.305241
vt 0.586238 0.259856
vt 0.589522 0.248572
vt 0.592273 0.250563
vt 0.581047 0.268442
vt 0.583847 0.258019
vt 0.577007 0.276269
vt 0.578803 0.266938
vt 0.574322 0.283260
vt 0.574745 0.275189
vt 0.572976 0.289315
vt 0.571950 0.282645
vt 0.572913 0.294342
vt 0.570527 0.289221
vt 0.587261 0.247164
vt 0.581777 0.256722
vt 0.576833 0.265886
vt 0.572747 0.274497
vt 0.569808 0.282404
vt 0.570552 0.294851
vt 0.568227 0.289494
vt 0.585269 0.246008
vt 0.579879 0.255681
vt 0.574989 0.265066
vt 0.570848 0.274017
vt 0.567718 0.282385
vt 0.568196 0.295659
vt 0.565903 0.289994
vt 0.583263 0.244876
vt 0.577953 0.254679
vt 0.573101 0.264284
vt 0.568879 0.273575
vt 0.565507 0.282415
vt 0.565718 0.296661
vt 0.563377 0.290581
vt 0.580903 0.243635
vt 0.575717 0.253635
vt 0.570941 0.263443
vt 0.566657 0.272992
vt 0.563017 0.282229
vt 0.562941 0.297816
vt 0.560425 0.291029
vt 0.577795 0.242256
vt 0.572856 0.252547
vt 0.568265 0.262469
vt 0.563994 0.272090
vt 0.560103 0.281523
vt 0.559453 0.299141
vt 0.556868 0.290949
vt 0.595377 0.253932
vt 0.598516 0.240583
vt 0.588971 0.262647
vt 0.583697 0.270635
vt 0.579697 0.277911
vt 0.575777 0.290008
vt 0.575475 0.294518
vt 0.574188 0.298332
vt 0.569911 0.300801
vt 0.567481 0.302204
vt 0.564705 0.303807
vt 0.561111 0.305882
vt 0.554838 0.300415
vt 0.555948 0.308857
vt 0.549171 0.299760
vt 0.552766 0.289402
vt 0.556647 0.279923
vt 0.560701 0.270690
vt 0.564820 0.261316
vt 0.569007 0.251589
vt 0.573316 0.241254
vt 0.583303 0.231799
vt 0.578182 0.228843
vt 0.586465 0.233625
vt 0.588863 0.235009
vt 0.590910 0.236191
vt 0.592957 0.237373
vt 0.595354 0.238757
vt 0.583003 0.100522
vt 0.586149 0.089164
vt 0.586987 0.090039
vt 0.579229 0.109932
vt 0.581592 0.099257
vt 0.576083 0.118275
vt 0.577459 0.108701
vt 0.573933 0.125575
vt 0.574052 0.117327
vt 0.572861 0.131788
vt 0.571660 0.125014
vt 0.572899 0.136873
vt 0.570445 0.131708
vt 0.585647 0.088772
vt 0.580634 0.098602
vt 0.576125 0.108014
vt 0.572381 0.116819
vt 0.569662 0.124848
vt 0.570547 0.137381
vt 0.568196 0.131998
vt 0.585270 0.088548
vt 0.579881 0.098220
vt 0.574994 0.107602
vt 0.570861 0.116549
vt 0.567742 0.124911
vt 0.568210 0.138184
vt 0.565940 0.132512
vt 0.584878 0.088348
vt 0.579099 0.097877
vt 0.573822 0.107228
vt 0.569275 0.116315
vt 0.565709 0.125018
vt 0.565766 0.139174
vt 0.563495 0.133106
vt 0.584277 0.088121
vt 0.577977 0.097474
vt 0.572302 0.106750
vt 0.567389 0.115911
vt 0.563382 0.124897
vt 0.563042 0.140305
vt 0.560633 0.133549
vt 0.583068 0.087839
vt 0.576091 0.096947
vt 0.570102 0.106047
vt 0.564964 0.115136
vt 0.560587 0.124233
vt 0.559644 0.141583
vt 0.557164 0.133452
vt 0.588864 0.092563
vt 0.590910 0.078731
vt 0.590909 0.078731
vt 0.585278 0.103009
vt 0.581689 0.112009
vt 0.578687 0.119868
vt 0.576678 0.126707
vt 0.575651 0.132475
vt 0.575459 0.137049
vt 0.575758 0.139965
vt 0.574189 0.140871
vt 0.572146 0.142051
vt 0.569933 0.143329
vt 0.567532 0.144715
vt 0.564810 0.146286
vt 0.561320 0.148301
vt 0.555165 0.142783
vt 0.556364 0.151162
vt 0.549601 0.142069
vt 0.553102 0.131894
vt 0.557178 0.122648
vt 0.561763 0.113783
vt 0.566844 0.104999
vt 0.572657 0.096228
vt 0.579664 0.087460
vt 0.590910 0.078731
vt 0.098947 0.450308
vt 0.095658 0.461899
vt 0.094846 0.461037
vt 0.103047 0.440235
vt 0.100309 0.451563
vt 0.106830 0.430602
vt 0.104747 0.441488
vt 0.109999 0.421195
vt 0.108774 0.431650
vt 0.112405 0.411933
vt 0.112187 0.421993
vt 0.116519 0.403034
vt 0.114820 0.412470
vt 0.096091 0.462256
vt 0.101127 0.452174
vt 0.105873 0.442177
vt 0.110171 0.432288
vt 0.113858 0.422517
vt 0.116745 0.412838
vt 0.096332 0.462407
vt 0.101613 0.452449
vt 0.106613 0.442525
vt 0.111191 0.432652
vt 0.115190 0.422841
vt 0.118639 0.403215
vt 0.118382 0.413072
vt 0.096472 0.462484
vt 0.101917 0.452594
vt 0.107127 0.442718
vt 0.111984 0.432863
vt 0.116339 0.423032
vt 0.120524 0.403321
vt 0.119921 0.413208
vt 0.096548 0.462524
vt 0.102102 0.452668
vt 0.107488 0.442816
vt 0.112621 0.432971
vt 0.117381 0.423131
vt 0.122417 0.403365
vt 0.121500 0.413279
vt 0.096581 0.462539
vt 0.102208 0.452695
vt 0.107747 0.442853
vt 0.113155 0.433011
vt 0.118364 0.423168
vt 0.124610 0.403379
vt 0.123209 0.413314
vt 0.092972 0.458514
vt 0.090910 0.472382
vt 0.113932 0.402768
vt 0.110648 0.402405
vt 0.114468 0.393650
vt 0.117129 0.393640
vt 0.119346 0.393613
vt 0.121371 0.393560
vt 0.123484 0.393472
vt 0.126086 0.393333
vt 0.127368 0.403404
vt 0.129722 0.393151
vt 0.130683 0.403493
vt 0.125001 0.413334
vt 0.119319 0.423175
vt 0.113637 0.433017
vt 0.107955 0.442858
vt 0.102274 0.452699
vt 0.096592 0.462541
vt 0.090910 0.472382
vt 0.090910 0.472382
vt 0.090910 0.472382
vt 0.708669 0.244694
vt 0.702608 0.255193
vt 0.698839 0.246018
vt 0.718101 0.244015
vt 0.710859 0.252958
vt 0.727273 0.243794
vt 0.719096 0.251579
vt 0.706736 0.263700
vt 0.713784 0.260780
vt 0.727273 0.251090
vt 0.720651 0.258611
vt 0.751939 0.255193
vt 0.745877 0.244694
vt 0.755707 0.246018
vt 0.747810 0.263700
vt 0.743687 0.252958
vt 0.743416 0.271755
vt 0.740762 0.260780
vt 0.736446 0.244015
vt 0.735451 0.251579
vt 0.737098 0.268107
vt 0.733895 0.258611
vt 0.727273 0.295268
vt 0.727273 0.281388
vt 0.733335 0.287416
vt 0.721211 0.287416
vt 0.721961 0.274944
vt 0.715908 0.279587
vt 0.717448 0.268107
vt 0.732585 0.274944
vt 0.738638 0.279587
vt 0.727273 0.270081
vt 0.723162 0.264808
vt 0.727273 0.243794
vt 0.737098 0.268107
vt 0.743416 0.271754
vt 0.731384 0.264808
vt 0.711130 0.271755
vt 0.717448 0.268107
vt 0.727273 0.262434
vt 0.727273 0.257687
vt 0.696837 0.236191
vt 0.707781 0.236191
vt 0.717734 0.236191
vt 0.694800 0.258676
vt 0.699776 0.267295
vt 0.704546 0.275556
vt 0.765218 0.249197
vt 0.757709 0.236191
vt 0.759746 0.258676
vt 0.754770 0.267295
vt 0.750000 0.275556
vt 0.746765 0.236191
vt 0.736812 0.236191
vt 0.727273 0.236191
vt 0.734780 0.301910
vt 0.714292 0.292437
vt 0.740254 0.292436
vt 0.745231 0.283817
vt 0.750000 0.275556
vt 0.702608 0.217189
vt 0.708669 0.227688
vt 0.698839 0.226364
vt 0.706736 0.208682
vt 0.710859 0.219424
vt 0.711130 0.200628
vt 0.713784 0.211602
vt 0.718101 0.228367
vt 0.719096 0.220803
vt 0.723162 0.207574
vt 0.720651 0.213771
vt 0.733335 0.184966
vt 0.721212 0.184966
vt 0.727273 0.177114
vt 0.738638 0.192795
vt 0.727273 0.190994
vt 0.743416 0.200628
vt 0.732585 0.197438
vt 0.715908 0.192795
vt 0.721961 0.197438
vt 0.737098 0.204275
vt 0.727273 0.202301
vt 0.745877 0.227688
vt 0.751939 0.217189
vt 0.755707 0.226364
vt 0.736446 0.228367
vt 0.743687 0.219424
vt 0.727273 0.221292
vt 0.735451 0.220803
vt 0.747810 0.208682
vt 0.740762 0.211602
vt 0.727273 0.214695
vt 0.733895 0.213771
vt 0.711130 0.200628
vt 0.717448 0.204275
vt 0.737098 0.204275
vt 0.743416 0.200628
vt 0.731384 0.207574
vt 0.727273 0.228588
vt 0.727273 0.221292
vt 0.727273 0.209948
vt 0.696837 0.236191
vt 0.694800 0.213707
vt 0.707781 0.236191
vt 0.727273 0.236191
vt 0.734782 0.170467
vt 0.719764 0.170467
vt 0.740254 0.179946
vt 0.745231 0.188565
vt 0.750000 0.196826
vt 0.714292 0.179946
vt 0.765218 0.223185
vt 0.746765 0.236191
vt 0.736812 0.236191
vt 0.727273 0.236191
vt 0.759746 0.213706
vt 0.754770 0.205087
vt 0.750000 0.196826
vt 0.754124 0.165964
vt 0.748062 0.176463
vt 0.744293 0.167288
vt 0.763555 0.165285
vt 0.756314 0.174228
vt 0.772728 0.165064
vt 0.764550 0.172849
vt 0.752190 0.184970
vt 0.759238 0.182050
vt 0.772728 0.172360
vt 0.766106 0.179881
vt 0.801172 0.167306
vt 0.789142 0.174228
vt 0.791337 0.165972
vt 0.797393 0.176463
vt 0.786217 0.182050
vt 0.793265 0.184970
vt 0.782552 0.189377
vt 0.780905 0.172849
vt 0.781901 0.165287
vt 0.779350 0.179881
vt 0.776838 0.186078
vt 0.766666 0.208686
vt 0.778789 0.208686
vt 0.772728 0.216538
vt 0.761363 0.200857
vt 0.772728 0.202658
vt 0.756585 0.193025
vt 0.767416 0.196214
vt 0.784093 0.200857
vt 0.778040 0.196214
vt 0.762903 0.189377
vt 0.772727 0.191351
vt 0.772728 0.172360
vt 0.772728 0.165064
vt 0.772728 0.178957
vt 0.788871 0.193025
vt 0.782552 0.189377
vt 0.762903 0.189377
vt 0.756585 0.193025
vt 0.768617 0.186078
vt 0.772727 0.183704
vt 0.742292 0.157461
vt 0.753236 0.157461
vt 0.763189 0.157461
vt 0.772728 0.157461
vt 0.740254 0.179946
vt 0.745231 0.188565
vt 0.750000 0.196826
vt 0.803294 0.157687
vt 0.800224 0.188565
vt 0.788870 0.193025
vt 0.792259 0.157529
vt 0.782271 0.157469
vt 0.772727 0.157461
vt 0.765218 0.223185
vt 0.780237 0.223185
vt 0.759746 0.213707
vt 0.754770 0.205087
vt 0.750000 0.196826
vt 0.785709 0.213706
vt 0.795455 0.196826
vt 0.890487 0.244694
vt 0.884426 0.255193
vt 0.880657 0.246018
vt 0.899919 0.244015
vt 0.892677 0.252958
vt 0.909091 0.251090
vt 0.900914 0.251579
vt 0.888554 0.263700
vt 0.895602 0.260780
vt 0.909091 0.257687
vt 0.902469 0.258611
vt 0.934334 0.254193
vt 0.927808 0.244497
vt 0.937997 0.245202
vt 0.930000 0.263056
vt 0.925663 0.252684
vt 0.925234 0.271755
vt 0.922689 0.260592
vt 0.918278 0.243991
vt 0.917288 0.251545
vt 0.918916 0.268107
vt 0.915727 0.258588
vt 0.902916 0.287613
vt 0.914576 0.288416
vt 0.908620 0.296084
vt 0.903759 0.274978
vt 0.908933 0.281661
vt 0.897712 0.279612
vt 0.899266 0.268107
vt 0.914295 0.275132
vt 0.920084 0.280231
vt 0.909077 0.270104
vt 0.904980 0.264808
vt 0.909091 0.243794
vt 0.918916 0.268107
vt 0.925234 0.271755
vt 0.913202 0.264808
vt 0.892948 0.271755
vt 0.909091 0.262434
vt 0.878655 0.236191
vt 0.871146 0.249197
vt 0.889599 0.236191
vt 0.899552 0.236191
vt 0.909091 0.243794
vt 0.886364 0.275556
vt 0.948864 0.246032
vt 0.939655 0.235969
vt 0.954545 0.236191
vt 0.943182 0.255874
vt 0.937500 0.265715
vt 0.931818 0.275556
vt 0.928622 0.236123
vt 0.918635 0.236182
vt 0.909091 0.236191
vt 0.914773 0.305080
vt 0.896070 0.292505
vt 0.892948 0.271755
vt 0.920455 0.295239
vt 0.926136 0.285397
vt 0.884426 0.217189
vt 0.890487 0.227688
vt 0.880657 0.226364
vt 0.888554 0.208682
vt 0.892677 0.219424
vt 0.899266 0.204275
vt 0.895602 0.211602
vt 0.899919 0.228367
vt 0.900914 0.220803
vt 0.904980 0.207574
vt 0.902469 0.213771
vt 0.915153 0.184966
vt 0.903030 0.184966
vt 0.909091 0.177114
vt 0.914403 0.197438
vt 0.909091 0.190994
vt 0.920456 0.192795
vt 0.918916 0.204275
vt 0.903779 0.197438
vt 0.897726 0.192795
vt 0.909091 0.202301
vt 0.913202 0.207574
vt 0.927700 0.227680
vt 0.933752 0.217198
vt 0.937526 0.226364
vt 0.918264 0.228366
vt 0.925505 0.219424
vt 0.909091 0.228588
vt 0.917269 0.220803
vt 0.929628 0.208683
vt 0.922580 0.211602
vt 0.909091 0.221292
vt 0.915713 0.213771
vt 0.892948 0.200628
vt 0.899266 0.204275
vt 0.925234 0.200628
vt 0.918916 0.204275
vt 0.909091 0.221292
vt 0.909091 0.209948
vt 0.909091 0.214695
vt 0.871146 0.223185
vt 0.878655 0.236191
vt 0.876618 0.213707
vt 0.881594 0.205087
vt 0.892948 0.200628
vt 0.889599 0.236191
vt 0.899552 0.236191
vt 0.909091 0.236191
vt 0.916600 0.170467
vt 0.901582 0.170467
vt 0.922072 0.179946
vt 0.927049 0.188565
vt 0.886364 0.196826
vt 0.939655 0.235969
vt 0.946908 0.223407
vt 0.928622 0.236123
vt 0.918635 0.236182
vt 0.941525 0.213775
vt 0.936583 0.205095
vt 0.931818 0.196826
vt 0.935942 0.165964
vt 0.929880 0.176463
vt 0.926111 0.167288
vt 0.945373 0.165285
vt 0.938131 0.174228
vt 0.954546 0.172360
vt 0.946368 0.172849
vt 0.934008 0.184970
vt 0.941056 0.182050
vt 0.954545 0.178957
vt 0.947924 0.179881
vt 0.979788 0.175463
vt 0.973268 0.165776
vt 0.983461 0.166490
vt 0.975455 0.184326
vt 0.971118 0.173954
vt 0.970688 0.193025
vt 0.968143 0.181862
vt 0.963733 0.165262
vt 0.962743 0.172815
vt 0.964370 0.189377
vt 0.961181 0.179858
vt 0.948371 0.208883
vt 0.960030 0.209686
vt 0.954075 0.217354
vt 0.949214 0.196248
vt 0.954388 0.202931
vt 0.943167 0.200882
vt 0.944721 0.189377
vt 0.959749 0.196402
vt 0.965539 0.201501
vt 0.954532 0.191374
vt 0.950435 0.186078
vt 0.954546 0.165064
vt 0.964370 0.189377
vt 0.958656 0.186078
vt 0.938403 0.193025
vt 0.954545 0.183704
vt 0.924110 0.157461
vt 0.935054 0.157461
vt 0.945007 0.157461
vt 0.954546 0.157461
vt 0.922072 0.179946
vt 0.927049 0.188565
vt 0.931818 0.196826
vt 0.994318 0.167302
vt 0.985243 0.157461
vt 1.000000 0.157461
vt 0.988636 0.177144
vt 0.982955 0.186985
vt 0.977273 0.196826
vt 0.974116 0.157461
vt 0.964094 0.157461
vt 0.946908 0.223407
vt 0.960227 0.226350
vt 0.941525 0.213775
vt 0.938403 0.193025
vt 0.965909 0.216509
vt 0.971591 0.206667
vt 0.116898 0.155238
vt 0.111519 0.161674
vt 0.108094 0.158338
vt 0.125555 0.153007
vt 0.118636 0.158322
vt 0.133477 0.151052
vt 0.126484 0.155795
vt 0.140349 0.148962
vt 0.134221 0.153604
vt 0.145996 0.146628
vt 0.141232 0.151345
vt 0.150282 0.143995
vt 0.147203 0.148800
vt 0.114416 0.164030
vt 0.120549 0.160635
vt 0.127734 0.157974
vt 0.135223 0.155655
vt 0.142343 0.153306
vt 0.151906 0.145784
vt 0.148655 0.150647
vt 0.116813 0.165856
vt 0.122386 0.162512
vt 0.136352 0.157454
vt 0.129088 0.159821
vt 0.143611 0.155084
vt 0.153780 0.147411
vt 0.150304 0.152387
vt 0.118929 0.167499
vt 0.124056 0.164265
vt 0.130366 0.161604
vt 0.137476 0.159250
vt 0.144946 0.156920
vt 0.155868 0.149039
vt 0.152108 0.154246
vt 0.120816 0.169134
vt 0.125516 0.166116
vt 0.131479 0.163566
vt 0.138469 0.161296
vt 0.146173 0.159085
vt 0.158218 0.150837
vt 0.153971 0.156529
vt 0.122446 0.170926
vt 0.126726 0.168290
vt 0.132360 0.165948
vt 0.139205 0.163842
vt 0.147078 0.161862
vt 0.161030 0.153144
vt 0.155647 0.159590
vt 0.105710 0.153354
vt 0.101406 0.163521
vt 0.116161 0.151013
vt 0.125241 0.149328
vt 0.133120 0.147751
vt 0.139774 0.145913
vt 0.145142 0.143837
vt 0.149147 0.141686
vt 0.151516 0.139965
vt 0.153085 0.140871
vt 0.155128 0.142051
vt 0.157341 0.143329
vt 0.159742 0.144715
vt 0.162464 0.146286
vt 0.165954 0.148301
vt 0.164312 0.156424
vt 0.170910 0.151162
vt 0.166475 0.161597
vt 0.156319 0.163867
vt 0.147378 0.165544
vt 0.139557 0.167141
vt 0.132933 0.168996
vt 0.127580 0.171081
vt 0.123581 0.173235
vt 0.121213 0.174957
vt 0.119643 0.174050
vt 0.117594 0.172867
vt 0.115366 0.171581
vt 0.112936 0.170178
vt 0.110160 0.168575
vt 0.106566 0.166500
vt 0.576992 0.143995
vt 0.580071 0.148800
vt 0.575368 0.145784
vt 0.581278 0.146628
vt 0.586043 0.151345
vt 0.586925 0.148962
vt 0.593053 0.153604
vt 0.593798 0.151052
vt 0.600790 0.155795
vt 0.601719 0.153007
vt 0.608638 0.158322
vt 0.610377 0.155238
vt 0.615755 0.161674
vt 0.578619 0.150647
vt 0.573494 0.147411
vt 0.584931 0.153306
vt 0.592051 0.155655
vt 0.599540 0.157974
vt 0.606725 0.160635
vt 0.612858 0.164030
vt 0.576970 0.152387
vt 0.571406 0.149039
vt 0.583663 0.155084
vt 0.590922 0.157454
vt 0.598186 0.159821
vt 0.604888 0.162512
vt 0.610461 0.165856
vt 0.575166 0.154246
vt 0.569056 0.150837
vt 0.582328 0.156920
vt 0.589798 0.159250
vt 0.596908 0.161604
vt 0.603219 0.164265
vt 0.608345 0.167499
vt 0.573303 0.156529
vt 0.566244 0.153144
vt 0.581101 0.159085
vt 0.588805 0.161296
vt 0.595795 0.163566
vt 0.601758 0.166116
vt 0.606458 0.169134
vt 0.571628 0.159590
vt 0.562962 0.156424
vt 0.580196 0.161862
vt 0.588069 0.163842
vt 0.594914 0.165948
vt 0.600548 0.168290
vt 0.604828 0.170926
vt 0.578127 0.141687
vt 0.582132 0.143837
vt 0.587500 0.145913
vt 0.594154 0.147751
vt 0.602033 0.149328
vt 0.611113 0.151013
vt 0.619180 0.158338
vt 0.621564 0.153354
vt 0.625871 0.163525
vt 0.620708 0.166500
vt 0.617114 0.168575
vt 0.614338 0.170178
vt 0.611908 0.171581
vt 0.609680 0.172867
vt 0.607631 0.174050
vt 0.606061 0.174957
vt 0.603693 0.173235
vt 0.599694 0.171081
vt 0.594341 0.168996
vt 0.587717 0.167141
vt 0.579896 0.165544
vt 0.570955 0.163867
vt 0.560799 0.161597
vt 0.546537 0.156836
vt 0.576991 0.301456
vt 0.580061 0.306266
vt 0.575361 0.303248
vt 0.581271 0.304092
vt 0.586024 0.308816
vt 0.586905 0.306434
vt 0.593014 0.311086
vt 0.593750 0.308540
vt 0.600718 0.313297
vt 0.601623 0.310520
vt 0.608516 0.315853
vt 0.610192 0.312792
vt 0.615575 0.319238
vt 0.578601 0.308118
vt 0.573474 0.304883
vt 0.584911 0.310778
vt 0.592021 0.313132
vt 0.599491 0.315462
vt 0.606653 0.318136
vt 0.612763 0.321545
vt 0.576931 0.309870
vt 0.571358 0.306526
vt 0.583633 0.312561
vt 0.590897 0.314928
vt 0.598156 0.317298
vt 0.604849 0.319995
vt 0.610413 0.323343
vt 0.575094 0.311748
vt 0.568961 0.308352
vt 0.582280 0.314408
vt 0.589768 0.316728
vt 0.596888 0.319076
vt 0.603200 0.321735
vt 0.608325 0.324971
vt 0.573181 0.314060
vt 0.566064 0.310708
vt 0.581029 0.316587
vt 0.588766 0.318778
vt 0.595776 0.321037
vt 0.601748 0.323582
vt 0.606452 0.326598
vt 0.571443 0.317144
vt 0.562639 0.314044
vt 0.580101 0.319376
vt 0.588022 0.321330
vt 0.594894 0.323420
vt 0.600541 0.325754
vt 0.604827 0.328387
vt 0.587479 0.303386
vt 0.601923 0.306838
vt 0.610864 0.308515
vt 0.618857 0.315958
vt 0.621020 0.310785
vt 0.625455 0.321220
vt 0.620499 0.324081
vt 0.617009 0.326096
vt 0.614287 0.327668
vt 0.611886 0.329053
vt 0.609673 0.330331
vt 0.607630 0.331511
vt 0.606061 0.332417
vt 0.603692 0.330696
vt 0.599687 0.328545
vt 0.594319 0.326469
vt 0.587665 0.324631
vt 0.579786 0.323054
vt 0.570706 0.321369
vt 0.560255 0.319028
vt 0.545455 0.314921
vt 0.572139 0.299515
vt 0.939601 0.060449
vt 0.947861 0.069343
vt 0.946685 0.069615
vt 0.933327 0.051187
vt 0.941372 0.059911
vt 0.927636 0.041780
vt 0.935236 0.050389
vt 0.922336 0.032147
vt 0.929451 0.040732
vt 0.917457 0.022074
vt 0.923981 0.030894
vt 0.913068 0.011345
vt 0.918803 0.020819
vt 0.948383 0.069151
vt 0.942291 0.059539
vt 0.936334 0.049864
vt 0.930556 0.040094
vt 0.924983 0.030205
vt 0.913878 0.010483
vt 0.919583 0.020208
vt 0.948632 0.069023
vt 0.942748 0.059298
vt 0.936923 0.049540
vt 0.931187 0.039730
vt 0.925559 0.029857
vt 0.914306 0.010126
vt 0.920021 0.019933
vt 0.948766 0.068946
vt 0.942999 0.059154
vt 0.937257 0.049347
vt 0.931552 0.039519
vt 0.925893 0.029664
vt 0.914541 0.009975
vt 0.920272 0.019788
vt 0.943128 0.059079
vt 0.948835 0.068906
vt 0.937428 0.049248
vt 0.931739 0.039411
vt 0.926064 0.029566
vt 0.914675 0.009898
vt 0.920401 0.019714
vt 0.943175 0.059052
vt 0.948860 0.068891
vt 0.937491 0.049212
vt 0.931808 0.039371
vt 0.926127 0.029529
vt 0.914744 0.009858
vt 0.920448 0.019687
vt 0.954546 0.078731
vt 0.936228 0.061195
vt 0.930259 0.052334
vt 0.919814 0.034222
vt 0.915168 0.024558
vt 0.911192 0.013868
vt 0.909091 0.000000
vt 0.914769 0.009843
vt 0.914773 0.009841
vt 0.920455 0.019683
vt 0.926136 0.029524
vt 0.931818 0.039365
vt 0.937500 0.049207
vt 0.943182 0.059048
vt 0.948864 0.068889
vt 0.954546 0.078731
vt 0.614869 0.411933
vt 0.610755 0.403034
vt 0.613342 0.402768
vt 0.615087 0.421993
vt 0.612454 0.412470
vt 0.617275 0.421195
vt 0.618500 0.431650
vt 0.620444 0.430602
vt 0.622527 0.441488
vt 0.624227 0.440235
vt 0.626965 0.451563
vt 0.628327 0.450308
vt 0.631616 0.461899
vt 0.610529 0.412838
vt 0.608635 0.403215
vt 0.613416 0.422517
vt 0.617103 0.432288
vt 0.621401 0.442177
vt 0.626147 0.452174
vt 0.631184 0.462256
vt 0.608892 0.413072
vt 0.606750 0.403321
vt 0.612084 0.422841
vt 0.616083 0.432652
vt 0.620661 0.442525
vt 0.625661 0.452449
vt 0.630942 0.462407
vt 0.607353 0.413208
vt 0.604857 0.403365
vt 0.610935 0.423032
vt 0.615290 0.432863
vt 0.620147 0.442718
vt 0.625357 0.452594
vt 0.630802 0.462484
vt 0.605774 0.413279
vt 0.602664 0.403379
vt 0.609893 0.423131
vt 0.614653 0.432971
vt 0.619786 0.442816
vt 0.625172 0.452668
vt 0.630726 0.462524
vt 0.604065 0.413314
vt 0.599906 0.403404
vt 0.608910 0.423168
vt 0.614119 0.433011
vt 0.619527 0.442853
vt 0.625066 0.452695
vt 0.630693 0.462539
vt 0.616626 0.402405
vt 0.612806 0.393650
vt 0.620157 0.420049
vt 0.623106 0.429007
vt 0.626707 0.438160
vt 0.630603 0.447824
vt 0.632428 0.461037
vt 0.634302 0.458514
vt 0.636364 0.472382
vt 0.636364 0.472382
vt 0.636364 0.472382
vt 0.636364 0.472382
vt 0.630682 0.462541
vt 0.625000 0.452699
vt 0.619319 0.442858
vt 0.613637 0.433017
vt 0.607955 0.423175
vt 0.602273 0.413334
vt 0.596591 0.403493
vt 0.597552 0.393151
vt 0.590909 0.393651
vt 0.601188 0.393333
vt 0.603790 0.393472
vt 0.605903 0.393560
vt 0.607928 0.393613
vt 0.610145 0.393640
vt 0.723296 0.011345
vt 0.717562 0.020819
vt 0.722486 0.010483
vt 0.718908 0.022074
vt 0.712384 0.030894
vt 0.714029 0.032147
vt 0.706913 0.040732
vt 0.708728 0.041780
vt 0.701128 0.050389
vt 0.703038 0.051187
vt 0.694992 0.059911
vt 0.696764 0.060449
vt 0.688503 0.069343
vt 0.716781 0.020208
vt 0.722058 0.010126
vt 0.711381 0.030205
vt 0.705808 0.040094
vt 0.700031 0.049864
vt 0.694073 0.059539
vt 0.687981 0.069151
vt 0.716343 0.019933
vt 0.721823 0.009975
vt 0.710805 0.029857
vt 0.705177 0.039730
vt 0.699441 0.049540
vt 0.693616 0.059298
vt 0.687732 0.069023
vt 0.716093 0.019788
vt 0.721689 0.009898
vt 0.710471 0.029664
vt 0.704812 0.039519
vt 0.699107 0.049347
vt 0.693365 0.059154
vt 0.715964 0.019714
vt 0.721620 0.009858
vt 0.710300 0.029566
vt 0.704625 0.039411
vt 0.698936 0.049248
vt 0.693236 0.059079
vt 0.687598 0.068946
vt 0.715916 0.019687
vt 0.721595 0.009843
vt 0.710237 0.029529
vt 0.704556 0.039371
vt 0.698873 0.049212
vt 0.693189 0.059052
vt 0.687529 0.068906
vt 0.727273 0.000000
vt 0.721197 0.024558
vt 0.716551 0.034222
vt 0.711490 0.043375
vt 0.700136 0.061195
vt 0.689679 0.069615
vt 0.681819 0.078731
vt 0.681819 0.078731
vt 0.687504 0.068891
vt 0.687500 0.068889
vt 0.693182 0.059048
vt 0.698864 0.049207
vt 0.704546 0.039365
vt 0.710228 0.029524
vt 0.715909 0.019683
vt 0.721591 0.009841
vt 0.727273 0.000000
vt 0.117082 0.312792
vt 0.111698 0.319238
vt 0.108417 0.315958
vt 0.125651 0.310520
vt 0.118757 0.315853
vt 0.133524 0.308540
vt 0.126556 0.313297
vt 0.140369 0.306434
vt 0.134260 0.311086
vt 0.146003 0.304092
vt 0.141250 0.308816
vt 0.150283 0.301456
vt 0.147212 0.306266
vt 0.114511 0.321545
vt 0.120621 0.318136
vt 0.127783 0.315462
vt 0.135253 0.313132
vt 0.142363 0.310778
vt 0.151913 0.303248
vt 0.148673 0.308118
vt 0.116861 0.323343
vt 0.122425 0.319995
vt 0.129118 0.317298
vt 0.136377 0.314929
vt 0.143641 0.312561
vt 0.153800 0.304883
vt 0.150343 0.309870
vt 0.118949 0.324971
vt 0.130386 0.319076
vt 0.124074 0.321735
vt 0.137506 0.316728
vt 0.144994 0.314408
vt 0.155916 0.306526
vt 0.152180 0.311748
vt 0.120822 0.326598
vt 0.125525 0.323582
vt 0.131497 0.321037
vt 0.138508 0.318778
vt 0.146245 0.316587
vt 0.158313 0.308352
vt 0.154093 0.314060
vt 0.122447 0.328387
vt 0.126732 0.325754
vt 0.132380 0.323420
vt 0.139252 0.321330
vt 0.147173 0.319376
vt 0.161210 0.310708
vt 0.155831 0.317144
vt 0.106254 0.310785
vt 0.101819 0.321220
vt 0.116410 0.308515
vt 0.125351 0.306838
vt 0.139795 0.303386
vt 0.145149 0.301301
vt 0.149148 0.299147
vt 0.153086 0.298332
vt 0.155135 0.299515
vt 0.157363 0.300801
vt 0.159793 0.302204
vt 0.162569 0.303807
vt 0.166163 0.305882
vt 0.164635 0.314044
vt 0.171326 0.308857
vt 0.167019 0.319028
vt 0.156567 0.321369
vt 0.147488 0.323054
vt 0.139609 0.324631
vt 0.132955 0.326469
vt 0.127587 0.328545
vt 0.123582 0.330696
vt 0.121213 0.332417
vt 0.119644 0.331511
vt 0.117600 0.330331
vt 0.115387 0.329053
vt 0.112987 0.327668
vt 0.110265 0.326096
vt 0.106775 0.324081
vt 0.154375 0.136873
vt 0.156829 0.131708
vt 0.156727 0.137381
vt 0.154413 0.131788
vt 0.155614 0.125014
vt 0.153341 0.125575
vt 0.153222 0.117327
vt 0.151191 0.118275
vt 0.149815 0.108701
vt 0.148045 0.109932
vt 0.145682 0.099257
vt 0.144271 0.100522
vt 0.141125 0.089164
vt 0.159078 0.131998
vt 0.159064 0.138184
vt 0.157612 0.124848
vt 0.154893 0.116819
vt 0.151149 0.108014
vt 0.146640 0.098602
vt 0.141627 0.088772
vt 0.161334 0.132512
vt 0.161508 0.139174
vt 0.159532 0.124911
vt 0.156413 0.116549
vt 0.152280 0.107602
vt 0.147393 0.098220
vt 0.142004 0.088548
vt 0.163779 0.133106
vt 0.164232 0.140305
vt 0.161565 0.125018
vt 0.158000 0.116315
vt 0.153452 0.107228
vt 0.148175 0.097877
vt 0.142396 0.088348
vt 0.166641 0.133549
vt 0.167630 0.141583
vt 0.163892 0.124897
vt 0.159886 0.115911
vt 0.154972 0.106750
vt 0.149297 0.097474
vt 0.142997 0.088121
vt 0.170110 0.133452
vt 0.172110 0.142783
vt 0.166687 0.124233
vt 0.162310 0.115136
vt 0.157172 0.106047
vt 0.151183 0.096947
vt 0.144206 0.087839
vt 0.151815 0.137049
vt 0.151623 0.132475
vt 0.150596 0.126707
vt 0.148587 0.119868
vt 0.145585 0.112009
vt 0.141996 0.103009
vt 0.140287 0.090039
vt 0.138410 0.092563
vt 0.136365 0.078731
vt 0.136365 0.078731
vt 0.136365 0.078731
vt 0.147610 0.087460
vt 0.154617 0.096228
vt 0.160430 0.104999
vt 0.165511 0.113783
vt 0.170096 0.122648
vt 0.174172 0.131894
vt 0.177673 0.142069
vt 0.180737 0.156836
vt 0.592662 0.098256
vt 0.592867 0.112566
vt 0.588696 0.107171
vt 0.597435 0.105628
vt 0.597254 0.118624
vt 0.602414 0.113547
vt 0.601406 0.125157
vt 0.588863 0.119013
vt 0.584991 0.115127
vt 0.592878 0.123331
vt 0.596362 0.128069
vt 0.619946 0.146403
vt 0.607915 0.138920
vt 0.616251 0.138408
vt 0.610153 0.145432
vt 0.600350 0.139153
vt 0.601519 0.144599
vt 0.593675 0.138767
vt 0.604973 0.132029
vt 0.611955 0.130095
vt 0.598710 0.133463
vt 0.593258 0.133853
vt 0.579012 0.133907
vt 0.582607 0.140191
vt 0.578574 0.138339
vt 0.580046 0.128494
vt 0.583071 0.135743
vt 0.581993 0.122209
vt 0.583986 0.130631
vt 0.587752 0.142037
vt 0.587932 0.137520
vt 0.585813 0.125013
vt 0.588404 0.132664
vt 0.607314 0.121746
vt 0.594053 0.143560
vt 0.593675 0.138767
vt 0.585813 0.125013
vt 0.581993 0.122209
vt 0.589808 0.127862
vt 0.593014 0.130003
vt 0.588864 0.092563
vt 0.596591 0.088572
vt 0.602273 0.098413
vt 0.607955 0.108254
vt 0.585278 0.103009
vt 0.578687 0.119868
vt 0.630682 0.147620
vt 0.621564 0.153354
vt 0.611113 0.151013
vt 0.602033 0.149328
vt 0.594053 0.143560
vt 0.625000 0.137778
vt 0.619319 0.127937
vt 0.613637 0.118096
vt 0.575459 0.137049
vt 0.578127 0.141686
vt 0.576678 0.126707
vt 0.578687 0.119868
vt 0.594154 0.147751
vt 0.687995 0.106040
vt 0.676334 0.105236
vt 0.682292 0.097570
vt 0.693198 0.114040
vt 0.681976 0.111991
vt 0.697961 0.121897
vt 0.687150 0.118674
vt 0.670825 0.113420
vt 0.676615 0.118520
vt 0.691643 0.125545
vt 0.681832 0.123547
vt 0.700423 0.148958
vt 0.706484 0.138459
vt 0.710253 0.147634
vt 0.690991 0.149637
vt 0.698233 0.140694
vt 0.681819 0.149858
vt 0.689996 0.142073
vt 0.702356 0.129952
vt 0.695308 0.132872
vt 0.681818 0.135964
vt 0.688440 0.135041
vt 0.656576 0.139458
vt 0.663102 0.149155
vt 0.652916 0.148452
vt 0.660909 0.130596
vt 0.665247 0.140968
vt 0.665676 0.121897
vt 0.668221 0.133060
vt 0.672632 0.149661
vt 0.673621 0.142107
vt 0.671994 0.125545
vt 0.675183 0.135064
vt 0.691643 0.125545
vt 0.697962 0.121897
vt 0.685929 0.128844
vt 0.681819 0.142562
vt 0.665676 0.121897
vt 0.671994 0.125545
vt 0.681819 0.131218
vt 0.677708 0.128844
vt 0.689494 0.091534
vt 0.676137 0.088572
vt 0.694849 0.101153
vt 0.699783 0.109827
vt 0.704546 0.118096
vt 0.670455 0.098413
vt 0.664773 0.108254
vt 0.659091 0.118096
vt 0.712255 0.157461
vt 0.719764 0.144455
vt 0.691357 0.157461
vt 0.681819 0.157461
vt 0.714292 0.134976
vt 0.709315 0.126357
vt 0.704546 0.118096
vt 0.642046 0.147620
vt 0.647728 0.137778
vt 0.653410 0.127937
vt 0.659091 0.118096
vt 0.708828 0.087331
vt 0.702641 0.097741
vt 0.698981 0.088627
vt 0.718222 0.086626
vt 0.710901 0.095521
vt 0.727340 0.086372
vt 0.719131 0.094139
vt 0.706740 0.106241
vt 0.713789 0.103323
vt 0.727293 0.093641
vt 0.720656 0.101153
vt 0.751934 0.097724
vt 0.745890 0.087247
vt 0.755708 0.088558
vt 0.747810 0.106239
vt 0.743690 0.095499
vt 0.743416 0.114294
vt 0.740763 0.103320
vt 0.735459 0.094124
vt 0.736474 0.086572
vt 0.733896 0.101151
vt 0.731384 0.107347
vt 0.721212 0.129956
vt 0.733335 0.129956
vt 0.727273 0.137808
vt 0.715908 0.122127
vt 0.727273 0.123928
vt 0.717448 0.110646
vt 0.721961 0.117484
vt 0.738638 0.122127
vt 0.732585 0.117484
vt 0.723162 0.107347
vt 0.727273 0.112621
vt 0.727293 0.093641
vt 0.727340 0.086372
vt 0.727276 0.100228
vt 0.743416 0.114294
vt 0.737098 0.110646
vt 0.711130 0.114294
vt 0.717448 0.110646
vt 0.727273 0.104974
vt 0.697452 0.079231
vt 0.689494 0.091534
vt 0.708255 0.079049
vt 0.718035 0.078910
vt 0.694849 0.101153
vt 0.765090 0.091515
vt 0.757840 0.078954
vt 0.759707 0.101147
vt 0.754765 0.109826
vt 0.750000 0.118096
vt 0.746824 0.078810
vt 0.736883 0.078777
vt 0.727431 0.078822
vt 0.719764 0.144455
vt 0.734782 0.144455
vt 0.714292 0.134976
vt 0.709315 0.126357
vt 0.711130 0.114294
vt 0.740254 0.134976
vt 0.745231 0.126357
vt 0.778212 0.105236
vt 0.766553 0.106039
vt 0.772256 0.097568
vt 0.783721 0.113420
vt 0.772570 0.111991
vt 0.788870 0.121897
vt 0.777931 0.118520
vt 0.761349 0.114040
vt 0.767396 0.118674
vt 0.782552 0.125545
vt 0.772714 0.123547
vt 0.791445 0.149155
vt 0.797970 0.139458
vt 0.801633 0.148450
vt 0.780925 0.142107
vt 0.789300 0.140968
vt 0.781914 0.149661
vt 0.772728 0.142562
vt 0.786325 0.133060
vt 0.793637 0.130596
vt 0.779363 0.135064
vt 0.772728 0.135964
vt 0.748062 0.138459
vt 0.754124 0.148958
vt 0.744293 0.147634
vt 0.752190 0.129952
vt 0.756314 0.140694
vt 0.756585 0.121897
vt 0.759238 0.132872
vt 0.763555 0.149636
vt 0.764550 0.142073
vt 0.768617 0.128844
vt 0.766105 0.135041
vt 0.782552 0.125545
vt 0.788870 0.121897
vt 0.776838 0.128844
vt 0.772728 0.149858
vt 0.772728 0.142562
vt 0.756585 0.121897
vt 0.762903 0.125545
vt 0.772727 0.131218
vt 0.778409 0.088572
vt 0.784091 0.098413
vt 0.789773 0.108254
vt 0.795455 0.118096
vt 0.754765 0.109826
vt 0.750000 0.118096
vt 0.803294 0.157687
vt 0.812500 0.147620
vt 0.782271 0.157470
vt 0.772728 0.157461
vt 0.806818 0.137778
vt 0.801137 0.127937
vt 0.795455 0.118096
vt 0.742291 0.157461
vt 0.740254 0.134976
vt 0.745231 0.126357
vt 0.753236 0.157461
vt 0.763189 0.157461
vt 0.869812 0.106039
vt 0.858152 0.105236
vt 0.864108 0.097568
vt 0.875016 0.114040
vt 0.863794 0.111991
vt 0.879779 0.121897
vt 0.868968 0.118674
vt 0.852643 0.113420
vt 0.858433 0.118520
vt 0.873461 0.125545
vt 0.863650 0.123547
vt 0.882241 0.148958
vt 0.888302 0.138459
vt 0.892071 0.147634
vt 0.872809 0.149637
vt 0.880051 0.140694
vt 0.863637 0.149858
vt 0.871814 0.142073
vt 0.884174 0.129952
vt 0.877126 0.132872
vt 0.863637 0.142562
vt 0.870258 0.135041
vt 0.838394 0.139458
vt 0.844919 0.149155
vt 0.834731 0.148450
vt 0.850039 0.133060
vt 0.847065 0.140968
vt 0.842727 0.130596
vt 0.853812 0.125545
vt 0.855439 0.142107
vt 0.854450 0.149661
vt 0.857001 0.135064
vt 0.859526 0.128844
vt 0.879779 0.121897
vt 0.873461 0.125545
vt 0.863637 0.142562
vt 0.863637 0.149858
vt 0.863636 0.135964
vt 0.847494 0.121897
vt 0.853812 0.125545
vt 0.863636 0.131218
vt 0.867747 0.128844
vt 0.871274 0.091515
vt 0.857955 0.088572
vt 0.876657 0.101147
vt 0.881599 0.109826
vt 0.852273 0.098413
vt 0.846591 0.108254
vt 0.840909 0.118096
vt 0.894073 0.157461
vt 0.901582 0.144455
vt 0.883128 0.157461
vt 0.873175 0.157461
vt 0.863637 0.157461
vt 0.896110 0.134976
vt 0.891133 0.126357
vt 0.886364 0.118096
vt 0.823864 0.147620
vt 0.833070 0.157687
vt 0.829546 0.137778
vt 0.835228 0.127937
vt 0.847494 0.121897
vt 0.844105 0.157529
vt 0.890474 0.087247
vt 0.884430 0.097724
vt 0.880656 0.088558
vt 0.899890 0.086572
vt 0.892674 0.095499
vt 0.909071 0.093641
vt 0.900905 0.094124
vt 0.888554 0.106239
vt 0.895601 0.103320
vt 0.909089 0.100228
vt 0.902468 0.101151
vt 0.933723 0.097741
vt 0.927536 0.087331
vt 0.937383 0.088627
vt 0.929624 0.106241
vt 0.925463 0.095521
vt 0.925234 0.114294
vt 0.922575 0.103323
vt 0.918142 0.086626
vt 0.917233 0.094139
vt 0.918916 0.110646
vt 0.915709 0.101153
vt 0.903030 0.129956
vt 0.915153 0.129956
vt 0.909091 0.137808
vt 0.897726 0.122127
vt 0.909091 0.123928
vt 0.892948 0.114294
vt 0.903779 0.117484
vt 0.920456 0.122127
vt 0.914403 0.117484
vt 0.904980 0.107347
vt 0.909091 0.112621
vt 0.909024 0.086372
vt 0.909071 0.093641
vt 0.925234 0.114294
vt 0.913202 0.107347
vt 0.892948 0.114294
vt 0.899266 0.110646
vt 0.909091 0.104974
vt 0.889540 0.078810
vt 0.899481 0.078777
vt 0.909025 0.086372
vt 0.876657 0.101147
vt 0.886364 0.118096
vt 0.946870 0.091534
vt 0.938912 0.079231
vt 0.941515 0.101153
vt 0.936581 0.109827
vt 0.931818 0.118096
vt 0.928109 0.079049
vt 0.918329 0.078910
vt 0.908933 0.078822
vt 0.901582 0.144455
vt 0.916600 0.144455
vt 0.896110 0.134976
vt 0.891133 0.126357
vt 0.922073 0.134976
vt 0.927049 0.126357
vt 0.931818 0.118096
vt 0.960030 0.105236
vt 0.948369 0.106040
vt 0.954072 0.097570
vt 0.965539 0.113420
vt 0.954388 0.111991
vt 0.970688 0.121897
vt 0.959749 0.118520
vt 0.943166 0.114040
vt 0.949214 0.118674
vt 0.964370 0.125545
vt 0.954532 0.123547
vt 0.973268 0.149146
vt 0.979788 0.139458
vt 0.983461 0.148432
vt 0.963733 0.149660
vt 0.971118 0.140968
vt 0.954546 0.149858
vt 0.962743 0.142107
vt 0.975455 0.130596
vt 0.968143 0.133060
vt 0.954546 0.142562
vt 0.961181 0.135064
vt 0.929880 0.138459
vt 0.935942 0.148958
vt 0.926111 0.147634
vt 0.934008 0.129952
vt 0.938131 0.140694
vt 0.944721 0.125545
vt 0.941056 0.132872
vt 0.945373 0.149636
vt 0.947923 0.135041
vt 0.946368 0.142073
vt 0.950435 0.128844
vt 0.970688 0.121897
vt 0.964370 0.125545
vt 0.954546 0.142562
vt 0.954546 0.149858
vt 0.954545 0.135964
vt 0.938403 0.121897
vt 0.954546 0.131218
vt 0.958656 0.128844
vt 0.960227 0.088572
vt 0.965909 0.098413
vt 0.971591 0.108254
vt 0.977273 0.118096
vt 0.936581 0.109827
vt 0.931818 0.118096
vt 0.985243 0.157461
vt 0.994318 0.147620
vt 0.974116 0.157461
vt 0.964094 0.157461
vt 0.954546 0.157461
vt 0.988636 0.137778
vt 0.982955 0.127937
vt 0.977273 0.118096
vt 0.916600 0.144455
vt 0.924110 0.157461
vt 0.922072 0.134976
vt 0.927049 0.126357
vt 0.954546 0.157461
vt 0.154361 0.294342
vt 0.156746 0.289221
vt 0.156722 0.294851
vt 0.154298 0.289315
vt 0.155324 0.282645
vt 0.152952 0.283260
vt 0.152529 0.275189
vt 0.150267 0.276269
vt 0.148471 0.266938
vt 0.146227 0.268442
vt 0.143427 0.258019
vt 0.141036 0.259856
vt 0.137752 0.248572
vt 0.159047 0.289494
vt 0.159078 0.295659
vt 0.157466 0.282404
vt 0.154527 0.274497
vt 0.150441 0.265886
vt 0.145497 0.256722
vt 0.140013 0.247164
vt 0.161371 0.289994
vt 0.161556 0.296661
vt 0.159556 0.282385
vt 0.156426 0.274017
vt 0.152285 0.265066
vt 0.147395 0.255681
vt 0.142005 0.246008
vt 0.163897 0.290581
vt 0.164333 0.297816
vt 0.161767 0.282415
vt 0.158395 0.273575
vt 0.154173 0.264284
vt 0.149321 0.254679
vt 0.144011 0.244876
vt 0.166849 0.291029
vt 0.167821 0.299141
vt 0.164257 0.282229
vt 0.160617 0.272992
vt 0.156333 0.263443
vt 0.151557 0.253635
vt 0.146371 0.243635
vt 0.170406 0.290949
vt 0.172436 0.300415
vt 0.167171 0.281523
vt 0.163280 0.272090
vt 0.159009 0.262469
vt 0.154418 0.252547
vt 0.149480 0.242256
vt 0.151497 0.290008
vt 0.150170 0.284413
vt 0.138303 0.262647
vt 0.135001 0.250563
vt 0.131897 0.253932
vt 0.128758 0.240583
vt 0.131920 0.238757
vt 0.134317 0.237373
vt 0.136365 0.236191
vt 0.138412 0.235009
vt 0.140809 0.233625
vt 0.143971 0.231799
vt 0.153958 0.241254
vt 0.158267 0.251589
vt 0.162454 0.261316
vt 0.166573 0.270690
vt 0.170628 0.279923
vt 0.174508 0.289402
vt 0.178103 0.299760
vt 0.181819 0.314921
vt 0.624984 0.338930
vt 0.622214 0.330799
vt 0.626696 0.329599
vt 0.622339 0.348149
vt 0.621498 0.338834
vt 0.619480 0.357246
vt 0.619490 0.347485
vt 0.616863 0.366335
vt 0.616926 0.356471
vt 0.614743 0.375434
vt 0.614385 0.365632
vt 0.613323 0.384541
vt 0.612213 0.374907
vt 0.618812 0.332077
vt 0.618600 0.339276
vt 0.617039 0.347364
vt 0.614748 0.356067
vt 0.612292 0.365153
vt 0.610703 0.384256
vt 0.610085 0.374501
vt 0.616082 0.333208
vt 0.616106 0.339870
vt 0.614843 0.347471
vt 0.612773 0.355833
vt 0.610377 0.364779
vt 0.608505 0.384018
vt 0.608123 0.374151
vt 0.613631 0.334198
vt 0.613797 0.340384
vt 0.612745 0.347534
vt 0.610830 0.355563
vt 0.608439 0.364366
vt 0.606477 0.383796
vt 0.606092 0.373760
vt 0.611288 0.335001
vt 0.611496 0.340674
vt 0.610571 0.347368
vt 0.608744 0.355055
vt 0.606297 0.363678
vt 0.604347 0.383539
vt 0.603758 0.373101
vt 0.608929 0.335509
vt 0.609033 0.340594
vt 0.608142 0.346807
vt 0.606341 0.354107
vt 0.603780 0.362448
vt 0.601768 0.383120
vt 0.600917 0.371843
vt 0.632258 0.330313
vt 0.629033 0.340488
vt 0.625707 0.349734
vt 0.619936 0.367382
vt 0.617912 0.376148
vt 0.616617 0.384903
vt 0.598399 0.382255
vt 0.594139 0.379795
vt 0.597478 0.369368
vt 0.600731 0.360372
vt 0.603448 0.352514
vt 0.605274 0.345675
vt 0.606208 0.339907
vt 0.606365 0.335333
vt 0.624951 0.181433
vt 0.622366 0.173241
vt 0.626981 0.171967
vt 0.621716 0.190859
vt 0.621394 0.181353
vt 0.617825 0.200292
vt 0.618802 0.190153
vt 0.613554 0.209913
vt 0.615162 0.199390
vt 0.608963 0.219835
vt 0.610878 0.208939
vt 0.604025 0.230126
vt 0.606102 0.218747
vt 0.618878 0.174566
vt 0.618442 0.181801
vt 0.616313 0.189967
vt 0.612940 0.198807
vt 0.608718 0.208098
vt 0.600916 0.228747
vt 0.603866 0.217703
vt 0.616101 0.175721
vt 0.615916 0.182388
vt 0.614102 0.189997
vt 0.610971 0.198365
vt 0.606830 0.207317
vt 0.598556 0.227506
vt 0.601940 0.216701
vt 0.613623 0.176723
vt 0.613592 0.182888
vt 0.612011 0.189978
vt 0.609072 0.197886
vt 0.604986 0.206496
vt 0.596550 0.226374
vt 0.600042 0.215660
vt 0.611268 0.177531
vt 0.611292 0.183161
vt 0.609869 0.189737
vt 0.607074 0.197193
vt 0.603016 0.205444
vt 0.594558 0.225218
vt 0.597972 0.214363
vt 0.608906 0.178040
vt 0.608843 0.183067
vt 0.607497 0.189122
vt 0.604813 0.196113
vt 0.600772 0.203940
vt 0.592297 0.223810
vt 0.595581 0.212526
vt 0.632648 0.172622
vt 0.629053 0.182980
vt 0.625173 0.192459
vt 0.621118 0.201692
vt 0.616999 0.211066
vt 0.612812 0.220793
vt 0.608503 0.231128
vt 0.589546 0.221819
vt 0.586442 0.218450
vt 0.592848 0.209736
vt 0.598122 0.201748
vt 0.602122 0.194471
vt 0.604715 0.187969
vt 0.606042 0.182374
vt 0.606344 0.177864
vt 0.134612 0.098256
vt 0.134407 0.112566
vt 0.129839 0.105628
vt 0.138578 0.107171
vt 0.138411 0.119013
vt 0.142283 0.115127
vt 0.141461 0.125013
vt 0.130020 0.118624
vt 0.124860 0.113547
vt 0.134396 0.123331
vt 0.137466 0.127862
vt 0.144667 0.140191
vt 0.148263 0.133907
vt 0.148700 0.138339
vt 0.139522 0.142037
vt 0.144203 0.135743
vt 0.133221 0.143560
vt 0.139342 0.137520
vt 0.147228 0.128494
vt 0.143288 0.130631
vt 0.133599 0.138767
vt 0.138870 0.132664
vt 0.107328 0.146403
vt 0.119359 0.138920
vt 0.117121 0.145432
vt 0.111023 0.138408
vt 0.122302 0.132029
vt 0.115320 0.130095
vt 0.125868 0.125157
vt 0.126924 0.139153
vt 0.125755 0.144599
vt 0.128564 0.133463
vt 0.130911 0.128069
vt 0.145282 0.122209
vt 0.141461 0.125013
vt 0.133599 0.138767
vt 0.133221 0.143560
vt 0.134016 0.133853
vt 0.119960 0.121746
vt 0.134260 0.130003
vt 0.130683 0.088572
vt 0.138410 0.092563
vt 0.141996 0.103009
vt 0.145282 0.122209
vt 0.125001 0.098413
vt 0.119319 0.108254
vt 0.113637 0.118096
vt 0.149147 0.141686
vt 0.151815 0.137049
vt 0.145142 0.143837
vt 0.139774 0.145913
vt 0.151623 0.132475
vt 0.148587 0.119868
vt 0.105710 0.153354
vt 0.096592 0.147620
vt 0.102274 0.137778
vt 0.107955 0.127937
vt 0.119960 0.121746
vt 0.116161 0.151013
vt 0.125241 0.149328
vt 0.133120 0.147751
vt 0.123249 0.230126
vt 0.121172 0.218747
vt 0.126358 0.228747
vt 0.118311 0.219835
vt 0.116396 0.208939
vt 0.113720 0.209913
vt 0.112112 0.199390
vt 0.109449 0.200292
vt 0.108472 0.190153
vt 0.105559 0.190858
vt 0.105880 0.181353
vt 0.102329 0.181424
vt 0.104908 0.173241
vt 0.123408 0.217703
vt 0.128718 0.227506
vt 0.118556 0.208098
vt 0.114334 0.198807
vt 0.110961 0.189967
vt 0.108832 0.181801
vt 0.108396 0.174566
vt 0.125334 0.216701
vt 0.130724 0.226374
vt 0.120444 0.207317
vt 0.116303 0.198365
vt 0.113173 0.189997
vt 0.111358 0.182388
vt 0.111173 0.175721
vt 0.127232 0.215660
vt 0.132716 0.225218
vt 0.122288 0.206496
vt 0.118202 0.197886
vt 0.115263 0.189978
vt 0.113682 0.182888
vt 0.113651 0.176723
vt 0.129302 0.214363
vt 0.134977 0.223810
vt 0.124258 0.205444
vt 0.120200 0.197193
vt 0.117405 0.189737
vt 0.115983 0.183161
vt 0.116007 0.177531
vt 0.131693 0.212526
vt 0.137728 0.221819
vt 0.126502 0.203940
vt 0.122462 0.196113
vt 0.119777 0.189122
vt 0.118431 0.183067
vt 0.118368 0.178040
vt 0.118771 0.231128
vt 0.114462 0.220793
vt 0.110275 0.211066
vt 0.106156 0.201692
vt 0.098271 0.182906
vt 0.100306 0.171947
vt 0.094793 0.172376
vt 0.120930 0.177864
vt 0.121232 0.182374
vt 0.122559 0.187969
vt 0.125152 0.194471
vt 0.129152 0.201748
vt 0.134426 0.209736
vt 0.140832 0.218450
vt 0.149092 0.228843
vt 0.113951 0.384541
vt 0.115061 0.374907
vt 0.116571 0.384256
vt 0.112531 0.375434
vt 0.112889 0.365632
vt 0.110411 0.366335
vt 0.110348 0.356471
vt 0.107794 0.357247
vt 0.107784 0.347486
vt 0.104934 0.348149
vt 0.105776 0.338834
vt 0.102290 0.338930
vt 0.105060 0.330799
vt 0.117189 0.374501
vt 0.118769 0.384018
vt 0.114982 0.365153
vt 0.112526 0.356067
vt 0.110234 0.347364
vt 0.108674 0.339276
vt 0.108462 0.332077
vt 0.119151 0.374151
vt 0.120797 0.383796
vt 0.116896 0.364779
vt 0.114500 0.355833
vt 0.112431 0.347471
vt 0.111167 0.339870
vt 0.111192 0.333208
vt 0.121182 0.373760
vt 0.122927 0.383539
vt 0.118835 0.364365
vt 0.116444 0.355563
vt 0.114529 0.347534
vt 0.113477 0.340384
vt 0.113643 0.334198
vt 0.123516 0.373101
vt 0.125506 0.383121
vt 0.120977 0.363678
vt 0.118530 0.355055
vt 0.116703 0.347368
vt 0.115778 0.340674
vt 0.115986 0.335001
vt 0.126357 0.371843
vt 0.128875 0.382255
vt 0.123494 0.362448
vt 0.120933 0.354107
vt 0.119132 0.346807
vt 0.118240 0.340594
vt 0.118344 0.335509
vt 0.111112 0.393652
vt 0.110656 0.384903
vt 0.109362 0.376148
vt 0.107338 0.367382
vt 0.101567 0.349734
vt 0.098241 0.340488
vt 0.100578 0.329599
vt 0.095016 0.330312
vt 0.120909 0.335333
vt 0.121066 0.339907
vt 0.121999 0.345675
vt 0.123826 0.352514
vt 0.126543 0.360372
vt 0.129796 0.369368
vt 0.133135 0.379795
vt 0.136365 0.393651
vt 0.181819 0.018058
vt 0.181819 0.032987
vt 0.176226 0.026318
vt 0.187412 0.026318
vt 0.187042 0.039755
vt 0.192826 0.034666
vt 0.191644 0.046815
vt 0.176596 0.039755
vt 0.170812 0.034666
vt 0.181819 0.044793
vt 0.185930 0.050114
vt 0.200545 0.070419
vt 0.207062 0.060728
vt 0.210725 0.069719
vt 0.191034 0.070914
vt 0.198393 0.062236
vt 0.181886 0.071089
vt 0.190025 0.063371
vt 0.202728 0.051865
vt 0.195417 0.054329
vt 0.181839 0.063820
vt 0.188456 0.056333
vt 0.153043 0.069633
vt 0.165289 0.062213
vt 0.163260 0.070327
vt 0.160913 0.051863
vt 0.156604 0.060712
vt 0.165676 0.043167
vt 0.168226 0.054326
vt 0.173657 0.063356
vt 0.172754 0.070860
vt 0.175188 0.056331
vt 0.171994 0.046815
vt 0.197962 0.043167
vt 0.181839 0.063820
vt 0.181821 0.057233
vt 0.165676 0.043167
vt 0.177708 0.050114
vt 0.181819 0.052487
vt 0.181819 0.000000
vt 0.176137 0.009841
vt 0.187501 0.009841
vt 0.193183 0.019683
vt 0.198864 0.029524
vt 0.197962 0.043167
vt 0.170455 0.019683
vt 0.164774 0.029524
vt 0.159092 0.039365
vt 0.212386 0.078951
vt 0.221592 0.068889
vt 0.227273 0.078731
vt 0.201370 0.078787
vt 0.191429 0.078701
vt 0.181977 0.078639
vt 0.215910 0.059048
vt 0.210228 0.049207
vt 0.204546 0.039365
vt 0.151864 0.078453
vt 0.142046 0.068889
vt 0.153410 0.049207
vt 0.147728 0.059048
vt 0.162761 0.078480
vt 0.172576 0.078560
vt 0.181977 0.078639
vt 0.292940 0.139458
vt 0.299465 0.149155
vt 0.289277 0.148450
vt 0.304585 0.133060
vt 0.301611 0.140968
vt 0.297273 0.130596
vt 0.308358 0.125545
vt 0.309985 0.142107
vt 0.308996 0.149661
vt 0.311547 0.135064
vt 0.314072 0.128844
vt 0.324358 0.106039
vt 0.312698 0.105236
vt 0.318654 0.097568
vt 0.329562 0.114040
vt 0.318340 0.111991
vt 0.334325 0.121897
vt 0.323514 0.118674
vt 0.307189 0.113420
vt 0.312979 0.118520
vt 0.328007 0.125545
vt 0.318196 0.123547
vt 0.336787 0.148958
vt 0.342848 0.138459
vt 0.346617 0.147634
vt 0.327355 0.149637
vt 0.334597 0.140694
vt 0.318182 0.149858
vt 0.326360 0.142073
vt 0.338720 0.129952
vt 0.331672 0.132872
vt 0.318183 0.142562
vt 0.324804 0.135041
vt 0.302040 0.121897
vt 0.308358 0.125545
vt 0.334325 0.121897
vt 0.322293 0.128844
vt 0.318183 0.142562
vt 0.318183 0.149858
vt 0.318182 0.135964
vt 0.318182 0.131218
vt 0.278410 0.147620
vt 0.287616 0.157687
vt 0.272728 0.157461
vt 0.284092 0.137778
vt 0.289773 0.127937
vt 0.302040 0.121897
vt 0.298651 0.157529
vt 0.308639 0.157470
vt 0.318182 0.157461
vt 0.325820 0.091515
vt 0.312501 0.088572
vt 0.318182 0.078731
vt 0.331203 0.101147
vt 0.336145 0.109826
vt 0.340910 0.118096
vt 0.306819 0.098413
vt 0.301137 0.108254
vt 0.295455 0.118096
vt 0.348619 0.157461
vt 0.356128 0.144455
vt 0.363637 0.157461
vt 0.337674 0.157461
vt 0.327721 0.157461
vt 0.350656 0.134976
vt 0.345679 0.126357
vt 0.340910 0.118096
vt 0.545455 0.018058
vt 0.545455 0.032987
vt 0.539862 0.026318
vt 0.551048 0.026318
vt 0.550678 0.039755
vt 0.556462 0.034666
vt 0.555280 0.046815
vt 0.540232 0.039755
vt 0.534448 0.034666
vt 0.545455 0.044793
vt 0.549566 0.050114
vt 0.574231 0.069633
vt 0.561985 0.062213
vt 0.570670 0.060712
vt 0.564014 0.070327
vt 0.553617 0.063356
vt 0.554520 0.070860
vt 0.545435 0.063820
vt 0.566361 0.051863
vt 0.552086 0.056331
vt 0.559048 0.054326
vt 0.545452 0.057233
vt 0.520212 0.060728
vt 0.526729 0.070419
vt 0.516549 0.069719
vt 0.524546 0.051865
vt 0.528881 0.062236
vt 0.529312 0.043167
vt 0.531857 0.054329
vt 0.536240 0.070914
vt 0.537250 0.063371
vt 0.535630 0.046815
vt 0.538818 0.056333
vt 0.561598 0.043167
vt 0.555280 0.046815
vt 0.545388 0.071089
vt 0.545435 0.063820
vt 0.535630 0.046815
vt 0.529312 0.043167
vt 0.541344 0.050114
vt 0.545455 0.052487
vt 0.545455 0.000000
vt 0.539773 0.009841
vt 0.551137 0.009841
vt 0.556819 0.019683
vt 0.562500 0.029524
vt 0.561598 0.043167
vt 0.534091 0.019683
vt 0.528410 0.029524
vt 0.522728 0.039365
vt 0.585228 0.068889
vt 0.575410 0.078453
vt 0.564513 0.078480
vt 0.554698 0.078560
vt 0.579546 0.059048
vt 0.573864 0.049207
vt 0.568182 0.039365
vt 0.505682 0.068889
vt 0.514888 0.078951
vt 0.500000 0.078731
vt 0.511364 0.059048
vt 0.517046 0.049207
vt 0.525904 0.078787
vt 0.535845 0.078701
vt 0.545297 0.078639
vt 0.299574 0.165972
vt 0.293517 0.176463
vt 0.289738 0.167306
vt 0.310005 0.172849
vt 0.301768 0.174228
vt 0.309009 0.165287
vt 0.318183 0.172360
vt 0.304693 0.182050
vt 0.297645 0.184970
vt 0.311560 0.179881
vt 0.318182 0.178957
vt 0.342848 0.176463
vt 0.336787 0.165964
vt 0.346617 0.167288
vt 0.338720 0.184970
vt 0.334597 0.174228
vt 0.328007 0.189377
vt 0.331672 0.182050
vt 0.327355 0.165285
vt 0.326360 0.172849
vt 0.322293 0.186078
vt 0.324805 0.179881
vt 0.312121 0.208686
vt 0.324244 0.208686
vt 0.318183 0.216538
vt 0.306818 0.200858
vt 0.318183 0.202658
vt 0.302040 0.193025
vt 0.312871 0.196214
vt 0.329547 0.200857
vt 0.323494 0.196214
vt 0.308358 0.189377
vt 0.318183 0.191351
vt 0.318183 0.165064
vt 0.318183 0.172360
vt 0.334325 0.193025
vt 0.308358 0.189377
vt 0.302040 0.193025
vt 0.314072 0.186078
vt 0.318182 0.183704
vt 0.287616 0.157687
vt 0.280235 0.170472
vt 0.298651 0.157529
vt 0.285709 0.179946
vt 0.290686 0.188565
vt 0.295455 0.196826
vt 0.356128 0.170467
vt 0.348619 0.157461
vt 0.350656 0.179946
vt 0.345679 0.188565
vt 0.334325 0.193025
vt 0.327721 0.157461
vt 0.318182 0.157461
vt 0.310673 0.223185
vt 0.325692 0.223185
vt 0.318183 0.236191
vt 0.305201 0.213707
vt 0.300225 0.205087
vt 0.331164 0.213706
vt 0.336140 0.205087
vt 0.340910 0.196826
vt 0.128068 0.174721
vt 0.124582 0.180947
vt 0.124043 0.176574
vt 0.133196 0.172869
vt 0.128615 0.179122
vt 0.139468 0.171331
vt 0.133441 0.177351
vt 0.125892 0.186202
vt 0.129753 0.184107
vt 0.139152 0.176098
vt 0.134080 0.182116
vt 0.164636 0.169299
vt 0.153187 0.176197
vt 0.155327 0.169609
vt 0.161075 0.177521
vt 0.150570 0.182894
vt 0.153717 0.192650
vt 0.157363 0.185314
vt 0.145783 0.175726
vt 0.146874 0.170291
vt 0.144338 0.181325
vt 0.142315 0.186537
vt 0.143752 0.212881
vt 0.140788 0.200748
vt 0.146810 0.206373
vt 0.137479 0.205699
vt 0.135744 0.195060
vt 0.132282 0.198717
vt 0.132003 0.189480
vt 0.144241 0.195279
vt 0.150162 0.199632
vt 0.139272 0.191020
vt 0.135775 0.186753
vt 0.139152 0.176098
vt 0.138880 0.180941
vt 0.147582 0.189328
vt 0.128376 0.192176
vt 0.138828 0.184689
vt 0.120930 0.177864
vt 0.121232 0.182374
vt 0.122559 0.187969
vt 0.125152 0.194471
vt 0.166475 0.161597
vt 0.173938 0.170939
vt 0.168784 0.180293
vt 0.160208 0.196304
vt 0.164250 0.188568
vt 0.156319 0.163867
vt 0.147378 0.165544
vt 0.150923 0.219265
vt 0.153486 0.211377
vt 0.156607 0.203825
vt 0.481398 0.165969
vt 0.475336 0.176463
vt 0.471556 0.167305
vt 0.491839 0.172840
vt 0.483591 0.174225
vt 0.490847 0.165275
vt 0.500038 0.172338
vt 0.486515 0.182048
vt 0.479464 0.184970
vt 0.493390 0.179874
vt 0.500027 0.178942
vt 0.524846 0.176360
vt 0.518783 0.165859
vt 0.528745 0.167109
vt 0.520633 0.184915
vt 0.516537 0.174157
vt 0.516191 0.192997
vt 0.513562 0.182008
vt 0.509268 0.165231
vt 0.508250 0.172808
vt 0.509863 0.189355
vt 0.506670 0.179854
vt 0.493940 0.208686
vt 0.506068 0.208683
vt 0.500001 0.216537
vt 0.488636 0.200857
vt 0.500005 0.202655
vt 0.483858 0.193024
vt 0.494692 0.196212
vt 0.511385 0.200846
vt 0.505329 0.196205
vt 0.490179 0.189375
vt 0.500012 0.191344
vt 0.500048 0.165037
vt 0.500038 0.172338
vt 0.509863 0.189355
vt 0.516191 0.192997
vt 0.504138 0.186062
vt 0.483858 0.193024
vt 0.495899 0.186072
vt 0.500020 0.183693
vt 0.469435 0.157687
vt 0.462053 0.170472
vt 0.454546 0.157461
vt 0.480476 0.157526
vt 0.490479 0.157457
vt 0.500048 0.165037
vt 0.467527 0.179946
vt 0.472504 0.188565
vt 0.477273 0.196826
vt 0.538359 0.170270
vt 0.530814 0.157202
vt 0.532683 0.179836
vt 0.527602 0.188506
vt 0.522779 0.196796
vt 0.519692 0.157334
vt 0.509643 0.157400
vt 0.500052 0.157431
vt 0.492491 0.223185
vt 0.507511 0.223184
vt 0.500001 0.236191
vt 0.487019 0.213707
vt 0.482043 0.205087
vt 0.512988 0.213703
vt 0.517980 0.205074
vt 0.522779 0.196796
vt 0.278790 0.184966
vt 0.266666 0.184966
vt 0.272728 0.177114
vt 0.278040 0.197438
vt 0.272728 0.190994
vt 0.284093 0.192795
vt 0.282553 0.204275
vt 0.267416 0.197438
vt 0.261363 0.192795
vt 0.272728 0.202301
vt 0.276839 0.207574
vt 0.291332 0.227688
vt 0.297394 0.217189
vt 0.301162 0.226364
vt 0.281901 0.228367
vt 0.289142 0.219424
vt 0.272728 0.228588
vt 0.280906 0.220803
vt 0.293265 0.208682
vt 0.286217 0.211602
vt 0.272728 0.221292
vt 0.279350 0.213771
vt 0.248062 0.217189
vt 0.254124 0.227688
vt 0.244294 0.226364
vt 0.259239 0.211602
vt 0.256314 0.219424
vt 0.256585 0.200628
vt 0.252191 0.208682
vt 0.263556 0.228367
vt 0.266106 0.213771
vt 0.264551 0.220803
vt 0.262903 0.204275
vt 0.288871 0.200628
vt 0.282553 0.204275
vt 0.272728 0.221292
vt 0.272728 0.228588
vt 0.272728 0.214695
vt 0.256585 0.200628
vt 0.268617 0.207574
vt 0.272728 0.209948
vt 0.280235 0.170472
vt 0.265221 0.170472
vt 0.285709 0.179946
vt 0.295455 0.196826
vt 0.259747 0.179946
vt 0.254770 0.188565
vt 0.250001 0.196826
vt 0.303164 0.236191
vt 0.310673 0.223185
vt 0.292220 0.236191
vt 0.272728 0.236191
vt 0.282267 0.236191
vt 0.305201 0.213706
vt 0.300225 0.205087
vt 0.234783 0.223185
vt 0.242292 0.236191
vt 0.227274 0.236191
vt 0.240255 0.213707
vt 0.250001 0.196826
vt 0.245231 0.205087
vt 0.253236 0.236191
vt 0.263189 0.236191
vt 0.272728 0.236191
vt 0.460608 0.184966
vt 0.448484 0.184966
vt 0.454546 0.177114
vt 0.465911 0.192795
vt 0.454546 0.190994
vt 0.464371 0.204275
vt 0.459858 0.197438
vt 0.443181 0.192795
vt 0.454546 0.202301
vt 0.449234 0.197438
vt 0.458657 0.207574
vt 0.473150 0.227688
vt 0.479212 0.217189
vt 0.482980 0.226364
vt 0.463719 0.228367
vt 0.470960 0.219424
vt 0.454546 0.228588
vt 0.462724 0.220803
vt 0.475084 0.208682
vt 0.468035 0.211602
vt 0.454546 0.221292
vt 0.461168 0.213771
vt 0.429880 0.217189
vt 0.435942 0.227688
vt 0.426112 0.226364
vt 0.434009 0.208682
vt 0.438132 0.219424
vt 0.438403 0.200628
vt 0.441057 0.211602
vt 0.445374 0.228367
vt 0.447924 0.213771
vt 0.446369 0.220803
vt 0.450435 0.207574
vt 0.470689 0.200628
vt 0.464371 0.204275
vt 0.454546 0.221292
vt 0.454546 0.228588
vt 0.454546 0.214695
vt 0.444721 0.204275
vt 0.438403 0.200628
vt 0.454546 0.209948
vt 0.462053 0.170472
vt 0.447039 0.170472
vt 0.467527 0.179946
vt 0.477273 0.196826
vt 0.441565 0.179946
vt 0.436588 0.188565
vt 0.431819 0.196826
vt 0.484982 0.236191
vt 0.474038 0.236191
vt 0.464085 0.236191
vt 0.454546 0.236191
vt 0.487019 0.213706
vt 0.482043 0.205087
vt 0.477273 0.196826
vt 0.416601 0.223185
vt 0.424110 0.236191
vt 0.409092 0.236191
vt 0.422073 0.213707
vt 0.427049 0.205087
vt 0.435054 0.236191
vt 0.445007 0.236191
vt 0.454546 0.236191
vt 0.208557 0.323227
vt 0.202031 0.332924
vt 0.198371 0.323930
vt 0.218087 0.322721
vt 0.210702 0.331414
vt 0.227274 0.329820
vt 0.219076 0.330275
vt 0.206364 0.341786
vt 0.213676 0.339322
vt 0.227274 0.336418
vt 0.220638 0.337318
vt 0.251939 0.333923
vt 0.245878 0.323424
vt 0.255708 0.324748
vt 0.247811 0.342430
vt 0.243688 0.331688
vt 0.243416 0.350485
vt 0.240763 0.339510
vt 0.236446 0.322746
vt 0.235451 0.330309
vt 0.237098 0.346837
vt 0.233895 0.337341
vt 0.221789 0.367146
vt 0.233449 0.366343
vt 0.227745 0.374814
vt 0.216280 0.358962
vt 0.227431 0.360392
vt 0.211131 0.350485
vt 0.222070 0.353862
vt 0.238653 0.358342
vt 0.232605 0.353708
vt 0.217449 0.346837
vt 0.227287 0.348835
vt 0.227274 0.322524
vt 0.227274 0.329820
vt 0.243416 0.350485
vt 0.237098 0.346837
vt 0.211131 0.350485
vt 0.223163 0.343538
vt 0.227274 0.341165
vt 0.231384 0.343538
vt 0.196743 0.314674
vt 0.187501 0.324762
vt 0.207752 0.314847
vt 0.217731 0.314912
vt 0.227274 0.322524
vt 0.193183 0.334604
vt 0.198864 0.344445
vt 0.204546 0.354286
vt 0.265219 0.327928
vt 0.257710 0.314921
vt 0.272728 0.314921
vt 0.259747 0.337406
vt 0.254770 0.346025
vt 0.250001 0.354286
vt 0.246765 0.314921
vt 0.236812 0.314921
vt 0.227274 0.314921
vt 0.221592 0.383810
vt 0.234911 0.380867
vt 0.227273 0.393651
vt 0.215910 0.373969
vt 0.210228 0.364128
vt 0.204546 0.354286
vt 0.240294 0.371235
vt 0.245236 0.362556
vt 0.250001 0.354286
vt 0.561873 0.325979
vt 0.573904 0.333462
vt 0.565568 0.333974
vt 0.571666 0.326950
vt 0.581469 0.333229
vt 0.580300 0.327783
vt 0.588144 0.333615
vt 0.576847 0.340353
vt 0.569865 0.342287
vt 0.583109 0.338919
vt 0.588561 0.338529
vt 0.602824 0.338475
vt 0.599213 0.332191
vt 0.603247 0.334043
vt 0.601830 0.343888
vt 0.598753 0.336639
vt 0.599960 0.350173
vt 0.597849 0.341751
vt 0.594067 0.330345
vt 0.593888 0.334862
vt 0.596045 0.347369
vt 0.593417 0.339718
vt 0.589413 0.374125
vt 0.589036 0.359816
vt 0.593439 0.365211
vt 0.584439 0.366754
vt 0.584575 0.353758
vt 0.579412 0.358835
vt 0.580413 0.347225
vt 0.593027 0.353369
vt 0.597072 0.357255
vt 0.588950 0.349051
vt 0.585456 0.344313
vt 0.587766 0.328822
vt 0.588144 0.333615
vt 0.599960 0.350173
vt 0.592016 0.344520
vt 0.574505 0.350636
vt 0.588805 0.342379
vt 0.551137 0.324762
vt 0.587766 0.328822
vt 0.556819 0.334604
vt 0.562500 0.344445
vt 0.568182 0.354286
vt 0.603692 0.330696
vt 0.599687 0.328545
vt 0.594319 0.326469
vt 0.587665 0.324631
vt 0.594139 0.379795
vt 0.585228 0.383810
vt 0.579546 0.373969
vt 0.573864 0.364128
vt 0.597478 0.369368
vt 0.600731 0.360372
vt 0.603448 0.352514
vt 0.380186 0.323932
vt 0.392520 0.331414
vt 0.383849 0.332924
vt 0.390374 0.323228
vt 0.400894 0.330275
vt 0.399905 0.322721
vt 0.409092 0.329820
vt 0.395494 0.339322
vt 0.388182 0.341786
vt 0.402456 0.337318
vt 0.409092 0.336418
vt 0.433757 0.333923
vt 0.427696 0.323424
vt 0.437526 0.324748
vt 0.429629 0.342430
vt 0.425506 0.331688
vt 0.425234 0.350485
vt 0.422581 0.339510
vt 0.418264 0.322746
vt 0.417269 0.330309
vt 0.418916 0.346837
vt 0.415713 0.337341
vt 0.403607 0.367146
vt 0.415267 0.366343
vt 0.409563 0.374814
vt 0.398098 0.358962
vt 0.409249 0.360392
vt 0.392949 0.350485
vt 0.403888 0.353862
vt 0.420471 0.358342
vt 0.414423 0.353708
vt 0.399267 0.346837
vt 0.409105 0.348835
vt 0.409092 0.322524
vt 0.409092 0.329820
vt 0.418916 0.346837
vt 0.425234 0.350485
vt 0.413202 0.343538
vt 0.399267 0.346837
vt 0.392949 0.350485
vt 0.404981 0.343538
vt 0.409092 0.341165
vt 0.378525 0.314695
vt 0.369319 0.324762
vt 0.363637 0.314921
vt 0.389560 0.314853
vt 0.399548 0.314913
vt 0.409092 0.322524
vt 0.375001 0.334604
vt 0.380682 0.344445
vt 0.386364 0.354286
vt 0.447037 0.327928
vt 0.439528 0.314921
vt 0.454546 0.314921
vt 0.441565 0.337406
vt 0.436588 0.346025
vt 0.431819 0.354286
vt 0.428583 0.314921
vt 0.418630 0.314921
vt 0.409092 0.314921
vt 0.403410 0.383810
vt 0.416729 0.380867
vt 0.409092 0.393651
vt 0.397728 0.373969
vt 0.392046 0.364128
vt 0.386364 0.354286
vt 0.422112 0.371235
vt 0.427054 0.362556
vt 0.431819 0.354286
vt 0.435829 0.401958
vt 0.429303 0.411654
vt 0.425641 0.402662
vt 0.445359 0.401451
vt 0.437974 0.410145
vt 0.454546 0.401255
vt 0.446349 0.409006
vt 0.433637 0.420517
vt 0.440948 0.418053
vt 0.454546 0.408550
vt 0.447910 0.416048
vt 0.483451 0.402662
vt 0.471118 0.410145
vt 0.473263 0.401958
vt 0.479789 0.411654
vt 0.468144 0.418053
vt 0.475455 0.420517
vt 0.464371 0.425567
vt 0.462743 0.409006
vt 0.463733 0.401451
vt 0.461182 0.416048
vt 0.458657 0.422269
vt 0.448953 0.446065
vt 0.460139 0.446065
vt 0.454546 0.454324
vt 0.449323 0.432627
vt 0.454546 0.439395
vt 0.443539 0.437716
vt 0.444721 0.425567
vt 0.465553 0.437716
vt 0.454546 0.427589
vt 0.459769 0.432627
vt 0.450435 0.422268
vt 0.454546 0.408550
vt 0.454546 0.401255
vt 0.454546 0.415148
vt 0.470689 0.429215
vt 0.438403 0.429215
vt 0.444721 0.425567
vt 0.454546 0.419895
vt 0.423982 0.393429
vt 0.414773 0.403493
vt 0.445002 0.393643
vt 0.435015 0.393583
vt 0.454546 0.393652
vt 0.420455 0.413334
vt 0.426137 0.423175
vt 0.431819 0.433017
vt 0.500000 0.393651
vt 0.485110 0.393429
vt 0.494319 0.403493
vt 0.488637 0.413334
vt 0.482955 0.423175
vt 0.474077 0.393583
vt 0.464090 0.393643
vt 0.448864 0.462541
vt 0.460228 0.462541
vt 0.454546 0.472382
vt 0.443182 0.452699
vt 0.437501 0.442858
vt 0.438403 0.429215
vt 0.465910 0.452699
vt 0.471591 0.442858
vt 0.477273 0.433017
vt 0.429885 0.374658
vt 0.435937 0.385140
vt 0.426112 0.383825
vt 0.434009 0.366143
vt 0.438132 0.376885
vt 0.438403 0.358088
vt 0.441057 0.369062
vt 0.445373 0.385826
vt 0.446369 0.378263
vt 0.444721 0.361736
vt 0.447924 0.371231
vt 0.460608 0.342426
vt 0.448484 0.342426
vt 0.454546 0.334575
vt 0.465911 0.350255
vt 0.454546 0.348454
vt 0.470689 0.358088
vt 0.459858 0.354899
vt 0.443181 0.350255
vt 0.449234 0.354899
vt 0.464371 0.361736
vt 0.454546 0.359762
vt 0.473155 0.385140
vt 0.479207 0.374658
vt 0.482980 0.383825
vt 0.463719 0.385826
vt 0.470960 0.376885
vt 0.454546 0.386048
vt 0.462724 0.378263
vt 0.475083 0.366143
vt 0.468035 0.369062
vt 0.454546 0.378753
vt 0.461168 0.371231
vt 0.470689 0.358088
vt 0.464371 0.361736
vt 0.454546 0.386048
vt 0.454546 0.378753
vt 0.454546 0.367408
vt 0.454546 0.372155
vt 0.450435 0.365035
vt 0.458657 0.365035
vt 0.416729 0.380867
vt 0.423982 0.393429
vt 0.422112 0.371235
vt 0.427054 0.362556
vt 0.431819 0.354286
vt 0.435015 0.393583
vt 0.445002 0.393643
vt 0.454546 0.393652
vt 0.462055 0.327927
vt 0.447037 0.327927
vt 0.467527 0.337406
vt 0.472504 0.346025
vt 0.477273 0.354286
vt 0.436588 0.346025
vt 0.431819 0.354286
vt 0.485110 0.393429
vt 0.492363 0.380867
vt 0.474077 0.393583
vt 0.464090 0.393643
vt 0.454546 0.393652
vt 0.486980 0.371235
vt 0.482038 0.362556
vt 0.477273 0.354286
vt 0.481397 0.323424
vt 0.475335 0.333923
vt 0.471566 0.324748
vt 0.490828 0.322746
vt 0.483586 0.331688
vt 0.500000 0.329820
vt 0.491823 0.330310
vt 0.486511 0.339510
vt 0.479463 0.342430
vt 0.493378 0.337341
vt 0.500000 0.336418
vt 0.525243 0.332924
vt 0.518717 0.323227
vt 0.528903 0.323930
vt 0.520910 0.341786
vt 0.516572 0.331414
vt 0.516143 0.350485
vt 0.513598 0.339322
vt 0.509187 0.322721
vt 0.508198 0.330275
vt 0.504111 0.343538
vt 0.506636 0.337318
vt 0.493826 0.366343
vt 0.505485 0.367146
vt 0.499530 0.374814
vt 0.488622 0.358342
vt 0.499843 0.360392
vt 0.483858 0.350485
vt 0.494669 0.353708
vt 0.510994 0.358962
vt 0.505204 0.353862
vt 0.490176 0.346837
vt 0.499987 0.348835
vt 0.500001 0.322524
vt 0.500001 0.329820
vt 0.516143 0.350485
vt 0.509825 0.346837
vt 0.490176 0.346837
vt 0.483858 0.350485
vt 0.495890 0.343538
vt 0.500000 0.341165
vt 0.469564 0.314921
vt 0.480509 0.314921
vt 0.490462 0.314921
vt 0.500001 0.314921
vt 0.477273 0.354286
vt 0.539773 0.324762
vt 0.530531 0.314674
vt 0.534091 0.334604
vt 0.528410 0.344445
vt 0.522728 0.354286
vt 0.519522 0.314847
vt 0.509543 0.314912
vt 0.492363 0.380867
vt 0.505682 0.383810
vt 0.486980 0.371235
vt 0.482038 0.362556
vt 0.511364 0.373969
vt 0.517046 0.364128
vt 0.522728 0.354286
vt 0.128061 0.332191
vt 0.124450 0.338475
vt 0.124027 0.334043
vt 0.133207 0.330345
vt 0.128520 0.336639
vt 0.139508 0.328822
vt 0.133386 0.334862
vt 0.125444 0.343888
vt 0.129425 0.341751
vt 0.139130 0.333615
vt 0.133856 0.339718
vt 0.165401 0.325979
vt 0.153370 0.333462
vt 0.155608 0.326950
vt 0.161706 0.333974
vt 0.150427 0.340353
vt 0.157409 0.342287
vt 0.146861 0.347225
vt 0.145804 0.333229
vt 0.146974 0.327783
vt 0.144165 0.338919
vt 0.141817 0.344313
vt 0.137861 0.374125
vt 0.138238 0.359816
vt 0.142835 0.366754
vt 0.133835 0.365211
vt 0.134247 0.353369
vt 0.130202 0.357255
vt 0.131229 0.347369
vt 0.142699 0.353758
vt 0.147862 0.358835
vt 0.138324 0.349051
vt 0.135258 0.344520
vt 0.139508 0.328823
vt 0.138713 0.338529
vt 0.152769 0.350636
vt 0.127314 0.350173
vt 0.131229 0.347369
vt 0.138469 0.342379
vt 0.120909 0.335333
vt 0.121066 0.339907
vt 0.122000 0.345675
vt 0.123826 0.352514
vt 0.176137 0.324762
vt 0.170455 0.334604
vt 0.164774 0.344445
vt 0.156568 0.321369
vt 0.147488 0.323055
vt 0.139609 0.324631
vt 0.142046 0.383810
vt 0.127314 0.350173
vt 0.147728 0.373969
vt 0.153410 0.364128
vt 0.159092 0.354286
vt 0.243823 0.402662
vt 0.256156 0.410145
vt 0.247485 0.411654
vt 0.254011 0.401958
vt 0.264531 0.409006
vt 0.263541 0.401451
vt 0.272728 0.408550
vt 0.259130 0.418053
vt 0.251819 0.420517
vt 0.266092 0.416048
vt 0.272728 0.415148
vt 0.297971 0.411654
vt 0.291445 0.401958
vt 0.301633 0.402662
vt 0.293637 0.420517
vt 0.289300 0.410145
vt 0.288871 0.429215
vt 0.286326 0.418053
vt 0.281915 0.401451
vt 0.280925 0.409006
vt 0.282553 0.425567
vt 0.279364 0.416048
vt 0.267135 0.446065
vt 0.278321 0.446065
vt 0.272728 0.454324
vt 0.261721 0.437716
vt 0.272728 0.439395
vt 0.256585 0.429215
vt 0.267505 0.432627
vt 0.283735 0.437716
vt 0.277951 0.432627
vt 0.262903 0.425567
vt 0.272728 0.427589
vt 0.272728 0.401255
vt 0.272728 0.408550
vt 0.288871 0.429215
vt 0.276839 0.422269
vt 0.282553 0.425567
vt 0.262903 0.425567
vt 0.268617 0.422268
vt 0.272728 0.419895
vt 0.232955 0.403493
vt 0.242164 0.393429
vt 0.253197 0.393583
vt 0.263184 0.393643
vt 0.272728 0.401255
vt 0.238637 0.413334
vt 0.244319 0.423175
vt 0.250001 0.433017
vt 0.312501 0.403493
vt 0.303292 0.393429
vt 0.318182 0.393651
vt 0.306819 0.413334
vt 0.301137 0.423175
vt 0.292259 0.393583
vt 0.282272 0.393643
vt 0.272728 0.393652
vt 0.272728 0.472382
vt 0.278410 0.462541
vt 0.261364 0.452699
vt 0.267046 0.462541
vt 0.255683 0.442858
vt 0.284092 0.452699
vt 0.289773 0.442858
vt 0.295455 0.433017
vt 0.248067 0.374658
vt 0.254119 0.385140
vt 0.244294 0.383825
vt 0.252191 0.366143
vt 0.256314 0.376885
vt 0.256585 0.358088
vt 0.259239 0.369062
vt 0.263555 0.385826
vt 0.264551 0.378263
vt 0.262903 0.361736
vt 0.266106 0.371231
vt 0.278790 0.342426
vt 0.266666 0.342426
vt 0.272728 0.334575
vt 0.284093 0.350255
vt 0.272728 0.348454
vt 0.288871 0.358088
vt 0.278040 0.354899
vt 0.261363 0.350255
vt 0.267416 0.354899
vt 0.282553 0.361736
vt 0.272728 0.359762
vt 0.291337 0.385140
vt 0.297389 0.374658
vt 0.301162 0.383825
vt 0.281901 0.385826
vt 0.289142 0.376885
vt 0.272728 0.378753
vt 0.280905 0.378263
vt 0.293265 0.366143
vt 0.286217 0.369062
vt 0.272728 0.372155
vt 0.279350 0.371231
vt 0.256585 0.358088
vt 0.268617 0.365035
vt 0.288871 0.358088
vt 0.276839 0.365035
vt 0.282553 0.361736
vt 0.272728 0.386048
vt 0.272728 0.378753
vt 0.272728 0.367408
vt 0.234911 0.380867
vt 0.242164 0.393429
vt 0.245236 0.362556
vt 0.253197 0.393583
vt 0.263184 0.393643
vt 0.280237 0.327927
vt 0.265219 0.327927
vt 0.285709 0.337406
vt 0.290686 0.346025
vt 0.295455 0.354286
vt 0.254770 0.346025
vt 0.250001 0.354286
vt 0.303292 0.393429
vt 0.310545 0.380867
vt 0.292259 0.393583
vt 0.282272 0.393643
vt 0.305162 0.371235
vt 0.300220 0.362556
vt 0.295455 0.354286
vt 0.299579 0.323424
vt 0.293517 0.333923
vt 0.289748 0.324748
vt 0.309010 0.322746
vt 0.301768 0.331688
vt 0.318182 0.322524
vt 0.310005 0.330310
vt 0.297645 0.342430
vt 0.304693 0.339510
vt 0.318182 0.329820
vt 0.311560 0.337341
vt 0.347088 0.323932
vt 0.334754 0.331414
vt 0.336900 0.323228
vt 0.343425 0.332924
vt 0.331780 0.339322
vt 0.339092 0.341786
vt 0.328007 0.346837
vt 0.326380 0.330275
vt 0.327369 0.322721
vt 0.324818 0.337318
vt 0.322293 0.343538
vt 0.312008 0.366343
vt 0.323667 0.367146
vt 0.317712 0.374814
vt 0.306803 0.358342
vt 0.318025 0.360392
vt 0.302040 0.350485
vt 0.312851 0.353708
vt 0.323386 0.353862
vt 0.329176 0.358962
vt 0.308358 0.346837
vt 0.318169 0.348835
vt 0.318182 0.336418
vt 0.334325 0.350485
vt 0.328007 0.346837
vt 0.308358 0.346837
vt 0.302040 0.350485
vt 0.314072 0.343538
vt 0.318182 0.341165
vt 0.287746 0.314921
vt 0.298691 0.314921
vt 0.308644 0.314921
vt 0.318182 0.314921
vt 0.285709 0.337406
vt 0.290686 0.346025
vt 0.295455 0.354286
vt 0.348749 0.314695
vt 0.357955 0.324762
vt 0.352273 0.334604
vt 0.346592 0.344445
vt 0.334325 0.350485
vt 0.337714 0.314853
vt 0.327726 0.314913
vt 0.318183 0.314921
vt 0.310545 0.380867
vt 0.323864 0.383810
vt 0.305162 0.371235
vt 0.300220 0.362556
vt 0.329546 0.373969
vt 0.335228 0.364128
vt 0.340910 0.354286
vt 0.415153 0.263696
vt 0.403030 0.263696
vt 0.409092 0.255844
vt 0.414403 0.276168
vt 0.409092 0.269724
vt 0.420456 0.271525
vt 0.418916 0.283005
vt 0.403780 0.276168
vt 0.397727 0.271525
vt 0.409092 0.281031
vt 0.413202 0.286304
vt 0.427696 0.306418
vt 0.433757 0.295919
vt 0.437526 0.305094
vt 0.418264 0.307097
vt 0.425506 0.298155
vt 0.409092 0.300023
vt 0.417269 0.299533
vt 0.429629 0.287412
vt 0.422581 0.290332
vt 0.415714 0.292501
vt 0.384426 0.295919
vt 0.390483 0.306410
vt 0.380647 0.305076
vt 0.388554 0.287412
vt 0.392677 0.298154
vt 0.392949 0.279358
vt 0.395602 0.290332
vt 0.399918 0.307096
vt 0.400914 0.299533
vt 0.399267 0.283005
vt 0.402469 0.292501
vt 0.425234 0.279358
vt 0.418916 0.283005
vt 0.409092 0.307318
vt 0.409092 0.300022
vt 0.399267 0.283005
vt 0.392949 0.279358
vt 0.404981 0.286304
vt 0.409092 0.288678
vt 0.409092 0.293425
vt 0.416601 0.249197
vt 0.401582 0.249197
vt 0.422073 0.258676
vt 0.427049 0.267295
vt 0.425234 0.279358
vt 0.396110 0.258676
vt 0.391134 0.267295
vt 0.386364 0.275556
vt 0.447037 0.301915
vt 0.409092 0.307318
vt 0.441565 0.292437
vt 0.436588 0.283817
vt 0.431819 0.275556
vt 0.371144 0.301910
vt 0.378525 0.314695
vt 0.376618 0.292437
vt 0.381595 0.283817
vt 0.389560 0.314853
vt 0.399548 0.314913
vt 0.409092 0.314921
vt 0.435942 0.244694
vt 0.429880 0.255193
vt 0.426112 0.246018
vt 0.445374 0.244015
vt 0.438132 0.252958
vt 0.454546 0.243794
vt 0.446369 0.251579
vt 0.434009 0.263700
vt 0.441057 0.260780
vt 0.454546 0.251090
vt 0.447924 0.258611
vt 0.479212 0.255193
vt 0.473150 0.244694
vt 0.482980 0.246018
vt 0.475083 0.263700
vt 0.470960 0.252958
vt 0.470689 0.271755
vt 0.468035 0.260780
vt 0.463719 0.244015
vt 0.462724 0.251579
vt 0.464371 0.268107
vt 0.461168 0.258611
vt 0.448484 0.287416
vt 0.460608 0.287416
vt 0.454546 0.295268
vt 0.443181 0.279588
vt 0.454546 0.281388
vt 0.444721 0.268107
vt 0.449234 0.274944
vt 0.465911 0.279588
vt 0.459858 0.274944
vt 0.450435 0.264808
vt 0.454546 0.270081
vt 0.454546 0.243794
vt 0.454546 0.257687
vt 0.454546 0.251090
vt 0.458657 0.264808
vt 0.464371 0.268107
vt 0.438403 0.271755
vt 0.454546 0.262434
vt 0.424110 0.236191
vt 0.435054 0.236191
vt 0.445007 0.236191
vt 0.454546 0.236191
vt 0.422073 0.258676
vt 0.431819 0.275556
vt 0.492491 0.249197
vt 0.487019 0.258676
vt 0.482043 0.267295
vt 0.477273 0.275556
vt 0.474038 0.236191
vt 0.464085 0.236191
vt 0.454546 0.236191
vt 0.447037 0.301915
vt 0.462055 0.301915
vt 0.441565 0.292437
vt 0.436588 0.283817
vt 0.438403 0.271755
vt 0.467527 0.292437
vt 0.472504 0.283817
vt 0.477273 0.275556
vt 0.506054 0.263691
vt 0.493939 0.263696
vt 0.500000 0.255844
vt 0.505304 0.276163
vt 0.499998 0.269723
vt 0.511337 0.271508
vt 0.509806 0.282994
vt 0.494688 0.276168
vt 0.488636 0.271525
vt 0.499999 0.281031
vt 0.504109 0.286303
vt 0.518581 0.306393
vt 0.524506 0.295828
vt 0.528311 0.305002
vt 0.509170 0.307093
vt 0.516373 0.298130
vt 0.500001 0.307318
vt 0.508173 0.299530
vt 0.520416 0.287342
vt 0.513454 0.290312
vt 0.500001 0.300023
vt 0.506618 0.292498
vt 0.475335 0.295919
vt 0.481397 0.306418
vt 0.471566 0.305094
vt 0.479463 0.287412
vt 0.483586 0.298154
vt 0.483858 0.279358
vt 0.486511 0.290332
vt 0.490828 0.307097
vt 0.493378 0.292501
vt 0.491823 0.299533
vt 0.495890 0.286304
vt 0.516077 0.279319
vt 0.500000 0.293425
vt 0.490176 0.283005
vt 0.483858 0.279358
vt 0.500000 0.288678
vt 0.507507 0.249196
vt 0.512962 0.258664
vt 0.517892 0.267257
vt 0.516077 0.279319
vt 0.482043 0.267295
vt 0.530531 0.314674
vt 0.537311 0.301570
vt 0.509543 0.314912
vt 0.531990 0.292169
vt 0.527195 0.283644
vt 0.522570 0.275465
vt 0.467527 0.292437
vt 0.472504 0.283817
vt 0.480509 0.314921
vt 0.500001 0.314921
vt 0.233335 0.263696
vt 0.221220 0.263691
vt 0.227275 0.255844
vt 0.232586 0.276168
vt 0.227276 0.269723
vt 0.238638 0.271524
vt 0.237098 0.283005
vt 0.221970 0.276163
vt 0.215937 0.271508
vt 0.227275 0.281031
vt 0.231384 0.286304
vt 0.245878 0.306418
vt 0.251939 0.295919
vt 0.255708 0.305094
vt 0.235451 0.299533
vt 0.243688 0.298155
vt 0.236446 0.307097
vt 0.227274 0.300023
vt 0.247811 0.287412
vt 0.233895 0.292501
vt 0.240763 0.290332
vt 0.227274 0.293425
vt 0.202768 0.295828
vt 0.208693 0.306393
vt 0.198963 0.305002
vt 0.206858 0.287342
vt 0.210901 0.298130
vt 0.211197 0.279319
vt 0.213820 0.290312
vt 0.218104 0.307093
vt 0.219101 0.299530
vt 0.217468 0.282994
vt 0.220656 0.292498
vt 0.243416 0.279358
vt 0.237098 0.283005
vt 0.227274 0.307318
vt 0.227274 0.300022
vt 0.217468 0.282994
vt 0.223165 0.286303
vt 0.227274 0.288678
vt 0.234783 0.249197
vt 0.219767 0.249196
vt 0.240255 0.258676
vt 0.245231 0.267295
vt 0.243416 0.279358
vt 0.214312 0.258664
vt 0.209382 0.267257
vt 0.204704 0.275465
vt 0.265219 0.301915
vt 0.236812 0.314921
vt 0.227274 0.307318
vt 0.259747 0.292437
vt 0.254770 0.283817
vt 0.250001 0.275556
vt 0.189963 0.301570
vt 0.196743 0.314674
vt 0.195284 0.292169
vt 0.200079 0.283644
vt 0.204704 0.275465
vt 0.207752 0.314847
vt 0.217731 0.314912
vt 0.227274 0.314921
vt 0.254124 0.244694
vt 0.248062 0.255193
vt 0.244294 0.246018
vt 0.263555 0.244015
vt 0.256314 0.252958
vt 0.272728 0.243794
vt 0.264551 0.251579
vt 0.252191 0.263700
vt 0.259239 0.260780
vt 0.272728 0.251090
vt 0.266106 0.258611
vt 0.297394 0.255193
vt 0.291332 0.244694
vt 0.301162 0.246018
vt 0.293265 0.263700
vt 0.289142 0.252958
vt 0.288871 0.271755
vt 0.286217 0.260780
vt 0.281901 0.244015
vt 0.280906 0.251579
vt 0.276839 0.264808
vt 0.279350 0.258611
vt 0.266666 0.287416
vt 0.278790 0.287416
vt 0.272728 0.295268
vt 0.261363 0.279588
vt 0.272728 0.281388
vt 0.256585 0.271755
vt 0.267416 0.274944
vt 0.284093 0.279588
vt 0.278040 0.274944
vt 0.268617 0.264808
vt 0.272728 0.270081
vt 0.272728 0.243794
vt 0.272728 0.257687
vt 0.272728 0.251090
vt 0.282553 0.268107
vt 0.256585 0.271755
vt 0.262903 0.268107
vt 0.272728 0.262434
vt 0.242292 0.236191
vt 0.234783 0.249197
vt 0.253236 0.236191
vt 0.263189 0.236191
vt 0.240255 0.258676
vt 0.310673 0.249197
vt 0.305201 0.258676
vt 0.300225 0.267295
vt 0.295455 0.275556
vt 0.292220 0.236191
vt 0.265219 0.301915
vt 0.280237 0.301915
vt 0.259747 0.292437
vt 0.254770 0.283817
vt 0.285709 0.292437
vt 0.290686 0.283817
vt 0.295455 0.275556
vt 0.324244 0.263696
vt 0.312121 0.263696
vt 0.318183 0.255844
vt 0.329547 0.271525
vt 0.318183 0.269724
vt 0.328007 0.283005
vt 0.323494 0.276168
vt 0.306818 0.271525
vt 0.312871 0.276168
vt 0.322293 0.286304
vt 0.318183 0.281031
vt 0.336791 0.306410
vt 0.342848 0.295919
vt 0.346627 0.305076
vt 0.327356 0.307095
vt 0.334597 0.298154
vt 0.318183 0.307318
vt 0.326360 0.299533
vt 0.338720 0.287412
vt 0.331672 0.290332
vt 0.318182 0.293425
vt 0.324804 0.292501
vt 0.293517 0.295919
vt 0.299579 0.306418
vt 0.289748 0.305094
vt 0.297645 0.287412
vt 0.301768 0.298154
vt 0.302040 0.279358
vt 0.304693 0.290332
vt 0.309010 0.307097
vt 0.310005 0.299533
vt 0.314072 0.286304
vt 0.311560 0.292501
vt 0.334325 0.279358
vt 0.328007 0.283005
vt 0.318182 0.300023
vt 0.302040 0.279358
vt 0.308358 0.283005
vt 0.318183 0.288678
vt 0.325692 0.249197
vt 0.331164 0.258676
vt 0.336140 0.267295
vt 0.300225 0.267295
vt 0.295455 0.275556
vt 0.356130 0.301910
vt 0.327726 0.314913
vt 0.350656 0.292436
vt 0.345679 0.283817
vt 0.340910 0.275556
vt 0.285709 0.292437
vt 0.290686 0.283817
vt 0.318183 0.314921
vt 0.526691 0.244601
vt 0.520734 0.255161
vt 0.516997 0.246004
vt 0.535757 0.243712
vt 0.528837 0.252840
vt 0.544221 0.243082
vt 0.536709 0.251251
vt 0.524775 0.263618
vt 0.531642 0.260593
vt 0.544207 0.250369
vt 0.538149 0.258216
vt 0.567022 0.241505
vt 0.557901 0.250476
vt 0.559821 0.242115
vt 0.560448 0.259973
vt 0.563927 0.250922
vt 0.556681 0.268685
vt 0.555371 0.258563
vt 0.551289 0.250202
vt 0.552216 0.242607
vt 0.549889 0.257329
vt 0.552187 0.266253
vt 0.543515 0.294238
vt 0.543624 0.280367
vt 0.548265 0.285657
vt 0.538300 0.286816
vt 0.539128 0.274362
vt 0.533485 0.279242
vt 0.535061 0.267778
vt 0.548255 0.273496
vt 0.552612 0.277166
vt 0.543963 0.269220
vt 0.540397 0.264261
vt 0.544207 0.250369
vt 0.544221 0.243082
vt 0.544179 0.256951
vt 0.556681 0.268685
vt 0.547644 0.263689
vt 0.528999 0.271574
vt 0.544129 0.261669
vt 0.515001 0.236180
vt 0.525817 0.236107
vt 0.535424 0.235907
vt 0.544287 0.235517
vt 0.512962 0.258664
vt 0.517892 0.267257
vt 0.568969 0.232047
vt 0.560840 0.233774
vt 0.552692 0.234856
vt 0.544287 0.235517
vt 0.549171 0.299760
vt 0.537312 0.301571
vt 0.531990 0.292169
vt 0.528999 0.271574
vt 0.552767 0.289402
vt 0.556647 0.279923
vt 0.560701 0.270690
vt 0.520783 0.217179
vt 0.526727 0.227616
vt 0.517006 0.226355
vt 0.524929 0.208665
vt 0.528949 0.219366
vt 0.529352 0.200596
vt 0.531911 0.211552
vt 0.535863 0.228124
vt 0.536958 0.220614
vt 0.535608 0.204219
vt 0.538611 0.213629
vt 0.551571 0.184974
vt 0.539561 0.184888
vt 0.545749 0.177079
vt 0.556494 0.192638
vt 0.545481 0.190917
vt 0.560650 0.200102
vt 0.550516 0.197251
vt 0.534176 0.192739
vt 0.540145 0.197362
vt 0.549068 0.207259
vt 0.545269 0.202144
vt 0.560689 0.225736
vt 0.566751 0.215252
vt 0.568601 0.223311
vt 0.552684 0.227243
vt 0.559520 0.218065
vt 0.544460 0.228013
vt 0.552191 0.219967
vt 0.564068 0.207581
vt 0.557516 0.210768
vt 0.544700 0.220853
vt 0.551147 0.213222
vt 0.529352 0.200596
vt 0.535608 0.204219
vt 0.560650 0.200102
vt 0.554560 0.203839
vt 0.544460 0.228013
vt 0.544941 0.214386
vt 0.545096 0.209718
vt 0.541177 0.207447
vt 0.507511 0.223184
vt 0.515001 0.236180
vt 0.512988 0.213703
vt 0.522779 0.196796
vt 0.525817 0.236107
vt 0.544287 0.235517
vt 0.553336 0.170939
vt 0.538359 0.170270
vt 0.558490 0.180293
vt 0.563024 0.188568
vt 0.567066 0.196304
vt 0.532683 0.179836
vt 0.527602 0.188506
vt 0.522779 0.196796
vt 0.568969 0.232047
vt 0.576351 0.219265
vt 0.552692 0.234856
vt 0.573788 0.211377
vt 0.570667 0.203825
vt 0.567066 0.196304
vt 0.562638 0.169299
vt 0.574087 0.176197
vt 0.566200 0.177521
vt 0.571948 0.169609
vt 0.581491 0.175726
vt 0.580400 0.170291
vt 0.588122 0.176098
vt 0.576704 0.182894
vt 0.569911 0.185314
vt 0.582936 0.181325
vt 0.588394 0.180941
vt 0.602692 0.180947
vt 0.599206 0.174721
vt 0.603231 0.176574
vt 0.601382 0.186202
vt 0.598660 0.179122
vt 0.598898 0.192176
vt 0.597521 0.184107
vt 0.594078 0.172869
vt 0.593833 0.177351
vt 0.595271 0.189480
vt 0.593194 0.182116
vt 0.583522 0.212881
vt 0.586486 0.200748
vt 0.589795 0.205699
vt 0.580464 0.206373
vt 0.583033 0.195279
vt 0.577112 0.199632
vt 0.579692 0.189328
vt 0.591531 0.195060
vt 0.594992 0.198717
vt 0.588002 0.191020
vt 0.584959 0.186537
vt 0.587806 0.171331
vt 0.588122 0.176098
vt 0.595271 0.189480
vt 0.598898 0.192176
vt 0.591499 0.186753
vt 0.573557 0.192650
vt 0.588446 0.184689
vt 0.587806 0.171331
vt 0.558490 0.180293
vt 0.563024 0.188568
vt 0.567066 0.196304
vt 0.603693 0.173235
vt 0.599694 0.171081
vt 0.594341 0.168996
vt 0.587717 0.167141
vt 0.586442 0.218450
vt 0.576351 0.219265
vt 0.570667 0.203825
vt 0.573557 0.192650
vt 0.592848 0.209736
vt 0.602122 0.194471
vt 0.160252 0.241506
vt 0.169373 0.250476
vt 0.163348 0.250922
vt 0.167454 0.242115
vt 0.175985 0.250202
vt 0.175058 0.242607
vt 0.183067 0.250369
vt 0.166826 0.259973
vt 0.177385 0.257329
vt 0.171903 0.258563
vt 0.183095 0.256951
vt 0.206540 0.255161
vt 0.200583 0.244601
vt 0.210277 0.246004
vt 0.202499 0.263618
vt 0.198437 0.252840
vt 0.198275 0.271574
vt 0.195632 0.260593
vt 0.191517 0.243712
vt 0.190565 0.251251
vt 0.192213 0.267778
vt 0.189125 0.258216
vt 0.183759 0.294238
vt 0.183651 0.280367
vt 0.188975 0.286816
vt 0.179009 0.285657
vt 0.179019 0.273496
vt 0.174662 0.277166
vt 0.175087 0.266253
vt 0.188146 0.274362
vt 0.193789 0.279242
vt 0.183310 0.269220
vt 0.179630 0.263689
vt 0.183053 0.243082
vt 0.183067 0.250369
vt 0.198275 0.271574
vt 0.186877 0.264261
vt 0.170593 0.268685
vt 0.183145 0.261669
vt 0.153958 0.241254
vt 0.158305 0.232047
vt 0.166434 0.233774
vt 0.174582 0.234856
vt 0.183053 0.243082
vt 0.162454 0.261316
vt 0.166573 0.270690
vt 0.212273 0.236180
vt 0.214312 0.258664
vt 0.209382 0.267257
vt 0.204704 0.275465
vt 0.201457 0.236107
vt 0.191851 0.235907
vt 0.182987 0.235517
vt 0.189963 0.301571
vt 0.170593 0.268685
vt 0.200079 0.283644
vt 0.160523 0.215252
vt 0.166585 0.225736
vt 0.158673 0.223311
vt 0.163206 0.207581
vt 0.167754 0.218065
vt 0.166624 0.200102
vt 0.169758 0.210768
vt 0.174590 0.227243
vt 0.175083 0.219967
vt 0.172715 0.203839
vt 0.176127 0.213222
vt 0.187713 0.184888
vt 0.175703 0.184974
vt 0.181525 0.177079
vt 0.193098 0.192739
vt 0.181793 0.190917
vt 0.191666 0.204219
vt 0.187129 0.197362
vt 0.170780 0.192638
vt 0.182005 0.202144
vt 0.176758 0.197251
vt 0.186097 0.207447
vt 0.200547 0.227616
vt 0.206491 0.217179
vt 0.210268 0.226355
vt 0.191411 0.228124
vt 0.198325 0.219366
vt 0.182574 0.220853
vt 0.190316 0.220614
vt 0.202345 0.208665
vt 0.195363 0.211552
vt 0.182333 0.214386
vt 0.188663 0.213629
vt 0.172715 0.203839
vt 0.178206 0.207259
vt 0.197922 0.200596
vt 0.182814 0.228013
vt 0.182574 0.220853
vt 0.182178 0.209718
vt 0.153486 0.211377
vt 0.156607 0.203825
vt 0.160208 0.196304
vt 0.166434 0.233774
vt 0.174582 0.234856
vt 0.182987 0.235517
vt 0.188915 0.170270
vt 0.173938 0.170939
vt 0.194591 0.179836
vt 0.199672 0.188506
vt 0.197922 0.200596
vt 0.168784 0.180293
vt 0.212273 0.236180
vt 0.219764 0.223184
vt 0.201457 0.236107
vt 0.191851 0.235907
vt 0.214286 0.213703
vt 0.209294 0.205074
vt 0.204495 0.196796
vt 0.208491 0.165859
vt 0.202428 0.176360
vt 0.198529 0.167109
vt 0.218006 0.165230
vt 0.210737 0.174157
vt 0.227226 0.165037
vt 0.219024 0.172808
vt 0.206641 0.184915
vt 0.213712 0.182008
vt 0.227236 0.172338
vt 0.220604 0.179854
vt 0.251939 0.176463
vt 0.245877 0.165969
vt 0.255718 0.167305
vt 0.247810 0.184970
vt 0.243683 0.174225
vt 0.243416 0.193024
vt 0.240759 0.182048
vt 0.236427 0.165275
vt 0.235435 0.172840
vt 0.237095 0.189375
vt 0.233884 0.179874
vt 0.221206 0.208683
vt 0.233335 0.208686
vt 0.227273 0.216537
vt 0.221946 0.196205
vt 0.227269 0.202655
vt 0.215889 0.200846
vt 0.217411 0.189355
vt 0.232582 0.196212
vt 0.238638 0.200857
vt 0.227262 0.191344
vt 0.223136 0.186062
vt 0.227236 0.172338
vt 0.227226 0.165037
vt 0.227247 0.178942
vt 0.237095 0.189375
vt 0.243416 0.193024
vt 0.231375 0.186072
vt 0.211083 0.192997
vt 0.217411 0.189355
vt 0.227254 0.183693
vt 0.196460 0.157202
vt 0.188915 0.170270
vt 0.207582 0.157334
vt 0.217631 0.157400
vt 0.227222 0.157431
vt 0.194591 0.179836
vt 0.199672 0.188506
vt 0.204495 0.196796
vt 0.265221 0.170472
vt 0.257840 0.157687
vt 0.259747 0.179946
vt 0.250001 0.196826
vt 0.246798 0.157526
vt 0.236795 0.157457
vt 0.227222 0.157431
vt 0.219764 0.223184
vt 0.234783 0.223185
vt 0.214286 0.213703
vt 0.211083 0.192997
vt 0.240255 0.213706
vt 0.250001 0.196826
vt 0.345033 0.244694
vt 0.338971 0.255193
vt 0.335203 0.246018
vt 0.354465 0.244015
vt 0.347223 0.252958
vt 0.363637 0.243794
vt 0.355460 0.251579
vt 0.343100 0.263700
vt 0.350148 0.260780
vt 0.363637 0.251090
vt 0.357015 0.258611
vt 0.388303 0.255193
vt 0.382241 0.244694
vt 0.392071 0.246018
vt 0.384174 0.263700
vt 0.380051 0.252958
vt 0.379780 0.271755
vt 0.377126 0.260780
vt 0.371814 0.251579
vt 0.372810 0.244015
vt 0.370259 0.258611
vt 0.373462 0.268107
vt 0.363637 0.295268
vt 0.363637 0.281388
vt 0.369699 0.287416
vt 0.357575 0.287416
vt 0.358325 0.274944
vt 0.352272 0.279587
vt 0.353812 0.268107
vt 0.368949 0.274944
vt 0.375002 0.279587
vt 0.363637 0.270081
vt 0.359526 0.264808
vt 0.363637 0.243794
vt 0.363637 0.257687
vt 0.373462 0.268107
vt 0.379780 0.271754
vt 0.367748 0.264808
vt 0.347494 0.271755
vt 0.353812 0.268107
vt 0.363637 0.262434
vt 0.333201 0.236191
vt 0.344145 0.236191
vt 0.354098 0.236191
vt 0.363637 0.236191
vt 0.336140 0.267295
vt 0.340910 0.275556
vt 0.401582 0.249197
vt 0.394073 0.236191
vt 0.396110 0.258676
vt 0.391134 0.267295
vt 0.386364 0.275556
vt 0.383129 0.236191
vt 0.373176 0.236191
vt 0.363637 0.236191
vt 0.371144 0.301910
vt 0.350656 0.292437
vt 0.376618 0.292436
vt 0.381595 0.283817
vt 0.338971 0.217189
vt 0.345033 0.227688
vt 0.335203 0.226364
vt 0.343100 0.208682
vt 0.347223 0.219424
vt 0.353812 0.204275
vt 0.350148 0.211602
vt 0.354465 0.228367
vt 0.357015 0.213771
vt 0.355460 0.220803
vt 0.359526 0.207574
vt 0.369699 0.184966
vt 0.357575 0.184966
vt 0.363637 0.177114
vt 0.375002 0.192795
vt 0.363637 0.190994
vt 0.373462 0.204275
vt 0.368949 0.197438
vt 0.352272 0.192795
vt 0.358325 0.197438
vt 0.367748 0.207574
vt 0.363637 0.202301
vt 0.382241 0.227688
vt 0.388303 0.217189
vt 0.392071 0.226364
vt 0.372810 0.228367
vt 0.380051 0.219424
vt 0.363637 0.228588
vt 0.371814 0.220803
vt 0.384174 0.208682
vt 0.377126 0.211602
vt 0.363637 0.221292
vt 0.370259 0.213771
vt 0.347494 0.200628
vt 0.353812 0.204275
vt 0.379780 0.200628
vt 0.373462 0.204275
vt 0.363637 0.221292
vt 0.363637 0.214695
vt 0.363637 0.209948
vt 0.325692 0.223185
vt 0.333201 0.236191
vt 0.331164 0.213707
vt 0.347494 0.200628
vt 0.344145 0.236191
vt 0.363637 0.236191
vt 0.371146 0.170467
vt 0.376618 0.179946
vt 0.381595 0.188565
vt 0.379780 0.200628
vt 0.350656 0.179946
vt 0.345679 0.188565
vt 0.340910 0.196826
vt 0.394073 0.236191
vt 0.401582 0.223185
vt 0.383129 0.236191
vt 0.373176 0.236191
vt 0.396110 0.213706
vt 0.391134 0.205087
vt 0.386364 0.196826
vt 0.390488 0.165964
vt 0.384426 0.176463
vt 0.380657 0.167288
vt 0.399919 0.165285
vt 0.392677 0.174228
vt 0.409091 0.165064
vt 0.400914 0.172849
vt 0.388554 0.184970
vt 0.395602 0.182050
vt 0.409092 0.172360
vt 0.402470 0.179881
vt 0.437536 0.167306
vt 0.425506 0.174228
vt 0.427700 0.165972
vt 0.433757 0.176463
vt 0.422581 0.182050
vt 0.429629 0.184970
vt 0.418916 0.189377
vt 0.418265 0.165287
vt 0.415713 0.179881
vt 0.417269 0.172849
vt 0.413202 0.186078
vt 0.403030 0.208686
vt 0.415153 0.208686
vt 0.409092 0.216538
vt 0.403780 0.196214
vt 0.409092 0.202658
vt 0.397727 0.200857
vt 0.399267 0.189377
vt 0.420456 0.200857
vt 0.409092 0.191351
vt 0.414403 0.196214
vt 0.404981 0.186078
vt 0.409092 0.165064
vt 0.409092 0.178957
vt 0.425234 0.193025
vt 0.418916 0.189377
vt 0.392949 0.193025
vt 0.399267 0.189377
vt 0.409092 0.183704
vt 0.378655 0.157461
vt 0.389600 0.157461
vt 0.399553 0.157461
vt 0.409092 0.157461
vt 0.376618 0.179946
vt 0.381595 0.188565
vt 0.386364 0.196826
vt 0.447039 0.170472
vt 0.439658 0.157687
vt 0.436588 0.188565
vt 0.425234 0.193025
vt 0.428623 0.157529
vt 0.418635 0.157469
vt 0.409091 0.157461
vt 0.396110 0.213707
vt 0.392949 0.193025
vt 0.422073 0.213706
vt 0.431819 0.196826
vt 0.506173 0.106031
vt 0.494516 0.105235
vt 0.500471 0.097567
vt 0.511371 0.114012
vt 0.500161 0.111986
vt 0.509843 0.125512
vt 0.505340 0.118660
vt 0.489008 0.113420
vt 0.494800 0.118518
vt 0.504135 0.128827
vt 0.500025 0.123540
vt 0.518756 0.148838
vt 0.524686 0.138264
vt 0.528613 0.147379
vt 0.509265 0.149580
vt 0.516495 0.140600
vt 0.500038 0.142541
vt 0.508245 0.142028
vt 0.520511 0.129827
vt 0.513527 0.132810
vt 0.506666 0.135011
vt 0.474759 0.139458
vt 0.481289 0.149151
vt 0.471096 0.148450
vt 0.479092 0.130595
vt 0.483433 0.140965
vt 0.483858 0.121897
vt 0.486406 0.133058
vt 0.490834 0.149650
vt 0.491819 0.142097
vt 0.495899 0.128838
vt 0.493377 0.135057
vt 0.516124 0.121832
vt 0.500048 0.149831
vt 0.500038 0.142541
vt 0.483858 0.121897
vt 0.490179 0.125543
vt 0.500020 0.131206
vt 0.500027 0.135949
vt 0.507636 0.091513
vt 0.494319 0.088572
vt 0.513008 0.101132
vt 0.517919 0.109775
vt 0.488637 0.098413
vt 0.482955 0.108254
vt 0.477273 0.118096
vt 0.537723 0.143876
vt 0.519692 0.157334
vt 0.532200 0.134588
vt 0.527300 0.126123
vt 0.522621 0.117975
vt 0.460228 0.147620
vt 0.469434 0.157687
vt 0.465910 0.137778
vt 0.471591 0.127937
vt 0.477273 0.118096
vt 0.490479 0.157457
vt 0.500052 0.157431
vt 0.526803 0.087216
vt 0.520756 0.097695
vt 0.517012 0.088551
vt 0.536149 0.086479
vt 0.528936 0.095431
vt 0.545150 0.086157
vt 0.537028 0.093971
vt 0.524805 0.106150
vt 0.531729 0.103164
vt 0.544948 0.093333
vt 0.538394 0.100884
vt 0.567118 0.095297
vt 0.563011 0.086501
vt 0.572056 0.086963
vt 0.562287 0.103551
vt 0.560176 0.094323
vt 0.557657 0.111733
vt 0.556791 0.101904
vt 0.554036 0.086197
vt 0.552696 0.093550
vt 0.552963 0.109197
vt 0.550834 0.100400
vt 0.543842 0.136606
vt 0.543839 0.122891
vt 0.548562 0.128160
vt 0.538491 0.129259
vt 0.539271 0.116901
vt 0.533589 0.121732
vt 0.535158 0.110330
vt 0.548643 0.116176
vt 0.553099 0.119877
vt 0.544244 0.111867
vt 0.540617 0.106897
vt 0.545150 0.086157
vt 0.544711 0.099786
vt 0.552963 0.109197
vt 0.557657 0.111733
vt 0.548192 0.106515
vt 0.529054 0.114091
vt 0.544527 0.104416
vt 0.507636 0.091513
vt 0.525904 0.078787
vt 0.535845 0.078701
vt 0.513008 0.101132
vt 0.517919 0.109775
vt 0.522622 0.117975
vt 0.575410 0.078453
vt 0.564513 0.078480
vt 0.545297 0.078639
vt 0.549601 0.142069
vt 0.532200 0.134588
vt 0.527300 0.126123
vt 0.553102 0.131894
vt 0.557178 0.122648
vt 0.561763 0.113783
vt 0.384426 0.138459
vt 0.390488 0.148958
vt 0.380657 0.147634
vt 0.388554 0.129952
vt 0.392677 0.140694
vt 0.392949 0.121897
vt 0.395602 0.132872
vt 0.399919 0.149636
vt 0.400914 0.142073
vt 0.399267 0.125545
vt 0.402469 0.135041
vt 0.414576 0.105236
vt 0.402917 0.106039
vt 0.408621 0.097568
vt 0.420085 0.113420
vt 0.408934 0.111991
vt 0.425234 0.121897
vt 0.414295 0.118520
vt 0.397712 0.114040
vt 0.403760 0.118674
vt 0.418916 0.125545
vt 0.409078 0.123547
vt 0.427809 0.149155
vt 0.434334 0.139458
vt 0.437997 0.148450
vt 0.417289 0.142107
vt 0.425664 0.140968
vt 0.418278 0.149661
vt 0.409092 0.142562
vt 0.430001 0.130596
vt 0.415727 0.135064
vt 0.422689 0.133060
vt 0.409092 0.135964
vt 0.392949 0.121897
vt 0.404981 0.128844
vt 0.399267 0.125545
vt 0.418916 0.125545
vt 0.425234 0.121897
vt 0.413202 0.128844
vt 0.409092 0.149858
vt 0.409092 0.142562
vt 0.409092 0.131218
vt 0.371146 0.144455
vt 0.378655 0.157461
vt 0.376618 0.134976
vt 0.381595 0.126357
vt 0.386364 0.118096
vt 0.399553 0.157461
vt 0.409092 0.157461
vt 0.414773 0.088572
vt 0.401454 0.091515
vt 0.409092 0.078731
vt 0.420455 0.098413
vt 0.426137 0.108254
vt 0.431819 0.118096
vt 0.396071 0.101147
vt 0.391129 0.109826
vt 0.386364 0.118096
vt 0.439658 0.157687
vt 0.448864 0.147620
vt 0.418635 0.157470
vt 0.409092 0.149858
vt 0.443182 0.137778
vt 0.437501 0.127937
vt 0.431819 0.118096
vt 0.357575 0.129956
vt 0.369699 0.129956
vt 0.363637 0.137808
vt 0.352272 0.122127
vt 0.363637 0.123928
vt 0.347494 0.114294
vt 0.358325 0.117484
vt 0.375002 0.122127
vt 0.368949 0.117484
vt 0.359526 0.107347
vt 0.363637 0.112621
vt 0.345028 0.087242
vt 0.338976 0.097724
vt 0.335203 0.088557
vt 0.354464 0.086556
vt 0.347223 0.095497
vt 0.363637 0.086334
vt 0.355460 0.094119
vt 0.343100 0.106239
vt 0.350148 0.103320
vt 0.363637 0.093629
vt 0.357015 0.101151
vt 0.388298 0.097724
vt 0.382246 0.087242
vt 0.392071 0.088557
vt 0.384174 0.106239
vt 0.380051 0.095497
vt 0.373462 0.110646
vt 0.377126 0.103320
vt 0.372810 0.086556
vt 0.370259 0.101151
vt 0.371814 0.094119
vt 0.367748 0.107347
vt 0.353812 0.110646
vt 0.363637 0.093629
vt 0.363637 0.100227
vt 0.379780 0.114294
vt 0.373462 0.110646
vt 0.363637 0.104974
vt 0.356128 0.144455
vt 0.371146 0.144455
vt 0.350656 0.134976
vt 0.340910 0.118096
vt 0.376618 0.134976
vt 0.381595 0.126357
vt 0.333073 0.078953
vt 0.344106 0.078799
vt 0.354093 0.078739
vt 0.363637 0.078731
vt 0.331203 0.101147
vt 0.336145 0.109826
vt 0.401454 0.091515
vt 0.394201 0.078953
vt 0.396071 0.101147
vt 0.379780 0.114294
vt 0.383168 0.078799
vt 0.373181 0.078739
vt 0.338394 0.060728
vt 0.344920 0.070424
vt 0.334732 0.069720
vt 0.350039 0.054329
vt 0.347065 0.062237
vt 0.342728 0.051865
vt 0.353812 0.046815
vt 0.354450 0.070931
vt 0.357001 0.056334
vt 0.355440 0.063376
vt 0.359526 0.050114
vt 0.369230 0.026318
vt 0.358044 0.026318
vt 0.363637 0.018058
vt 0.374644 0.034666
vt 0.363637 0.032987
vt 0.379780 0.043167
vt 0.368860 0.039755
vt 0.352630 0.034666
vt 0.358414 0.039755
vt 0.373462 0.046815
vt 0.363637 0.044793
vt 0.382355 0.070424
vt 0.388880 0.060728
vt 0.392542 0.069720
vt 0.372824 0.070931
vt 0.380209 0.062237
vt 0.363637 0.071127
vt 0.371834 0.063376
vt 0.377235 0.054329
vt 0.384546 0.051865
vt 0.370273 0.056334
vt 0.363637 0.057234
vt 0.347494 0.043167
vt 0.373462 0.046815
vt 0.379780 0.043167
vt 0.367748 0.050114
vt 0.363637 0.063832
vt 0.363637 0.071127
vt 0.363637 0.052487
vt 0.323864 0.068889
vt 0.333073 0.078953
vt 0.329546 0.059048
vt 0.335228 0.049207
vt 0.347494 0.043167
vt 0.344106 0.078799
vt 0.354093 0.078739
vt 0.369319 0.009841
vt 0.357955 0.009841
vt 0.363637 0.000000
vt 0.375001 0.019683
vt 0.380682 0.029524
vt 0.386364 0.039365
vt 0.352273 0.019683
vt 0.346592 0.029524
vt 0.340910 0.039365
vt 0.394201 0.078953
vt 0.403410 0.068889
vt 0.373181 0.078739
vt 0.363637 0.078731
vt 0.397728 0.059048
vt 0.392046 0.049207
vt 0.164263 0.086501
vt 0.160156 0.095297
vt 0.155218 0.086963
vt 0.173238 0.086197
vt 0.167098 0.094323
vt 0.182124 0.086157
vt 0.174578 0.093550
vt 0.164987 0.103551
vt 0.170483 0.101904
vt 0.182563 0.099786
vt 0.176440 0.100400
vt 0.206518 0.097695
vt 0.200471 0.087216
vt 0.210262 0.088551
vt 0.202469 0.106150
vt 0.198339 0.095431
vt 0.198220 0.114091
vt 0.195546 0.103164
vt 0.191125 0.086479
vt 0.190246 0.093971
vt 0.192116 0.110330
vt 0.188880 0.100884
vt 0.183432 0.136606
vt 0.183435 0.122891
vt 0.188783 0.129259
vt 0.178713 0.128160
vt 0.178631 0.116176
vt 0.174175 0.119877
vt 0.174311 0.109197
vt 0.188003 0.116901
vt 0.193685 0.121732
vt 0.183030 0.111867
vt 0.179082 0.106515
vt 0.182124 0.086157
vt 0.182326 0.093333
vt 0.192116 0.110330
vt 0.198220 0.114091
vt 0.186657 0.106897
vt 0.169617 0.111733
vt 0.174311 0.109197
vt 0.182747 0.104416
vt 0.151864 0.078453
vt 0.147610 0.087460
vt 0.162761 0.078480
vt 0.154617 0.096228
vt 0.160430 0.104999
vt 0.219638 0.091513
vt 0.212386 0.078951
vt 0.214266 0.101132
vt 0.209356 0.109775
vt 0.204653 0.117975
vt 0.181977 0.078639
vt 0.189551 0.143876
vt 0.169617 0.111733
vt 0.195074 0.134588
vt 0.199974 0.126123
vt 0.204653 0.117975
vt 0.232758 0.105235
vt 0.221101 0.106031
vt 0.226803 0.097567
vt 0.238266 0.113420
vt 0.227113 0.111986
vt 0.243416 0.121897
vt 0.232474 0.118518
vt 0.215903 0.114012
vt 0.221934 0.118660
vt 0.237095 0.125543
vt 0.227249 0.123540
vt 0.245985 0.149151
vt 0.252516 0.139458
vt 0.256178 0.148450
vt 0.235455 0.142097
vt 0.243841 0.140965
vt 0.236440 0.149649
vt 0.227236 0.142541
vt 0.248182 0.130595
vt 0.233897 0.135057
vt 0.240868 0.133058
vt 0.227247 0.135949
vt 0.202588 0.138264
vt 0.208518 0.148838
vt 0.198661 0.147379
vt 0.206763 0.129827
vt 0.210779 0.140600
vt 0.211150 0.121831
vt 0.213747 0.132810
vt 0.218010 0.149580
vt 0.219029 0.142028
vt 0.217431 0.125512
vt 0.220608 0.135011
vt 0.243416 0.121897
vt 0.231375 0.128838
vt 0.237095 0.125543
vt 0.227226 0.149831
vt 0.227236 0.142541
vt 0.217431 0.125512
vt 0.211150 0.121832
vt 0.223138 0.128827
vt 0.227254 0.131206
vt 0.232955 0.088572
vt 0.219638 0.091513
vt 0.238637 0.098413
vt 0.244319 0.108254
vt 0.250001 0.118096
vt 0.214266 0.101132
vt 0.209356 0.109775
vt 0.204653 0.117975
vt 0.267046 0.147620
vt 0.236795 0.157457
vt 0.227226 0.149831
vt 0.261364 0.137778
vt 0.255683 0.127937
vt 0.250001 0.118096
vt 0.196460 0.157202
vt 0.207582 0.157334
vt 0.227222 0.157431
vt 0.908933 0.078822
vt 0.711490 0.043375
vt 0.863637 0.165064
vt 0.704546 0.196826
vt 0.659249 0.196917
vt 0.106156 0.201692
vt 0.089742 0.236865
vt 0.834325 0.200628
vt 0.659249 0.196917
vt 0.045506 0.314951
vt 0.772728 0.314921
vt 0.750000 0.354286
vt 0.638889 0.393651
vt 0.638889 0.393651
vt 0.704546 0.354286
vt 0.659198 0.354407
vt 0.828007 0.361736
vt 0.818182 0.393652
vt 0.853812 0.346837
vt 0.886364 0.354286
vt 0.104692 0.358599
vt 0.614753 0.276078
vt 0.594102 0.305241
vt 0.614753 0.276078
vt 0.681767 0.314951
vt 0.795455 0.275556
vt 0.840909 0.275556
vt 0.853812 0.283005
vt 0.863637 0.314921
vt 0.840909 0.275556
vt 0.068234 0.275586
vt 0.022728 0.275556
vt 0.089742 0.236865
vt 0.147577 0.277911
vt 0.727273 0.236191
vt 0.704546 0.275556
vt 0.717448 0.204275
vt 0.727273 0.228588
vt 0.704546 0.196826
vt 0.795455 0.196826
vt 0.909091 0.236191
vt 0.931818 0.196826
vt 0.909091 0.236191
vt 0.954546 0.165064
vt 0.613637 0.118096
vt 0.750000 0.118096
vt 0.886364 0.118096
vt 0.840909 0.118096
vt 0.899266 0.110646
vt 0.938403 0.121897
vt 0.148587 0.119868
vt 0.113637 0.118096
vt 0.204546 0.039365
vt 0.295455 0.118096
vt 0.147582 0.189328
vt 0.288871 0.200628
vt 0.470689 0.200628
vt 0.444721 0.204275
vt 0.227274 0.314921
vt 0.568182 0.354286
vt 0.509825 0.346837
vt 0.159092 0.354286
vt 0.272728 0.393652
vt 0.340910 0.354286
vt 0.431819 0.275556
vt 0.409092 0.314921
vt 0.490176 0.283005
vt 0.522570 0.275465
vt 0.250001 0.275556
vt 0.227274 0.314921
vt 0.282553 0.268107
vt 0.262903 0.268107
vt 0.318182 0.300023
vt 0.308358 0.283005
vt 0.295455 0.275556
vt 0.522570 0.275465
vt 0.554560 0.203839
vt 0.182987 0.235517
vt 0.204495 0.196796
vt 0.340910 0.275556
vt 0.386364 0.196826
vt 0.431819 0.196826
vt 0.545297 0.078639
vt 0.522622 0.117975
vt 0.409092 0.157461
vt 0.353812 0.110646
vt 0.386364 0.118096
vt 0.363637 0.063832
vt 0.182326 0.093333
vt 0.227222 0.157431
s 1
f 1124/1/1 1129/2/2 1128/3/3
f 1126/4/4 1129/2/2 1125/5/5
f 1127/6/6 1130/7/7 1126/4/4
f 1128/3/3 1133/8/8 1132/9/9
f 1129/2/2 1134/10/10 1133/8/8
f 1131/11/11 1134/10/10 1130/7/7
f 1136/12/12 1141/13/13 1140/14/14
f 1137/15/15 1142/16/16 1141/13/13
f 1138/17/17 1143/18/18 1142/16/16
f 1140/14/14 1145/19/19 1144/20/20
f 1141/13/13 1146/21/21 1145/19/19
f 1142/16/16 1147/22/22 1146/21/21
f 1149/23/23 1152/24/24 1148/25/25
f 1150/26/26 1153/27/27 1149/23/23
f 1151/28/28 1154/29/29 1150/26/26
f 1153/27/27 1156/30/30 1152/24/24
f 1154/29/29 1157/31/31 1153/27/27
f 1155/32/32 1158/33/33 1154/29/29
f 1144/20/20 1131/34/11 1127/6/6
f 1145/19/19 1135/35/34 1131/34/11
f 1157/31/31 1139/36/35 1156/30/30
f 1158/33/33 1143/18/18 1157/31/31
f 1132/9/9 1155/37/32 1151/38/28
f 1133/8/8 1159/39/36 1155/37/32
f 1134/10/10 1123/40/37 1159/39/36
f 1146/21/21 1123/40/37 1135/35/34
f 1159/39/36 1147/22/22 1158/33/33
f 1/41/38 1124/1/1 79/42/39
f 64/43/40 1124/1/1 65/44/41
f 63/45/42 1125/5/5 64/43/40
f 62/46/43 1126/4/4 63/45/42
f 79/42/39 1128/3/3 78/47/44
f 78/47/44 1132/9/9 77/48/45
f 77/48/45 1151/38/28 76/49/46
f 10/50/47 1136/12/12 59/51/48
f 597/52/49 1137/15/15 1136/12/12
f 596/53/50 1138/17/17 1137/15/15
f 595/54/51 1139/55/35 1138/17/17
f 59/51/48 1140/14/14 60/56/52
f 60/56/52 1144/20/20 61/57/53
f 61/57/53 1127/6/6 62/58/43
f 73/59/54 591/60/55 12/61/56
f 74/62/57 1148/25/25 73/59/54
f 75/63/58 1149/23/23 74/62/57
f 76/49/46 1150/26/26 75/63/58
f 1148/25/25 592/64/59 591/60/55
f 1152/24/24 593/65/60 592/64/59
f 1156/30/30 594/66/61 593/65/60
f 1162/67/62 1165/68/63 1161/69/64
f 1162/67/62 1167/70/65 1166/71/66
f 1163/72/67 1168/73/68 1167/70/65
f 1166/71/66 1169/74/69 1165/68/63
f 1166/71/66 1171/75/70 1170/76/71
f 1167/70/65 1172/77/72 1171/75/70
f 1174/78/73 1177/79/74 1173/80/75
f 1175/81/76 1178/82/77 1174/78/73
f 1176/83/78 1179/84/79 1175/81/76
f 1178/82/77 1181/85/80 1177/79/74
f 1179/84/79 1182/86/81 1178/82/77
f 1180/87/82 1183/88/83 1179/84/79
f 1185/89/84 1190/90/85 1189/91/86
f 1186/92/87 1191/93/88 1190/90/85
f 1187/94/89 1192/95/90 1191/93/88
f 1189/91/86 1194/96/91 1193/97/92
f 1190/90/85 1195/98/93 1194/96/91
f 1191/93/88 1196/99/94 1195/98/93
f 1182/86/81 1164/100/95 1181/85/80
f 1183/88/83 1168/101/68 1182/86/81
f 1193/97/92 1180/102/82 1176/103/78
f 1194/96/91 1184/104/96 1180/102/82
f 1170/76/71 1188/105/97 1169/74/69
f 1171/75/70 1192/106/90 1170/76/71
f 1171/75/70 1160/107/98 1196/99/94
f 1184/104/96 1172/77/72 1183/88/83
f 1195/98/93 1160/107/98 1184/104/96
f 79/108/39 93/109/99 1/110/38
f 78/111/44 1161/69/64 79/108/39
f 77/112/45 1162/67/62 78/111/44
f 77/112/45 1164/113/95 1163/72/67
f 1161/69/64 92/114/100 93/109/99
f 1165/68/63 91/115/101 92/114/100
f 1169/74/69 90/116/102 91/115/101
f 576/117/103 73/118/54 12/119/56
f 575/120/104 1173/80/75 576/117/103
f 574/121/105 1174/78/73 575/120/104
f 573/122/106 1175/81/76 574/121/105
f 1173/80/75 74/123/57 73/118/54
f 1177/79/74 75/124/58 74/123/57
f 1181/85/80 76/125/46 75/124/58
f 14/126/107 1185/89/84 570/127/108
f 87/128/109 1186/92/87 1185/89/84
f 88/129/110 1187/94/89 1186/92/87
f 89/130/111 1188/131/97 1187/94/89
f 570/127/108 1189/91/86 571/132/112
f 571/132/112 1193/97/92 572/133/113
f 572/133/113 1176/103/78 573/134/106
f 1199/135/114 1202/136/115 1198/137/116
f 1200/138/117 1203/139/118 1199/135/114
f 1200/138/117 1205/140/119 1204/141/120
f 1202/136/115 1207/142/121 1206/143/122
f 1203/139/118 1208/144/123 1207/142/121
f 1204/141/120 1209/145/124 1208/144/123
f 1211/146/125 1214/147/126 1210/148/127
f 1212/149/128 1215/150/129 1211/146/125
f 1213/151/130 1216/152/131 1212/149/128
f 1215/150/129 1218/153/132 1214/147/126
f 1216/152/131 1219/154/133 1215/150/129
f 1216/152/131 1221/155/134 1220/156/135
f 1223/157/136 1226/158/137 1222/159/138
f 1224/160/139 1227/161/140 1223/157/136
f 1225/162/141 1228/163/142 1224/160/139
f 1227/161/140 1230/164/143 1226/158/137
f 1228/163/142 1231/165/144 1227/161/140
f 1229/166/145 1232/167/146 1228/163/142
f 1219/154/133 1201/168/147 1218/153/132
f 1220/156/135 1205/169/119 1219/154/133
f 1231/165/144 1213/170/130 1230/164/143
f 1232/167/146 1217/171/148 1231/165/144
f 1206/143/122 1229/172/145 1225/173/141
f 1207/142/121 1233/174/149 1229/172/145
f 1208/144/123 1197/175/150 1233/174/149
f 1220/156/135 1197/175/150 1209/145/124
f 1232/167/146 1197/175/150 1221/155/134
f 86/176/151 114/177/152 3/178/153
f 85/179/154 1198/137/116 86/176/151
f 84/180/155 1199/135/114 85/179/154
f 83/181/156 1200/138/117 84/180/155
f 1198/137/116 113/182/157 114/177/152
f 113/182/157 1206/143/122 112/183/158
f 112/183/158 1225/173/141 111/184/159
f 492/185/160 80/186/161 13/187/162
f 491/188/163 1210/148/127 492/185/160
f 490/189/164 1211/146/125 491/188/163
f 490/189/164 1213/151/130 1212/149/128
f 1210/148/127 81/190/165 80/186/161
f 81/190/165 1218/153/132 82/191/166
f 82/191/166 1201/168/147 83/181/156
f 108/192/167 486/193/168 18/194/169
f 109/195/170 1222/159/138 108/192/167
f 110/196/171 1223/157/136 109/195/170
f 111/184/159 1224/160/139 110/196/171
f 1222/159/138 487/197/172 486/193/168
f 1226/158/137 488/198/173 487/197/172
f 1230/164/143 489/199/174 488/198/173
f 1236/200/175 1239/201/176 1235/202/177
f 1237/203/178 1240/204/179 1236/200/175
f 1238/205/180 1241/206/181 1237/203/178
f 1240/204/179 1243/207/182 1239/201/176
f 1241/206/181 1244/208/183 1240/204/179
f 1242/209/184 1245/210/185 1241/206/181
f 1248/211/186 1251/212/187 1247/213/188
f 1249/214/189 1252/215/190 1248/211/186
f 1250/216/191 1253/217/192 1249/214/189
f 1252/215/190 1255/218/193 1251/212/187
f 1253/217/192 1256/219/194 1252/215/190
f 1254/220/195 1257/221/196 1253/217/192
f 1260/222/197 1263/223/198 1259/224/199
f 1261/225/200 1264/226/201 1260/222/197
f 1261/225/200 1266/227/202 1265/228/203
f 1264/226/201 1267/229/204 1263/223/198
f 1265/228/203 1268/230/205 1264/226/201
f 1265/228/203 1270/231/206 1269/232/207
f 1255/218/193 1242/233/184 1238/205/180
f 1256/219/194 1246/234/208 1242/233/184
f 1268/230/205 1250/235/191 1267/229/204
f 1269/232/207 1254/220/195 1268/230/205
f 1244/208/183 1262/236/209 1243/207/182
f 1245/210/185 1266/227/202 1244/208/183
f 1245/210/185 1234/237/210 1270/231/206
f 1257/221/196 1234/237/210 1246/234/208
f 1269/232/207 1234/237/210 1258/238/211
f 100/239/212 128/240/213 4/241/214
f 99/242/215 1235/202/177 100/239/212
f 98/243/216 1236/200/175 99/242/215
f 97/244/217 1237/203/178 98/243/216
f 1235/202/177 127/245/218 128/240/213
f 1239/201/176 126/246/219 127/245/218
f 1243/207/182 125/247/220 126/246/219
f 471/248/221 94/249/222 15/250/223
f 470/251/224 1247/213/188 471/248/221
f 469/252/225 1248/211/186 470/251/224
f 469/252/225 1250/216/191 1249/214/189
f 1247/213/188 95/253/226 94/249/222
f 1251/212/187 96/254/227 95/253/226
f 96/254/227 1238/205/180 97/244/217
f 122/255/228 465/256/229 20/257/230
f 123/258/231 1259/224/199 122/255/228
f 123/258/231 1261/225/200 1260/222/197
f 124/259/232 1262/260/209 1261/225/200
f 1259/224/199 466/261/233 465/256/229
f 1263/223/198 467/262/234 466/261/233
f 1267/229/204 468/263/235 467/262/234
f 1272/264/236 1277/265/237 1276/266/238
f 1273/267/239 1278/268/240 1277/265/237
f 1274/269/241 1279/270/242 1278/268/240
f 1276/266/238 1281/271/243 1280/272/244
f 1277/265/237 1282/273/245 1281/271/243
f 1278/268/240 1283/274/246 1282/273/245
f 1284/275/247 1289/276/248 1288/277/249
f 1285/278/250 1290/279/251 1289/276/248
f 1286/280/252 1291/281/253 1290/279/251
f 1289/276/248 1292/282/254 1288/277/249
f 1289/276/248 1294/283/255 1293/284/256
f 1290/279/251 1295/285/257 1294/283/255
f 1297/286/258 1300/287/259 1296/288/260
f 1298/289/261 1301/290/262 1297/286/258
f 1299/291/263 1302/292/264 1298/289/261
f 1301/290/262 1304/293/265 1300/287/259
f 1302/292/264 1305/294/266 1301/290/262
f 1303/295/267 1306/296/268 1302/292/264
f 1293/284/256 1275/297/269 1292/282/254
f 1294/283/255 1279/298/242 1293/284/256
f 1305/294/266 1287/299/270 1304/293/265
f 1306/296/268 1291/300/253 1305/294/266
f 1280/272/244 1303/295/267 1299/301/263
f 1281/271/243 1307/302/271 1303/295/267
f 1282/273/245 1271/303/272 1307/302/271
f 1294/283/255 1271/303/272 1283/274/246
f 1307/302/271 1295/285/257 1306/296/268
f 2/304/273 1272/264/236 234/305/274
f 107/306/275 1273/267/239 1272/264/236
f 106/307/276 1274/269/241 1273/267/239
f 105/308/277 1275/309/269 1274/269/241
f 234/305/274 1276/266/238 235/310/278
f 235/310/278 1280/272/244 236/311/279
f 236/311/279 1299/301/263 237/312/280
f 17/313/281 1284/275/247 101/314/282
f 429/315/283 1285/278/250 1284/275/247
f 428/316/284 1286/280/252 1285/278/250
f 427/317/285 1287/318/270 1286/280/252
f 101/314/282 1288/277/249 102/319/286
f 1288/277/249 103/320/287 102/319/286
f 1292/282/254 104/321/288 103/320/287
f 240/322/289 423/323/290 19/324/291
f 239/325/292 1296/288/260 240/322/289
f 238/326/293 1297/286/258 239/325/292
f 237/312/280 1298/289/261 238/326/293
f 1296/288/260 424/327/294 423/323/290
f 1300/287/259 425/328/295 424/327/294
f 1304/293/265 426/329/296 425/328/295
f 1310/330/297 1313/331/298 1309/332/299
f 1311/333/300 1314/334/301 1310/330/297
f 1311/333/300 1316/335/302 1315/336/303
f 1314/334/301 1317/337/304 1313/331/298
f 1315/336/303 1318/338/305 1314/334/301
f 1315/336/303 1320/339/306 1319/340/307
f 1322/341/308 1325/342/309 1321/343/310
f 1323/344/311 1326/345/312 1322/341/308
f 1324/346/313 1327/347/314 1323/344/311
f 1326/345/312 1329/348/315 1325/342/309
f 1327/347/314 1330/349/316 1326/345/312
f 1328/350/317 1331/351/318 1327/347/314
f 1334/352/319 1337/353/320 1333/354/321
f 1335/355/322 1338/356/323 1334/352/319
f 1335/355/322 1340/357/324 1339/358/325
f 1337/353/320 1342/359/326 1341/360/327
f 1339/358/325 1342/359/326 1338/356/323
f 1340/357/324 1343/361/328 1339/358/325
f 1330/349/316 1312/362/329 1329/348/315
f 1331/351/318 1316/363/302 1330/349/316
f 1341/360/327 1328/364/317 1324/365/313
f 1342/359/326 1332/366/330 1328/364/317
f 1318/338/305 1336/367/331 1317/337/304
f 1318/338/305 1344/368/332 1340/357/324
f 1319/340/307 1308/369/333 1344/368/332
f 1331/351/318 1308/369/333 1320/339/306
f 1343/361/328 1308/369/333 1332/366/330
f 114/370/152 248/371/334 3/178/153
f 113/372/157 1309/332/299 114/370/152
f 112/183/158 1310/330/297 113/372/157
f 111/373/159 1311/333/300 112/183/158
f 1309/332/299 249/374/335 248/371/334
f 1313/331/298 250/375/336 249/374/335
f 1317/337/304 251/376/337 250/375/336
f 408/377/338 108/378/167 18/194/169
f 407/379/339 1321/343/310 408/377/338
f 406/380/340 1322/341/308 407/379/339
f 405/381/341 1323/344/311 406/380/340
f 1321/343/310 109/382/170 108/378/167
f 1325/342/309 110/383/171 109/382/170
f 1329/348/315 111/384/159 110/383/171
f 254/385/342 402/386/343 21/387/344
f 253/388/345 1333/354/321 254/385/342
f 253/388/345 1335/355/322 1334/352/319
f 252/389/346 1336/390/331 1335/355/322
f 402/386/343 1337/353/320 403/391/347
f 403/391/347 1341/360/327 404/392/348
f 404/392/348 1324/365/313 405/393/341
f 1346/394/349 1351/395/350 1350/396/351
f 1347/397/352 1352/398/353 1351/395/350
f 1348/399/354 1353/400/355 1352/398/353
f 1350/396/351 1355/401/356 1354/402/357
f 1351/395/350 1356/403/358 1355/401/356
f 1352/398/353 1357/404/359 1356/403/358
f 1359/405/360 1362/406/361 1358/407/362
f 1360/408/363 1363/409/364 1359/405/360
f 1361/410/365 1364/411/366 1360/408/363
f 1363/409/364 1366/412/367 1362/406/361
f 1364/411/366 1367/413/368 1363/409/364
f 1365/414/369 1368/415/370 1364/411/366
f 1370/416/371 1375/417/372 1374/418/373
f 1372/419/374 1375/417/372 1371/420/375
f 1373/421/376 1376/422/377 1372/419/374
f 1374/418/373 1379/423/378 1378/424/379
f 1375/417/372 1380/425/380 1379/423/378
f 1377/426/381 1380/425/380 1376/422/377
f 1367/413/368 1349/427/382 1366/412/367
f 1368/415/370 1353/428/355 1367/413/368
f 1378/424/379 1365/429/369 1361/430/365
f 1379/423/378 1369/431/383 1365/429/369
f 1354/402/357 1377/432/381 1373/433/376
f 1355/401/356 1381/434/384 1377/432/381
f 1356/403/358 1345/435/385 1381/434/384
f 1369/431/383 1357/404/359 1368/415/370
f 1380/425/380 1345/435/385 1369/431/383
f 4/241/214 1346/394/349 255/436/386
f 128/240/213 1347/397/352 1346/394/349
f 127/437/218 1348/399/354 1347/397/352
f 126/438/219 1349/427/382 1348/399/354
f 255/436/386 1350/396/351 256/439/387
f 256/439/387 1354/402/357 257/440/388
f 257/440/388 1373/433/376 258/441/389
f 387/442/390 122/255/228 20/257/230
f 386/443/391 1358/407/362 387/442/390
f 385/444/392 1359/405/360 386/443/391
f 384/445/393 1360/408/363 385/444/392
f 1358/407/362 123/446/231 122/255/228
f 1362/406/361 124/447/232 123/446/231
f 1366/412/367 125/247/220 124/447/232
f 22/448/394 1370/416/371 381/449/395
f 261/450/396 1371/420/375 1370/416/371
f 259/451/397 1371/420/375 260/452/398
f 258/453/389 1372/419/374 259/451/397
f 381/449/395 1374/418/373 382/454/399
f 382/454/399 1378/424/379 383/455/400
f 383/455/400 1361/430/365 384/456/393
f 1384/457/401 1387/458/402 1383/459/403
f 1384/457/401 1389/460/404 1388/461/405
f 1385/462/406 1390/463/407 1389/460/404
f 1387/458/402 1392/464/408 1391/465/409
f 1388/461/405 1393/466/410 1392/464/408
f 1389/460/404 1394/467/411 1393/466/410
f 1396/468/412 1399/469/413 1395/470/414
f 1397/471/415 1400/472/416 1396/468/412
f 1398/473/417 1401/474/418 1397/471/415
f 1400/472/416 1403/475/419 1399/469/413
f 1401/474/418 1404/476/420 1400/472/416
f 1402/477/421 1405/478/422 1401/474/418
f 1408/479/423 1411/480/424 1407/481/425
f 1409/482/426 1412/483/427 1408/479/423
f 1410/484/428 1413/485/429 1409/482/426
f 1411/480/424 1416/486/430 1415/487/431
f 1412/483/427 1417/488/432 1416/486/430
f 1413/485/429 1418/489/433 1417/488/432
f 1404/476/420 1386/490/434 1403/475/419
f 1405/478/422 1390/491/407 1404/476/420
f 1415/487/431 1402/492/421 1398/493/417
f 1416/486/430 1406/494/435 1402/492/421
f 1391/465/409 1414/495/436 1410/496/428
f 1392/464/408 1418/489/433 1414/495/436
f 1393/466/410 1382/497/437 1418/489/433
f 1405/478/422 1382/497/437 1394/467/411
f 1417/488/432 1382/497/437 1406/494/435
f 149/498/438 170/499/439 6/500/440
f 148/501/441 1383/459/403 149/498/438
f 148/501/441 1385/462/406 1384/457/401
f 147/502/442 1386/503/434 1385/462/406
f 1383/459/403 169/504/443 170/499/439
f 1387/458/402 168/505/444 169/504/443
f 168/505/444 1410/496/428 167/506/445
f 366/507/446 143/508/447 23/509/448
f 365/510/449 1395/470/414 366/507/446
f 364/511/450 1396/468/412 365/510/449
f 363/512/451 1397/471/415 364/511/450
f 1395/470/414 144/513/452 143/508/447
f 1399/469/413 145/514/453 144/513/452
f 1403/475/419 146/515/454 145/514/453
f 164/516/455 360/517/456 27/518/457
f 165/519/458 1407/481/425 164/516/455
f 166/520/459 1408/479/423 165/519/458
f 167/521/445 1409/482/426 166/520/459
f 1407/481/425 361/522/460 360/517/456
f 361/522/460 1415/487/431 362/523/461
f 362/523/461 1398/493/417 363/524/451
f 1421/525/462 1424/526/463 1420/527/464
f 1422/528/465 1425/529/466 1421/525/462
f 1422/528/465 1427/530/467 1426/531/468
f 1425/529/466 1428/532/469 1424/526/463
f 1425/529/466 1430/533/470 1429/534/471
f 1426/531/468 1431/535/472 1430/533/470
f 1433/536/473 1436/537/474 1432/538/475
f 1434/539/476 1437/540/477 1433/536/473
f 1435/541/478 1438/542/479 1434/539/476
f 1437/540/477 1440/543/480 1436/537/474
f 1438/542/479 1441/544/481 1437/540/477
f 1439/545/482 1442/546/483 1438/542/479
f 1445/547/484 1448/548/485 1444/549/486
f 1446/550/487 1449/551/488 1445/547/484
f 1446/550/487 1451/552/489 1450/553/490
f 1448/548/485 1453/554/491 1452/555/492
f 1449/551/488 1454/556/493 1453/554/491
f 1450/553/490 1455/557/494 1454/556/493
f 1441/544/481 1423/558/495 1440/543/480
f 1442/546/483 1427/559/467 1441/544/481
f 1452/555/492 1439/560/482 1435/561/478
f 1453/554/491 1443/562/496 1439/560/482
f 1429/534/471 1447/563/497 1428/532/469
f 1429/534/471 1455/557/494 1451/552/489
f 1430/533/470 1419/564/498 1455/557/494
f 1442/546/483 1419/564/498 1431/535/472
f 1454/556/493 1419/564/498 1443/562/496
f 156/565/499 177/566/500 7/567/501
f 155/568/502 1420/527/464 156/565/499
f 154/569/503 1421/525/462 155/568/502
f 154/569/503 1423/570/495 1422/528/465
f 1420/527/464 176/571/504 177/566/500
f 1424/526/463 175/572/505 176/571/504
f 175/572/505 1447/563/497 174/573/506
f 345/574/507 150/575/508 24/576/509
f 344/577/510 1432/538/475 345/574/507
f 343/578/511 1433/536/473 344/577/510
f 342/579/512 1434/539/476 343/578/511
f 1432/538/475 151/580/513 150/575/508
f 1436/537/474 152/581/514 151/580/513
f 1440/543/480 153/582/515 152/581/514
f 171/583/516 339/584/517 28/585/518
f 172/586/519 1444/549/486 171/583/516
f 173/587/520 1445/547/484 172/586/519
f 173/587/520 1447/588/497 1446/550/487
f 1444/549/486 340/589/521 339/584/517
f 340/589/521 1452/555/492 341/590/522
f 341/590/522 1435/561/478 342/591/512
f 1457/592/523 1462/593/524 1461/594/525
f 1458/595/526 1463/596/527 1462/593/524
f 1459/597/528 1464/598/529 1463/596/527
f 1462/593/524 1465/599/530 1461/594/525
f 1462/593/524 1467/600/531 1466/601/532
f 1463/596/527 1468/602/533 1467/600/531
f 1470/603/534 1473/604/535 1469/605/536
f 1471/606/537 1474/607/538 1470/603/534
f 1472/608/539 1475/609/540 1471/606/537
f 1474/607/538 1477/610/541 1473/604/535
f 1475/609/540 1478/611/542 1474/607/538
f 1476/612/543 1479/613/544 1475/609/540
f 1481/614/545 1486/615/546 1485/616/547
f 1482/617/548 1487/618/549 1486/615/546
f 1483/619/550 1488/620/551 1487/618/549
f 1485/616/547 1490/621/552 1489/622/553
f 1486/615/546 1491/623/554 1490/621/552
f 1487/618/549 1492/624/555 1491/623/554
f 1478/611/542 1460/625/556 1477/610/541
f 1479/613/544 1464/626/529 1478/611/542
f 1489/622/553 1476/612/543 1472/627/539
f 1490/621/552 1480/628/557 1476/612/543
f 1466/601/532 1484/629/558 1465/599/530
f 1467/600/531 1488/620/551 1466/601/532
f 1467/600/531 1456/630/559 1492/624/555
f 1480/628/557 1468/602/533 1479/613/544
f 1491/623/554 1456/630/559 1480/628/557
f 29/631/560 1457/592/523 310/632/561
f 311/633/562 1458/595/526 1457/592/523
f 312/634/563 1459/597/528 1458/595/526
f 313/635/564 1460/625/556 1459/597/528
f 310/632/561 1461/594/525 309/636/565
f 309/636/565 1465/599/530 308/637/566
f 1465/599/530 307/638/567 308/637/566
f 303/639/568 317/640/569 28/641/518
f 302/642/570 1469/605/536 303/639/568
f 301/643/571 1470/603/534 302/642/570
f 300/644/572 1471/606/537 301/643/571
f 1469/605/536 316/645/573 317/640/569
f 1473/604/535 315/646/574 316/645/573
f 1477/610/541 314/647/575 315/646/574
f 9/648/576 1481/614/545 297/649/577
f 304/650/578 1482/617/548 1481/614/545
f 305/651/579 1483/619/550 1482/617/548
f 306/652/580 1484/653/558 1483/619/550
f 297/649/577 1485/616/547 298/654/581
f 298/654/581 1489/622/553 299/655/582
f 299/655/582 1472/627/539 300/644/572
f 1495/656/583 1498/657/584 1494/658/585
f 1496/659/586 1499/660/587 1495/656/583
f 1497/661/588 1500/662/589 1496/659/586
f 1499/660/587 1502/663/590 1498/657/584
f 1500/662/589 1503/664/591 1499/660/587
f 1501/665/592 1504/666/593 1500/662/589
f 1506/667/594 1511/668/595 1510/669/596
f 1507/670/597 1512/671/598 1511/668/595
f 1508/672/599 1513/673/600 1512/671/598
f 1510/669/596 1515/674/601 1514/675/602
f 1511/668/595 1516/676/603 1515/674/601
f 1512/671/598 1517/677/604 1516/676/603
f 1519/678/605 1522/679/606 1518/680/607
f 1520/681/608 1523/682/609 1519/678/605
f 1521/683/610 1524/684/611 1520/681/608
f 1523/682/609 1526/685/612 1522/679/606
f 1524/684/611 1527/686/613 1523/682/609
f 1525/687/614 1528/688/615 1524/684/611
f 1514/675/602 1501/689/592 1497/690/588
f 1515/674/601 1505/691/616 1501/689/592
f 1527/686/613 1509/692/617 1526/685/612
f 1528/688/615 1513/693/600 1527/686/613
f 1503/664/591 1521/683/610 1502/663/590
f 1504/666/593 1525/694/614 1503/664/591
f 1504/666/593 1493/695/618 1529/696/619
f 1516/676/603 1493/695/618 1505/691/616
f 1529/696/619 1517/677/604 1528/688/615
f 318/697/620 311/698/562 29/699/560
f 319/700/621 1494/658/585 318/697/620
f 320/701/622 1495/656/583 319/700/621
f 321/702/623 1496/659/586 320/701/622
f 1494/658/585 312/703/563 311/698/562
f 1498/657/584 313/704/564 312/703/563
f 1502/663/590 314/705/575 313/704/564
f 25/706/624 1506/667/594 324/707/625
f 331/708/626 1507/670/597 1506/667/594
f 330/709/627 1508/672/599 1507/670/597
f 329/710/628 1509/711/617 1508/672/599
f 324/707/625 1510/669/596 323/712/629
f 323/712/629 1514/675/602 322/713/630
f 322/713/630 1497/690/588 321/714/623
f 317/715/569 325/716/631 28/641/518
f 316/717/573 1518/680/607 317/715/569
f 315/718/574 1519/678/605 316/717/573
f 315/718/574 1521/683/610 1520/681/608
f 1518/680/607 326/719/632 325/716/631
f 1522/679/606 327/720/633 326/719/632
f 1526/685/612 328/721/634 327/720/633
f 1532/722/635 1535/723/636 1531/724/637
f 1533/725/638 1536/726/639 1532/722/635
f 1534/727/640 1537/728/641 1533/725/638
f 1536/726/639 1539/729/642 1535/723/636
f 1537/728/641 1540/730/643 1536/726/639
f 1538/731/644 1541/732/645 1537/728/641
f 1544/733/646 1547/734/647 1543/735/648
f 1544/733/646 1549/736/649 1548/737/650
f 1545/738/651 1550/739/652 1549/736/649
f 1547/734/647 1552/740/653 1551/741/654
f 1548/737/650 1553/742/655 1552/740/653
f 1549/736/649 1554/743/656 1553/742/655
f 1556/744/657 1559/745/658 1555/746/659
f 1557/747/660 1560/748/661 1556/744/657
f 1557/747/660 1562/749/662 1561/750/663
f 1560/748/661 1563/751/664 1559/745/658
f 1561/750/663 1564/752/665 1560/748/661
f 1561/750/663 1566/753/666 1565/754/667
f 1551/741/654 1538/755/644 1534/756/640
f 1552/740/653 1542/757/668 1538/755/644
f 1564/752/665 1546/758/669 1563/751/664
f 1565/754/667 1550/739/652 1564/752/665
f 1540/730/643 1558/759/670 1539/729/642
f 1541/732/645 1562/760/662 1540/730/643
f 1542/757/668 1566/753/666 1541/732/645
f 1553/742/655 1530/761/671 1542/757/668
f 1565/754/667 1530/761/671 1554/743/656
f 282/762/672 331/763/626 25/706/624
f 281/764/673 1531/724/637 282/762/672
f 280/765/674 1532/722/635 281/764/673
f 279/766/675 1533/725/638 280/765/674
f 1531/724/637 330/709/627 331/763/626
f 1535/723/636 329/767/628 330/709/627
f 1539/729/642 328/768/634 329/767/628
f 177/769/500 276/770/676 7/567/501
f 176/771/504 1543/735/648 177/769/500
f 176/771/504 1545/738/651 1544/733/646
f 175/772/505 1546/773/669 1545/738/651
f 1543/735/648 277/774/677 276/770/676
f 277/774/677 1551/741/654 278/775/678
f 278/775/678 1534/756/640 279/776/675
f 325/716/631 171/777/516 28/641/518
f 326/719/632 1555/746/659 325/716/631
f 326/719/632 1557/747/660 1556/744/657
f 327/778/633 1558/779/670 1557/747/660
f 1555/746/659 172/780/519 171/777/516
f 1559/745/658 173/781/520 172/780/519
f 1563/751/664 174/782/506 173/781/520
f 1569/783/679 1572/784/680 1568/785/681
f 1569/783/679 1574/786/682 1573/787/683
f 1570/788/684 1575/789/685 1574/786/682
f 1573/787/683 1576/790/686 1572/784/680
f 1573/787/683 1578/791/687 1577/792/688
f 1574/786/682 1579/793/689 1578/791/687
f 1581/794/690 1584/795/691 1580/796/692
f 1582/797/693 1585/798/694 1581/794/690
f 1582/797/693 1587/799/695 1586/800/696
f 1585/798/694 1588/801/697 1584/795/691
f 1586/800/696 1589/802/698 1585/798/694
f 1586/800/696 1591/803/699 1590/804/700
f 1593/805/701 1596/806/702 1592/807/703
f 1594/808/704 1597/809/705 1593/805/701
f 1595/810/706 1598/811/707 1594/808/704
f 1597/809/705 1600/812/708 1596/806/702
f 1598/811/707 1601/813/709 1597/809/705
f 1599/814/710 1602/815/711 1598/811/707
f 1589/802/698 1571/816/712 1588/801/697
f 1590/804/700 1575/817/685 1589/802/698
f 1601/813/709 1583/818/713 1600/812/708
f 1602/815/711 1587/819/695 1601/813/709
f 1576/790/686 1599/820/710 1595/821/706
f 1577/792/688 1603/822/714 1599/820/710
f 1578/791/687 1567/823/715 1603/822/714
f 1590/804/700 1567/823/715 1579/793/689
f 1603/822/714 1591/803/699 1602/815/711
f 332/824/716 303/825/568 28/585/518
f 333/826/717 1568/785/681 332/824/716
f 333/826/717 1570/788/684 1569/783/679
f 334/827/718 1571/828/712 1570/788/684
f 1568/785/681 302/829/570 303/825/568
f 302/829/570 1576/790/686 301/830/571
f 301/830/571 1595/821/706 300/831/572
f 296/832/719 338/833/720 27/834/457
f 295/835/721 1580/796/692 296/832/719
f 295/835/721 1582/797/693 1581/794/690
f 294/836/722 1583/837/713 1582/797/693
f 1580/796/692 337/838/723 338/833/720
f 1584/795/691 336/839/724 337/838/723
f 1588/801/697 335/840/725 336/839/724
f 297/841/577 290/842/726 9/843/576
f 298/844/581 1592/807/703 297/841/577
f 299/845/582 1593/805/701 298/844/581
f 300/831/572 1594/808/704 299/845/582
f 1592/807/703 291/846/727 290/842/726
f 1596/806/702 292/847/728 291/846/727
f 1600/812/708 293/848/729 292/847/728
f 1606/849/730 1609/850/731 1605/851/732
f 1607/852/733 1610/853/734 1606/849/730
f 1608/854/735 1611/855/736 1607/852/733
f 1610/853/734 1613/856/737 1609/850/731
f 1611/855/736 1614/857/738 1610/853/734
f 1612/858/739 1615/859/740 1611/855/736
f 1618/860/741 1621/861/742 1617/862/743
f 1619/863/744 1622/864/745 1618/860/741
f 1620/865/746 1623/866/747 1619/863/744
f 1622/864/745 1625/867/748 1621/861/742
f 1623/866/747 1626/868/749 1622/864/745
f 1623/866/747 1628/869/750 1627/870/751
f 1630/871/752 1633/872/753 1629/873/754
f 1631/874/755 1634/875/756 1630/871/752
f 1631/874/755 1636/876/757 1635/877/758
f 1634/875/756 1637/878/759 1633/872/753
f 1634/875/756 1639/879/760 1638/880/761
f 1635/877/758 1640/881/762 1639/879/760
f 1625/867/748 1612/882/739 1608/883/735
f 1626/868/749 1616/884/763 1612/882/739
f 1638/880/761 1620/885/746 1637/878/759
f 1638/880/761 1628/869/750 1624/886/764
f 1614/857/738 1632/887/765 1613/856/737
f 1615/859/740 1636/876/757 1614/857/738
f 1615/859/740 1604/888/766 1640/881/762
f 1627/870/751 1604/888/766 1616/884/763
f 1639/879/760 1604/888/766 1628/869/750
f 339/889/517 332/890/716 28/585/518
f 340/589/521 1605/851/732 339/889/517
f 341/891/522 1606/849/730 340/589/521
f 342/892/512 1607/852/733 341/891/522
f 1605/851/732 333/893/717 332/890/716
f 1609/850/731 334/827/718 333/893/717
f 1613/856/737 335/894/725 334/827/718
f 352/895/767 345/896/507 24/576/509
f 351/897/768 1617/862/743 352/895/767
f 350/898/769 1618/860/741 351/897/768
f 349/899/770 1619/863/744 350/898/769
f 1617/862/743 344/577/510 345/896/507
f 1621/861/742 343/900/511 344/577/510
f 343/900/511 1608/883/735 342/901/512
f 338/902/720 346/903/771 27/834/457
f 337/904/723 1629/873/754 338/902/720
f 337/904/723 1631/874/755 1630/871/752
f 336/905/724 1632/906/765 1631/874/755
f 1629/873/754 347/907/772 346/903/771
f 1633/872/753 348/908/773 347/907/772
f 1637/878/759 349/909/770 348/908/773
f 1643/910/774 1646/911/775 1642/912/776
f 1644/913/777 1647/914/778 1643/910/774
f 1645/915/779 1648/916/780 1644/913/777
f 1647/914/778 1650/917/781 1646/911/775
f 1648/916/780 1651/918/782 1647/914/778
f 1649/919/783 1652/920/784 1648/916/780
f 1655/921/785 1658/922/786 1654/923/787
f 1655/921/785 1660/924/788 1659/925/789
f 1656/926/790 1661/927/791 1660/924/788
f 1658/922/786 1663/928/792 1662/929/793
f 1659/925/789 1664/930/794 1663/928/792
f 1660/924/788 1665/931/795 1664/930/794
f 1667/932/796 1670/933/797 1666/934/798
f 1668/935/799 1671/936/800 1667/932/796
f 1669/937/801 1672/938/802 1668/935/799
f 1671/936/800 1674/939/803 1670/933/797
f 1672/938/802 1675/940/804 1671/936/800
f 1672/938/802 1677/941/805 1676/942/806
f 1662/929/793 1649/919/783 1645/915/779
f 1663/928/792 1653/943/807 1649/919/783
f 1675/940/804 1657/944/808 1674/939/803
f 1676/942/806 1661/945/791 1675/940/804
f 1651/918/782 1669/937/801 1650/917/781
f 1651/918/782 1677/941/805 1673/946/809
f 1652/920/784 1641/947/810 1677/941/805
f 1664/930/794 1641/947/810 1653/943/807
f 1676/942/806 1641/947/810 1665/931/795
f 275/948/811 352/949/767 24/576/509
f 274/950/812 1642/912/776 275/948/811
f 273/951/813 1643/910/774 274/950/812
f 272/952/814 1644/913/777 273/951/813
f 1642/912/776 351/953/768 352/949/767
f 1646/911/775 350/954/769 351/953/768
f 350/954/769 1669/937/801 349/955/770
f 170/956/439 269/957/815 6/958/440
f 169/959/443 1654/923/787 170/956/439
f 169/959/443 1656/926/790 1655/921/785
f 168/960/444 1657/961/808 1656/926/790
f 1654/923/787 270/962/816 269/957/815
f 270/962/816 1662/929/793 271/963/817
f 271/963/817 1645/915/779 272/952/814
f 346/964/771 164/965/455 27/834/457
f 347/966/772 1666/934/798 346/964/771
f 348/908/773 1667/932/796 347/966/772
f 349/967/770 1668/935/799 348/908/773
f 1666/934/798 165/968/458 164/965/455
f 1670/933/797 166/969/459 165/968/458
f 1674/939/803 167/970/445 166/969/459
f 1680/971/818 1683/972/819 1679/973/820
f 1681/974/821 1684/975/822 1680/971/818
f 1682/976/823 1685/977/824 1681/974/821
f 1684/975/822 1687/978/825 1683/972/819
f 1685/977/824 1688/979/826 1684/975/822
f 1686/980/827 1689/981/828 1685/977/824
f 1691/982/829 1696/983/830 1695/984/831
f 1693/985/832 1696/983/830 1692/986/833
f 1694/987/834 1697/988/835 1693/985/832
f 1695/984/831 1700/989/836 1699/990/837
f 1696/983/830 1701/991/838 1700/989/836
f 1698/992/839 1701/991/838 1697/988/835
f 1703/993/840 1708/994/841 1707/995/842
f 1704/996/843 1709/997/844 1708/994/841
f 1705/998/845 1710/999/846 1709/997/844
f 1707/995/842 1712/1000/847 1711/1001/848
f 1708/994/841 1713/1002/849 1712/1000/847
f 1709/997/844 1714/1003/850 1713/1002/849
f 1699/990/837 1686/1004/827 1682/976/823
f 1700/989/836 1690/1005/851 1686/1004/827
f 1711/1001/848 1698/1006/839 1694/1007/834
f 1712/1000/847 1702/1008/852 1698/1006/839
f 1688/979/826 1706/1009/853 1687/978/825
f 1689/981/828 1710/1010/846 1688/979/826
f 1690/1005/851 1714/1003/850 1689/981/828
f 1701/991/838 1678/1011/854 1690/1005/851
f 1713/1002/849 1678/1011/854 1702/1008/852
f 353/1012/855 296/1013/719 27/518/457
f 354/1014/856 1679/973/820 353/1012/855
f 355/1015/857 1680/971/818 354/1014/856
f 356/1016/858 1681/974/821 355/1015/857
f 1679/973/820 295/1017/721 296/1013/719
f 1683/972/819 294/1018/722 295/1017/721
f 1687/978/825 293/1019/729 294/1018/722
f 26/1020/859 1691/982/829 359/1021/860
f 289/1022/861 1692/986/833 1691/982/829
f 288/1023/862 1693/985/832 1692/986/833
f 286/1024/863 1693/985/832 287/1025/864
f 359/1021/860 1695/984/831 358/1026/865
f 358/1026/865 1699/990/837 357/1027/866
f 357/1027/866 1682/976/823 356/1016/858
f 9/1028/576 1703/993/840 283/1029/867
f 290/1030/726 1704/996/843 1703/993/840
f 291/1031/727 1705/998/845 1704/996/843
f 292/1032/728 1706/1033/853 1705/998/845
f 283/1029/867 1707/995/842 284/1034/868
f 284/1034/868 1711/1001/848 285/1035/869
f 285/1035/869 1694/1007/834 286/1036/863
f 1717/1037/870 1720/1038/871 1716/1039/872
f 1718/1040/873 1721/1041/874 1717/1037/870
f 1719/1042/875 1722/1043/876 1718/1040/873
f 1721/1041/874 1724/1044/877 1720/1038/871
f 1722/1043/876 1725/1045/878 1721/1041/874
f 1723/1046/879 1726/1047/880 1722/1043/876
f 1728/1048/881 1733/1049/882 1732/1050/883
f 1729/1051/884 1734/1052/885 1733/1049/882
f 1730/1053/886 1735/1054/887 1734/1052/885
f 1732/1050/883 1737/1055/888 1736/1056/889
f 1733/1049/882 1738/1057/890 1737/1055/888
f 1734/1052/885 1739/1058/891 1738/1057/890
f 1741/1059/892 1744/1060/893 1740/1061/894
f 1742/1062/895 1745/1063/896 1741/1059/892
f 1743/1064/897 1746/1065/898 1742/1062/895
f 1745/1063/896 1748/1066/899 1744/1060/893
f 1746/1065/898 1749/1067/900 1745/1063/896
f 1747/1068/901 1750/1069/902 1746/1065/898
f 1736/1056/889 1723/1070/879 1719/1071/875
f 1737/1055/888 1727/1072/903 1723/1070/879
f 1749/1067/900 1731/1073/904 1748/1066/899
f 1750/1069/902 1735/1074/887 1749/1067/900
f 1724/1044/877 1747/1075/901 1743/1076/897
f 1726/1047/880 1747/1075/901 1725/1045/878
f 1727/1072/903 1751/1077/905 1726/1047/880
f 1738/1057/890 1715/1078/906 1727/1072/903
f 1751/1077/905 1739/1058/891 1750/1069/902
f 360/1079/456 353/1080/855 27/518/457
f 361/1081/460 1716/1039/872 360/1079/456
f 362/1082/461 1717/1037/870 361/1081/460
f 363/512/451 1718/1040/873 362/1082/461
f 1716/1039/872 354/1083/856 353/1080/855
f 354/1083/856 1724/1044/877 355/1084/857
f 355/1084/857 1743/1076/897 356/1085/858
f 23/509/448 1728/1048/881 366/1086/446
f 373/1087/907 1729/1051/884 1728/1048/881
f 372/1088/908 1730/1053/886 1729/1051/884
f 371/1089/909 1731/1090/904 1730/1053/886
f 366/1086/446 1732/1050/883 365/1091/449
f 365/1091/449 1736/1056/889 364/1092/450
f 364/1092/450 1719/1071/875 363/524/451
f 359/1093/860 367/1094/910 26/1095/859
f 358/1096/865 1740/1061/894 359/1093/860
f 357/1027/866 1741/1059/892 358/1096/865
f 356/1097/858 1742/1062/895 357/1027/866
f 1740/1061/894 368/1098/911 367/1094/910
f 1744/1060/893 369/1099/912 368/1098/911
f 1748/1066/899 370/1100/913 369/1099/912
f 1753/1101/914 1758/1102/915 1757/1103/916
f 1754/1104/917 1759/1105/918 1758/1102/915
f 1755/1106/919 1760/1107/920 1759/1105/918
f 1757/1103/916 1762/1108/921 1761/1109/922
f 1758/1102/915 1763/1110/923 1762/1108/921
f 1759/1105/918 1764/1111/924 1763/1110/923
f 1765/1112/925 1770/1113/926 1769/1114/927
f 1766/1115/928 1771/1116/929 1770/1113/926
f 1767/1117/930 1772/1118/931 1771/1116/929
f 1769/1114/927 1774/1119/932 1773/1120/933
f 1770/1113/926 1775/1121/934 1774/1119/932
f 1771/1116/929 1776/1122/935 1775/1121/934
f 1778/1123/936 1781/1124/937 1777/1125/938
f 1779/1126/939 1782/1127/940 1778/1123/936
f 1780/1128/941 1783/1129/942 1779/1126/939
f 1782/1127/940 1785/1130/943 1781/1124/937
f 1783/1129/942 1786/1131/944 1782/1127/940
f 1784/1132/945 1787/1133/946 1783/1129/942
f 1773/1120/933 1760/1134/920 1756/1135/947
f 1774/1119/932 1764/1111/924 1760/1134/920
f 1786/1131/944 1768/1136/948 1785/1130/943
f 1787/1133/946 1772/1118/931 1786/1131/944
f 1761/1109/922 1784/1132/945 1780/1137/941
f 1762/1108/921 1788/1138/949 1784/1132/945
f 1763/1110/923 1752/1139/950 1788/1138/949
f 1775/1121/934 1752/1139/950 1764/1111/924
f 1788/1138/949 1776/1122/935 1787/1133/946
f 22/448/394 1753/1101/914 136/1140/951
f 374/1141/952 1754/1104/917 1753/1101/914
f 375/1142/953 1755/1106/919 1754/1104/917
f 376/1143/954 1756/1144/947 1755/1106/919
f 136/1140/951 1757/1103/916 137/1145/955
f 137/1145/955 1761/1109/922 138/1146/956
f 138/1146/956 1780/1137/941 139/1147/957
f 25/706/624 1765/1112/925 380/1148/958
f 157/1149/959 1766/1115/928 1765/1112/925
f 158/1150/960 1767/1117/930 1766/1115/928
f 159/1151/961 1768/1152/948 1767/1117/930
f 380/1148/958 1769/1114/927 379/1153/962
f 379/1153/962 1773/1120/933 378/1154/963
f 1773/1120/933 377/1155/964 378/1154/963
f 142/1156/965 163/1157/966 8/1158/967
f 141/1159/968 1777/1125/938 142/1156/965
f 140/1160/969 1778/1123/936 141/1159/968
f 139/1161/957 1779/1126/939 140/1160/969
f 1777/1125/938 162/1162/970 163/1157/966
f 1781/1124/937 161/1163/971 162/1162/970
f 1785/1130/943 160/1164/972 161/1163/971
f 1791/1165/973 1794/1166/974 1790/1167/975
f 1792/1168/976 1795/1169/977 1791/1165/973
f 1793/1170/978 1796/1171/979 1792/1168/976
f 1795/1169/977 1798/1172/980 1794/1166/974
f 1796/1171/979 1799/1173/981 1795/1169/977
f 1797/1174/982 1800/1175/983 1796/1171/979
f 1803/1176/984 1806/1177/985 1802/1178/986
f 1804/1179/987 1807/1180/988 1803/1176/984
f 1805/1181/989 1808/1182/990 1804/1179/987
f 1807/1180/988 1810/1183/991 1806/1177/985
f 1808/1182/990 1811/1184/992 1807/1180/988
f 1809/1185/993 1812/1186/994 1808/1182/990
f 1815/1187/995 1818/1188/996 1814/1189/997
f 1816/1190/998 1819/1191/999 1815/1187/995
f 1816/1190/998 1821/1192/1000 1820/1193/1001
f 1819/1191/999 1822/1194/1002 1818/1188/996
f 1820/1193/1001 1823/1195/1003 1819/1191/999
f 1820/1193/1001 1825/1196/1004 1824/1197/1005
f 1810/1183/991 1797/1174/982 1793/1198/978
f 1811/1184/992 1801/1199/1006 1797/1174/982
f 1822/1194/1002 1809/1200/993 1805/1201/989
f 1823/1195/1003 1813/1202/1007 1809/1200/993
f 1799/1173/981 1817/1203/1008 1798/1172/980
f 1800/1175/983 1821/1204/1000 1799/1173/981
f 1800/1175/983 1789/1205/1009 1825/1196/1004
f 1812/1186/994 1789/1205/1009 1801/1199/1006
f 1824/1197/1005 1789/1205/1009 1813/1202/1007
f 381/1206/395 374/1141/952 22/448/394
f 382/1207/399 1790/1167/975 381/1206/395
f 383/1208/400 1791/1165/973 382/1207/399
f 384/456/393 1792/1168/976 383/1208/400
f 1790/1167/975 375/1142/953 374/1141/952
f 1794/1166/974 376/1209/954 375/1142/953
f 1798/1172/980 377/1210/964 376/1209/954
f 394/1211/1010 387/1212/390 20/257/230
f 393/1213/1011 1802/1178/986 394/1211/1010
f 392/1214/1012 1803/1176/984 393/1213/1011
f 391/1215/1013 1804/1179/987 392/1214/1012
f 1802/1178/986 386/443/391 387/1212/390
f 1806/1177/985 385/1216/392 386/443/391
f 385/1216/392 1793/1198/978 384/1217/393
f 380/1148/958 388/1218/1014 25/706/624
f 379/1219/962 1814/1189/997 380/1148/958
f 378/1220/963 1815/1187/995 379/1219/962
f 378/1220/963 1817/1221/1008 1816/1190/998
f 1814/1189/997 389/1222/1015 388/1218/1014
f 389/1222/1015 1822/1194/1002 390/1223/1016
f 390/1223/1016 1805/1201/989 391/1224/1013
f 1828/1225/1017 1831/1226/1018 1827/1227/1019
f 1829/1228/1020 1832/1229/1021 1828/1225/1017
f 1830/1230/1022 1833/1231/1023 1829/1228/1020
f 1832/1229/1021 1835/1232/1024 1831/1226/1018
f 1832/1229/1021 1837/1233/1025 1836/1234/1026
f 1834/1235/1027 1837/1233/1025 1833/1231/1023
f 1840/1236/1028 1843/1237/1029 1839/1238/1030
f 1840/1236/1028 1845/1239/1031 1844/1240/1032
f 1841/1241/1033 1846/1242/1034 1845/1239/1031
f 1844/1240/1032 1847/1243/1035 1843/1237/1029
f 1844/1240/1032 1849/1244/1036 1848/1245/1037
f 1845/1239/1031 1850/1246/1038 1849/1244/1036
f 1852/1247/1039 1855/1248/1040 1851/1249/1041
f 1853/1250/1042 1856/1251/1043 1852/1247/1039
f 1854/1252/1044 1857/1253/1045 1853/1250/1042
f 1856/1251/1043 1859/1254/1046 1855/1248/1040
f 1857/1253/1045 1860/1255/1047 1856/1251/1043
f 1858/1256/1048 1861/1257/1049 1857/1253/1045
f 1847/1243/1035 1834/1258/1027 1830/1259/1022
f 1848/1245/1037 1838/1260/1050 1834/1258/1027
f 1860/1255/1047 1842/1261/1051 1859/1254/1046
f 1861/1257/1049 1846/1242/1034 1860/1255/1047
f 1835/1232/1024 1858/1256/1048 1854/1262/1044
f 1836/1234/1026 1862/1263/1052 1858/1256/1048
f 1837/1233/1025 1826/1264/1053 1862/1263/1052
f 1849/1244/1036 1826/1264/1053 1838/1260/1050
f 1862/1263/1052 1850/1246/1038 1861/1257/1049
f 247/1265/1054 394/1266/1010 20/257/230
f 246/1267/1055 1827/1227/1019 247/1265/1054
f 245/1268/1056 1828/1225/1017 246/1267/1055
f 245/1268/1056 1830/1230/1022 1829/1228/1020
f 1827/1227/1019 393/1269/1011 394/1266/1010
f 393/1269/1011 1835/1232/1024 392/1270/1012
f 392/1270/1012 1854/1262/1044 391/1224/1013
f 276/770/676 241/1271/1057 7/567/501
f 277/1272/677 1839/1238/1030 276/770/676
f 278/1273/678 1840/1236/1028 277/1272/677
f 278/1273/678 1842/1261/1051 1841/1241/1033
f 1839/1238/1030 242/1274/1058 241/1271/1057
f 1843/1237/1029 243/1275/1059 242/1274/1058
f 1847/1243/1035 244/1276/1060 243/1275/1059
f 388/1277/1014 282/1278/672 25/706/624
f 389/1279/1015 1851/1249/1041 388/1277/1014
f 390/1280/1016 1852/1247/1039 389/1279/1015
f 391/1215/1013 1853/1250/1042 390/1280/1016
f 1851/1249/1041 281/1281/673 282/1278/672
f 1855/1248/1040 280/1282/674 281/1281/673
f 1859/1254/1046 279/1283/675 280/1282/674
f 1865/1284/1061 1868/1285/1062 1864/1286/1063
f 1865/1284/1061 1870/1287/1064 1869/1288/1065
f 1866/1289/1066 1871/1290/1067 1870/1287/1064
f 1869/1288/1065 1872/1291/1068 1868/1285/1062
f 1869/1288/1065 1874/1292/1069 1873/1293/1070
f 1870/1287/1064 1875/1294/1071 1874/1292/1069
f 1877/1295/1072 1880/1296/1073 1876/1297/1074
f 1878/1298/1075 1881/1299/1076 1877/1295/1072
f 1879/1300/1077 1882/1301/1078 1878/1298/1075
f 1881/1299/1076 1884/1302/1079 1880/1296/1073
f 1882/1301/1078 1885/1303/1080 1881/1299/1076
f 1883/1304/1081 1886/1305/1082 1882/1301/1078
f 1889/1306/1083 1892/1307/1084 1888/1308/1085
f 1890/1309/1086 1893/1310/1087 1889/1306/1083
f 1891/1311/1088 1894/1312/1089 1890/1309/1086
f 1892/1307/1084 1897/1313/1090 1896/1314/1091
f 1893/1310/1087 1898/1315/1092 1897/1313/1090
f 1894/1312/1089 1899/1316/1093 1898/1315/1092
f 1885/1303/1080 1867/1317/1094 1884/1302/1079
f 1886/1305/1082 1871/1318/1067 1885/1303/1080
f 1896/1314/1091 1883/1319/1081 1879/1320/1077
f 1897/1313/1090 1887/1321/1095 1883/1319/1081
f 1873/1293/1070 1891/1322/1088 1872/1291/1068
f 1873/1293/1070 1899/1316/1093 1895/1323/1096
f 1874/1292/1069 1863/1324/1097 1899/1316/1093
f 1886/1305/1082 1863/1324/1097 1875/1294/1071
f 1898/1315/1092 1863/1324/1097 1887/1321/1095
f 395/1325/1098 129/1326/1099 21/387/344
f 395/1325/1098 1865/1284/1061 1864/1286/1063
f 396/1327/1100 1866/1289/1066 1865/1284/1061
f 397/1328/1101 1867/1329/1094 1866/1289/1066
f 1864/1286/1063 130/1330/1102 129/1326/1099
f 1868/1285/1062 131/1331/1103 130/1330/1102
f 131/1331/1103 1891/1322/1088 132/1332/1104
f 150/1333/508 401/1334/1105 24/576/509
f 151/1335/513 1876/1297/1074 150/1333/508
f 152/581/514 1877/1295/1072 151/1335/513
f 153/1336/515 1878/1298/1075 152/581/514
f 1876/1297/1074 400/1337/1106 401/1334/1105
f 1880/1296/1073 399/1338/1107 400/1337/1106
f 1884/1302/1079 398/1339/1108 399/1338/1107
f 135/1340/1109 156/1341/499 7/567/501
f 134/1342/1110 1888/1308/1085 135/1340/1109
f 134/1342/1110 1890/1309/1086 1889/1306/1083
f 132/1332/1104 1890/1309/1086 133/1343/1111
f 1888/1308/1085 155/1344/502 156/1341/499
f 1892/1307/1084 154/1345/503 155/1344/502
f 154/1345/503 1879/1320/1077 153/1336/515
f 1902/1346/1112 1905/1347/1113 1901/1348/1114
f 1903/1349/1115 1906/1350/1116 1902/1346/1112
f 1904/1351/1117 1907/1352/1118 1903/1349/1115
f 1906/1350/1116 1909/1353/1119 1905/1347/1113
f 1907/1352/1118 1910/1354/1120 1906/1350/1116
f 1908/1355/1121 1911/1356/1122 1907/1352/1118
f 1914/1357/1123 1917/1358/1124 1913/1359/1125
f 1915/1360/1126 1918/1361/1127 1914/1357/1123
f 1915/1360/1126 1920/1362/1128 1919/1363/1129
f 1918/1361/1127 1921/1364/1130 1917/1358/1124
f 1918/1361/1127 1923/1365/1131 1922/1366/1132
f 1919/1363/1129 1924/1367/1133 1923/1365/1131
f 1926/1368/1134 1929/1369/1135 1925/1370/1136
f 1927/1371/1137 1930/1372/1138 1926/1368/1134
f 1927/1371/1137 1932/1373/1139 1931/1374/1140
f 1930/1372/1138 1933/1375/1141 1929/1369/1135
f 1931/1374/1140 1934/1376/1142 1930/1372/1138
f 1931/1374/1140 1936/1377/1143 1935/1378/1144
f 1921/1364/1130 1908/1379/1121 1904/1380/1117
f 1922/1366/1132 1912/1381/1145 1908/1379/1121
f 1934/1376/1142 1916/1382/1146 1933/1375/1141
f 1935/1378/1144 1920/1362/1128 1934/1376/1142
f 1910/1354/1120 1928/1383/1147 1909/1353/1119
f 1911/1356/1122 1932/1384/1139 1910/1354/1120
f 1911/1356/1122 1900/1385/1148 1936/1377/1143
f 1923/1365/1131 1900/1385/1148 1912/1381/1145
f 1935/1378/1144 1900/1385/1148 1924/1367/1133
f 402/1386/343 395/1325/1098 21/387/344
f 403/1387/347 1901/1348/1114 402/1386/343
f 404/1388/348 1902/1346/1112 403/1387/347
f 405/1389/341 1903/1349/1115 404/1388/348
f 1901/1348/1114 396/1390/1100 395/1325/1098
f 1905/1347/1113 397/1391/1101 396/1390/1100
f 1909/1353/1119 398/1339/1108 397/1391/1101
f 415/1392/1149 408/1393/338 18/194/169
f 414/1394/1150 1913/1359/1125 415/1392/1149
f 413/1395/1151 1914/1357/1123 414/1394/1150
f 413/1395/1151 1916/1382/1146 1915/1360/1126
f 1913/1359/1125 407/1396/339 408/1393/338
f 407/1396/339 1921/1364/1130 406/1397/340
f 406/1397/340 1904/1380/1117 405/1389/341
f 401/1398/1105 409/1399/1152 24/576/509
f 400/1400/1106 1925/1370/1136 401/1398/1105
f 399/1338/1107 1926/1368/1134 400/1400/1106
f 399/1338/1107 1928/1401/1147 1927/1371/1137
f 1925/1370/1136 410/1402/1153 409/1399/1152
f 1929/1369/1135 411/1403/1154 410/1402/1153
f 1933/1375/1141 412/1404/1155 411/1403/1154
f 1939/1405/1156 1942/1406/1157 1938/1407/1158
f 1940/1408/1159 1943/1409/1160 1939/1405/1156
f 1941/1410/1161 1944/1411/1162 1940/1408/1159
f 1943/1409/1160 1946/1412/1163 1942/1406/1157
f 1944/1411/1162 1947/1413/1164 1943/1409/1160
f 1945/1414/1165 1948/1415/1166 1944/1411/1162
f 1951/1416/1167 1954/1417/1168 1950/1418/1169
f 1951/1416/1167 1956/1419/1170 1955/1420/1171
f 1952/1421/1172 1957/1422/1173 1956/1419/1170
f 1954/1417/1168 1959/1423/1174 1958/1424/1175
f 1955/1420/1171 1960/1425/1176 1959/1423/1174
f 1956/1419/1170 1961/1426/1177 1960/1425/1176
f 1963/1427/1178 1966/1428/1179 1962/1429/1180
f 1964/1430/1181 1967/1431/1182 1963/1427/1178
f 1965/1432/1183 1968/1433/1184 1964/1430/1181
f 1967/1431/1182 1970/1434/1185 1966/1428/1179
f 1968/1433/1184 1971/1435/1186 1967/1431/1182
f 1968/1433/1184 1973/1436/1187 1972/1437/1188
f 1958/1424/1175 1945/1438/1165 1941/1439/1161
f 1959/1423/1174 1949/1440/1189 1945/1438/1165
f 1971/1435/1186 1953/1441/1190 1970/1434/1185
f 1972/1437/1188 1957/1442/1173 1971/1435/1186
f 1947/1413/1164 1965/1443/1183 1946/1412/1163
f 1947/1413/1164 1973/1436/1187 1969/1444/1191
f 1948/1415/1166 1937/1445/1192 1973/1436/1187
f 1960/1425/1176 1937/1445/1192 1949/1440/1189
f 1972/1437/1188 1937/1445/1192 1961/1426/1177
f 233/1446/1193 415/1447/1149 18/194/169
f 232/1448/1194 1938/1407/1158 233/1446/1193
f 231/1449/1195 1939/1405/1156 232/1448/1194
f 230/1450/1196 1940/1408/1159 231/1449/1195
f 1938/1407/1158 414/1451/1150 415/1447/1149
f 1942/1406/1157 413/1452/1151 414/1451/1150
f 1946/1412/1163 412/1404/1155 413/1452/1151
f 269/1453/815 227/1454/1197 6/958/440
f 270/1455/816 1950/1418/1169 269/1453/815
f 270/1455/816 1952/1421/1172 1951/1416/1167
f 271/1456/817 1953/1441/1190 1952/1421/1172
f 1950/1418/1169 228/1457/1198 227/1454/1197
f 228/1457/1198 1958/1424/1175 229/1458/1199
f 229/1458/1199 1941/1439/1161 230/1450/1196
f 409/1459/1152 275/948/811 24/576/509
f 410/1402/1153 1962/1429/1180 409/1459/1152
f 411/1460/1154 1963/1427/1178 410/1402/1153
f 411/1460/1154 1965/1432/1183 1964/1430/1181
f 1962/1429/1180 274/1461/812 275/948/811
f 1966/1428/1179 273/951/813 274/1461/812
f 1970/1434/1185 272/1462/814 273/951/813
f 1976/1463/1200 1979/1464/1201 1975/1465/1202
f 1977/1466/1203 1980/1467/1204 1976/1463/1200
f 1977/1466/1203 1982/1468/1205 1981/1469/1206
f 1980/1467/1204 1983/1470/1207 1979/1464/1201
f 1980/1467/1204 1985/1471/1208 1984/1472/1209
f 1981/1469/1206 1986/1473/1210 1985/1471/1208
f 1988/1474/1211 1991/1475/1212 1987/1476/1213
f 1989/1477/1214 1992/1478/1215 1988/1474/1211
f 1990/1479/1216 1993/1480/1217 1989/1477/1214
f 1992/1478/1215 1995/1481/1218 1991/1475/1212
f 1993/1480/1217 1996/1482/1219 1992/1478/1215
f 1994/1483/1220 1997/1484/1221 1993/1480/1217
f 2000/1485/1222 2003/1486/1223 1999/1487/1224
f 2000/1485/1222 2005/1488/1225 2004/1489/1226
f 2001/1490/1227 2006/1491/1228 2005/1488/1225
f 2003/1486/1223 2008/1492/1229 2007/1493/1230
f 2004/1489/1226 2009/1494/1231 2008/1492/1229
f 2005/1488/1225 2010/1495/1232 2009/1494/1231
f 1996/1482/1219 1978/1496/1233 1995/1481/1218
f 1997/1484/1221 1982/1497/1205 1996/1482/1219
f 2007/1493/1230 1994/1498/1220 1990/1499/1216
f 2008/1492/1229 1998/1500/1234 1994/1498/1220
f 1984/1472/1209 2002/1501/1235 1983/1470/1207
f 1984/1472/1209 2010/1495/1232 2006/1502/1228
f 1985/1471/1208 1974/1503/1236 2010/1495/1232
f 1997/1484/1221 1974/1503/1236 1986/1473/1210
f 2009/1494/1231 1974/1503/1236 1998/1500/1234
f 416/1504/1237 115/1505/1238 19/324/291
f 417/1506/1239 1975/1465/1202 416/1504/1237
f 417/1506/1239 1977/1466/1203 1976/1463/1200
f 418/1507/1240 1978/1496/1233 1977/1466/1203
f 1975/1465/1202 116/1508/1241 115/1505/1238
f 1979/1464/1201 117/1509/1242 116/1508/1241
f 1983/1470/1207 118/1510/1243 117/1509/1242
f 143/508/447 422/1511/1244 23/509/448
f 144/1512/452 1987/1476/1213 143/508/447
f 145/1513/453 1988/1474/1211 144/1512/452
f 146/515/454 1989/1477/1214 145/1513/453
f 1987/1476/1213 421/1514/1245 422/1511/1244
f 1991/1475/1212 420/1515/1246 421/1514/1245
f 1995/1481/1218 419/1516/1247 420/1515/1246
f 121/1517/1248 149/498/438 6/500/440
f 120/1518/1249 1999/1487/1224 121/1517/1248
f 119/1519/1250 2000/1485/1222 120/1518/1249
f 119/1519/1250 2002/1520/1235 2001/1490/1227
f 1999/1487/1224 148/1521/441 149/498/438
f 148/1521/441 2007/1493/1230 147/1522/442
f 147/1522/442 1990/1499/1216 146/1523/454
f 2013/1524/1251 2016/1525/1252 2012/1526/1253
f 2014/1527/1254 2017/1528/1255 2013/1524/1251
f 2014/1527/1254 2019/1529/1256 2018/1530/1257
f 2017/1528/1255 2020/1531/1258 2016/1525/1252
f 2017/1528/1255 2022/1532/1259 2021/1533/1260
f 2018/1530/1257 2023/1534/1261 2022/1532/1259
f 2025/1535/1262 2028/1536/1263 2024/1537/1264
f 2026/1538/1265 2029/1539/1266 2025/1535/1262
f 2027/1540/1267 2030/1541/1268 2026/1538/1265
f 2029/1539/1266 2032/1542/1269 2028/1536/1263
f 2030/1541/1268 2033/1543/1270 2029/1539/1266
f 2031/1544/1271 2034/1545/1272 2030/1541/1268
f 2037/1546/1273 2040/1547/1274 2036/1548/1275
f 2038/1549/1276 2041/1550/1277 2037/1546/1273
f 2039/1551/1278 2042/1552/1279 2038/1549/1276
f 2041/1550/1277 2044/1553/1280 2040/1547/1274
f 2042/1552/1279 2045/1554/1281 2041/1550/1277
f 2043/1555/1282 2046/1556/1283 2042/1552/1279
f 2033/1543/1270 2015/1557/1284 2032/1542/1269
f 2034/1545/1272 2019/1558/1256 2033/1543/1270
f 2045/1554/1281 2027/1559/1267 2044/1553/1280
f 2045/1554/1281 2035/1560/1285 2031/1561/1271
f 2021/1533/1260 2039/1551/1278 2020/1531/1258
f 2021/1533/1260 2047/1562/1286 2043/1555/1282
f 2022/1532/1259 2011/1563/1287 2047/1562/1286
f 2034/1545/1272 2011/1563/1287 2023/1534/1261
f 2046/1556/1283 2011/1563/1287 2035/1560/1285
f 423/1564/290 416/1565/1237 19/324/291
f 424/1566/294 2012/1526/1253 423/1564/290
f 424/1566/294 2014/1527/1254 2013/1524/1251
f 425/1567/295 2015/1568/1284 2014/1527/1254
f 2012/1526/1253 417/1569/1239 416/1565/1237
f 2016/1525/1252 418/1570/1240 417/1569/1239
f 2020/1531/1258 419/1571/1247 418/1570/1240
f 436/1572/1288 429/315/283 17/313/281
f 435/1573/1289 2024/1537/1264 436/1572/1288
f 434/1574/1290 2025/1535/1262 435/1573/1289
f 433/1575/1291 2026/1538/1265 434/1574/1290
f 2024/1537/1264 428/1576/284 429/315/283
f 2028/1536/1263 427/1577/285 428/1576/284
f 2032/1542/1269 426/329/296 427/1577/285
f 422/1578/1244 430/1579/1292 23/509/448
f 421/1514/1245 2036/1548/1275 422/1578/1244
f 420/1580/1246 2037/1546/1273 421/1514/1245
f 420/1580/1246 2039/1551/1278 2038/1549/1276
f 2036/1548/1275 431/1581/1293 430/1579/1292
f 2040/1547/1274 432/1582/1294 431/1581/1293
f 2044/1553/1280 433/1583/1291 432/1582/1294
f 2049/1584/1295 2054/1585/1296 2053/1586/1297
f 2050/1587/1298 2055/1588/1299 2054/1585/1296
f 2051/1589/1300 2056/1590/1301 2055/1588/1299
f 2053/1586/1297 2058/1591/1302 2057/1592/1303
f 2054/1585/1296 2059/1593/1304 2058/1591/1302
f 2055/1588/1299 2060/1594/1305 2059/1593/1304
f 2062/1595/1306 2065/1596/1307 2061/1597/1308
f 2063/1598/1309 2066/1599/1310 2062/1595/1306
f 2064/1600/1311 2067/1601/1312 2063/1598/1309
f 2066/1599/1310 2069/1602/1313 2065/1596/1307
f 2067/1601/1312 2070/1603/1314 2066/1599/1310
f 2068/1604/1315 2071/1605/1316 2067/1601/1312
f 2073/1606/1317 2078/1607/1318 2077/1608/1319
f 2074/1609/1320 2079/1610/1321 2078/1607/1318
f 2075/1611/1322 2080/1612/1323 2079/1610/1321
f 2077/1608/1319 2082/1613/1324 2081/1614/1325
f 2078/1607/1318 2083/1615/1326 2082/1613/1324
f 2079/1610/1321 2084/1616/1327 2083/1615/1326
f 2070/1603/1314 2052/1617/1328 2069/1602/1313
f 2071/1605/1316 2056/1618/1301 2070/1603/1314
f 2081/1614/1325 2068/1604/1315 2064/1600/1311
f 2082/1613/1324 2072/1619/1329 2068/1604/1315
f 2057/1592/1303 2080/1620/1323 2076/1621/1330
f 2058/1591/1302 2084/1616/1327 2080/1620/1323
f 2059/1593/1304 2048/1622/1331 2084/1616/1327
f 2072/1619/1329 2060/1594/1305 2071/1605/1316
f 2083/1615/1326 2048/1622/1331 2072/1619/1329
f 17/313/281 2049/1584/1295 436/1623/1288
f 226/1624/1332 2050/1587/1298 2049/1584/1295
f 225/1625/1333 2051/1589/1300 2050/1587/1298
f 224/1626/1334 2052/1627/1328 2051/1589/1300
f 436/1623/1288 2053/1586/1297 435/1628/1289
f 435/1628/1289 2057/1592/1303 434/1629/1290
f 434/1629/1290 2076/1621/1330 433/1583/1291
f 262/1630/1335 220/1631/1336 5/1632/1337
f 263/1633/1338 2061/1597/1308 262/1630/1335
f 264/1634/1339 2062/1595/1306 263/1633/1338
f 265/1635/1340 2063/1598/1309 264/1634/1339
f 2061/1597/1308 221/1636/1341 220/1631/1336
f 2065/1596/1307 222/1637/1342 221/1636/1341
f 2069/1602/1313 223/1638/1343 222/1637/1342
f 23/509/448 2073/1606/1317 268/1639/1344
f 430/1640/1292 2074/1609/1320 2073/1606/1317
f 431/1641/1293 2075/1611/1322 2074/1609/1320
f 432/1642/1294 2076/1643/1330 2075/1611/1322
f 268/1639/1344 2077/1608/1319 267/1644/1345
f 267/1644/1345 2081/1614/1325 266/1645/1346
f 266/1645/1346 2064/1600/1311 265/1646/1340
f 2086/1647/1347 2092/1648/1348 2085/1649/1349
f 2087/1650/1350 2093/1651/1351 2086/1647/1347
f 2088/1652/1352 2094/1653/1353 2087/1650/1350
f 2089/1654/1354 2095/1655/1355 2088/1652/1352
f 2090/1656/1356 2096/1657/1357 2089/1654/1354
f 2091/1658/1358 2097/1659/1359 2090/1656/1356
f 2093/1651/1351 2099/1660/1360 2092/1648/1348
f 2094/1653/1353 2100/1661/1361 2093/1651/1351
f 2095/1655/1355 2101/1662/1362 2094/1653/1353
f 2096/1657/1357 2102/1663/1363 2095/1655/1355
f 2097/1659/1359 2103/1664/1364 2096/1657/1357
f 2098/1665/1365 2104/1666/1366 2097/1659/1359
f 2100/1661/1361 2106/1667/1367 2099/1660/1360
f 2101/1662/1362 2107/1668/1368 2100/1661/1361
f 2102/1663/1363 2108/1669/1369 2101/1662/1362
f 2103/1664/1364 2109/1670/1370 2102/1663/1363
f 2104/1666/1366 2110/1671/1371 2103/1664/1364
f 2105/1672/1372 2111/1673/1373 2104/1666/1366
f 2107/1668/1368 2113/1674/1374 2106/1667/1367
f 2108/1669/1369 2114/1675/1375 2107/1668/1368
f 2109/1670/1370 2115/1676/1376 2108/1669/1369
f 2110/1671/1371 2116/1677/1377 2109/1670/1370
f 2111/1673/1373 2117/1678/1378 2110/1671/1371
f 2112/1679/1379 2118/1680/1380 2111/1673/1373
f 2114/1675/1375 2120/1681/1381 2113/1674/1374
f 2115/1676/1376 2121/1682/1382 2114/1675/1375
f 2116/1677/1377 2122/1683/1383 2115/1676/1376
f 2117/1678/1378 2123/1684/1384 2116/1677/1377
f 2118/1680/1380 2124/1685/1385 2117/1678/1378
f 2119/1686/1386 2125/1687/1387 2118/1680/1380
f 2121/1682/1382 2127/1688/1388 2120/1681/1381
f 2122/1683/1383 2128/1689/1389 2121/1682/1382
f 2123/1684/1384 2129/1690/1390 2122/1683/1383
f 2124/1685/1385 2130/1691/1391 2123/1684/1384
f 2125/1687/1387 2131/1692/1392 2124/1685/1385
f 2126/1693/1393 2132/1694/1394 2125/1687/1387
f 136/1695/951 605/1696/1395 22/448/394
f 137/1697/955 2085/1649/1349 136/1695/951
f 138/1698/956 2086/1647/1347 137/1697/955
f 139/1699/957 2087/1650/1350 138/1698/956
f 140/1160/969 2088/1652/1352 139/1699/957
f 141/1700/968 2089/1654/1354 140/1160/969
f 142/1701/965 2090/1656/1356 141/1700/968
f 8/1158/967 2091/1658/1358 142/1701/965
f 450/1702/1396 2098/1665/1365 2091/1658/1358
f 2098/1665/1365 448/1703/1397 2105/1672/1372
f 2105/1672/1372 447/1704/1398 2112/1679/1379
f 2112/1679/1379 446/1705/1399 2119/1686/1386
f 2119/1686/1386 445/1706/1400 2126/1693/1393
f 445/1706/1400 2133/1707/1401 2126/1693/1393
f 444/1708/1402 737/1709/1403 2133/1707/1401
f 2133/1707/1401 736/1710/1404 2132/1694/1394
f 2132/1694/1394 735/1711/1405 2131/1692/1392
f 2131/1692/1392 734/1712/1406 2130/1691/1391
f 2130/1691/1391 733/1713/1407 2129/1690/1390
f 2129/1690/1390 732/1714/1408 2128/1689/1389
f 2128/1689/1389 731/1715/1409 2127/1688/1388
f 611/1716/1410 731/1715/1409 48/1717/1411
f 2120/1681/1381 611/1716/1410 610/1718/1412
f 2113/1674/1374 610/1718/1412 609/1719/1413
f 2106/1667/1367 609/1719/1413 608/1720/1414
f 2099/1660/1360 608/1720/1414 607/1721/1415
f 2092/1648/1348 607/1721/1415 606/1722/1416
f 2085/1649/1349 606/1722/1416 605/1696/1395
f 2135/1723/1417 2141/1724/1418 2134/1725/1419
f 2136/1726/1420 2142/1727/1421 2135/1723/1417
f 2137/1728/1422 2143/1729/1423 2136/1726/1420
f 2138/1730/1424 2144/1731/1425 2137/1728/1422
f 2139/1732/1426 2145/1733/1427 2138/1730/1424
f 2140/1734/1428 2146/1735/1429 2139/1732/1426
f 2142/1727/1421 2148/1736/1430 2141/1724/1418
f 2143/1729/1423 2149/1737/1431 2142/1727/1421
f 2144/1731/1425 2150/1738/1432 2143/1729/1423
f 2145/1733/1427 2151/1739/1433 2144/1731/1425
f 2146/1735/1429 2152/1740/1434 2145/1733/1427
f 2147/1741/1435 2153/1742/1436 2146/1735/1429
f 2149/1737/1431 2155/1743/1437 2148/1736/1430
f 2150/1738/1432 2156/1744/1438 2149/1737/1431
f 2151/1739/1433 2157/1745/1439 2150/1738/1432
f 2152/1740/1434 2158/1746/1440 2151/1739/1433
f 2153/1742/1436 2159/1747/1441 2152/1740/1434
f 2154/1748/1442 2160/1749/1443 2153/1742/1436
f 2156/1744/1438 2162/1750/1444 2155/1743/1437
f 2157/1745/1439 2163/1751/1445 2156/1744/1438
f 2158/1746/1440 2164/1752/1446 2157/1745/1439
f 2159/1747/1441 2165/1753/1447 2158/1746/1440
f 2160/1749/1443 2166/1754/1448 2159/1747/1441
f 2161/1755/1449 2167/1756/1450 2160/1749/1443
f 2163/1751/1445 2169/1757/1451 2162/1750/1444
f 2164/1752/1446 2170/1758/1452 2163/1751/1445
f 2165/1753/1447 2171/1759/1453 2164/1752/1446
f 2166/1754/1448 2172/1760/1454 2165/1753/1447
f 2167/1756/1450 2173/1761/1455 2166/1754/1448
f 2168/1762/1456 2174/1763/1457 2167/1756/1450
f 2170/1758/1452 2176/1764/1458 2169/1757/1451
f 2171/1759/1453 2177/1765/1459 2170/1758/1452
f 2172/1760/1454 2178/1766/1460 2171/1759/1453
f 2173/1761/1455 2179/1767/1461 2172/1760/1454
f 2174/1763/1457 2180/1768/1462 2173/1761/1455
f 2175/1769/1463 2181/1770/1464 2174/1763/1457
f 562/1771/1465 507/1772/1466 14/1773/107
f 561/1774/1467 2134/1725/1419 562/1771/1465
f 560/1775/1468 2135/1723/1417 561/1774/1467
f 559/1776/1469 2136/1726/1420 560/1775/1468
f 558/1777/1470 2137/1728/1422 559/1776/1469
f 557/1778/1471 2138/1730/1424 558/1777/1470
f 556/1779/1472 2139/1732/1426 557/1778/1471
f 16/1780/1473 2140/1734/1428 556/1779/1472
f 443/1781/1474 2147/1741/1435 2140/1734/1428
f 442/1782/1475 2154/1748/1442 2147/1741/1435
f 441/1783/1476 2161/1755/1449 2154/1748/1442
f 440/1784/1477 2168/1762/1456 2161/1755/1449
f 439/1785/1478 2175/1769/1463 2168/1762/1456
f 438/1786/1479 2182/1787/1480 2175/1769/1463
f 437/1788/1481 1074/1789/1482 2182/1787/1480
f 2182/1787/1480 1075/1790/1483 2181/1770/1464
f 2181/1770/1464 1076/1791/1484 2180/1768/1462
f 2180/1768/1462 1077/1792/1485 2179/1767/1461
f 2179/1767/1461 1078/1793/1486 2178/1766/1460
f 2178/1766/1460 1079/1794/1487 2177/1765/1459
f 2177/1765/1459 1080/1795/1488 2176/1764/1458
f 2176/1764/1458 39/1773/1489 513/1796/1490
f 2169/1757/1451 513/1796/1490 512/1772/1491
f 2162/1750/1444 512/1772/1491 511/1796/1492
f 2155/1743/1437 511/1796/1492 510/1772/1493
f 2148/1736/1430 510/1772/1493 509/1796/1494
f 2141/1724/1418 509/1796/1494 508/1772/1495
f 2134/1725/1419 508/1772/1495 507/1772/1466
f 2184/1797/1496 2190/1798/1497 2183/1799/1498
f 2185/1800/1499 2191/1801/1500 2184/1797/1496
f 2186/1802/1501 2192/1803/1502 2185/1800/1499
f 2187/1804/1503 2193/1805/1504 2186/1802/1501
f 2188/1806/1505 2194/1807/1506 2187/1804/1503
f 2188/1806/1505 2196/1808/1507 2195/1809/1508
f 2191/1801/1500 2197/1810/1509 2190/1798/1497
f 2192/1803/1502 2198/1811/1510 2191/1801/1500
f 2193/1805/1504 2199/1812/1511 2192/1803/1502
f 2194/1807/1506 2200/1813/1512 2193/1805/1504
f 2195/1809/1508 2201/1814/1513 2194/1807/1506
f 2196/1808/1507 2202/1815/1514 2195/1809/1508
f 2198/1811/1510 2204/1816/1515 2197/1810/1509
f 2199/1812/1511 2205/1817/1516 2198/1811/1510
f 2200/1813/1512 2206/1818/1517 2199/1812/1511
f 2201/1814/1513 2207/1819/1518 2200/1813/1512
f 2202/1815/1514 2208/1820/1519 2201/1814/1513
f 2203/1821/1520 2209/1822/1521 2202/1815/1514
f 2205/1817/1516 2211/1823/1522 2204/1816/1515
f 2206/1818/1517 2212/1824/1523 2205/1817/1516
f 2207/1819/1518 2213/1825/1524 2206/1818/1517
f 2208/1820/1519 2214/1826/1525 2207/1819/1518
f 2209/1822/1521 2215/1827/1526 2208/1820/1519
f 2210/1828/1527 2216/1829/1528 2209/1822/1521
f 2212/1824/1523 2218/1830/1529 2211/1823/1522
f 2213/1825/1524 2219/1831/1530 2212/1824/1523
f 2214/1826/1525 2220/1832/1531 2213/1825/1524
f 2215/1827/1526 2221/1833/1532 2214/1826/1525
f 2216/1829/1528 2222/1834/1533 2215/1827/1526
f 2217/1835/1534 2223/1836/1535 2216/1829/1528
f 2219/1831/1530 2225/1837/1536 2218/1830/1529
f 2220/1832/1531 2226/1838/1537 2219/1831/1530
f 2221/1833/1532 2227/1839/1538 2220/1832/1531
f 2222/1834/1533 2228/1840/1539 2221/1833/1532
f 2223/1836/1535 2229/1841/1540 2222/1834/1533
f 2224/1842/1541 2230/1843/1542 2223/1836/1535
f 283/1844/867 451/1845/1543 9/1028/576
f 284/1034/868 2183/1799/1498 283/1844/867
f 285/1035/869 2184/1797/1496 284/1034/868
f 286/1036/863 2185/1800/1499 285/1035/869
f 287/1025/864 2186/1802/1501 286/1036/863
f 287/1025/864 2188/1806/1505 2187/1804/1503
f 288/1023/862 2189/1846/1544 2188/1806/1505
f 289/1847/861 639/1848/1545 2189/1846/1544
f 2189/1846/1544 638/1849/1546 2196/1808/1507
f 2196/1808/1507 637/1850/1547 2203/1821/1520
f 2203/1821/1520 636/1851/1548 2210/1828/1527
f 2210/1828/1527 635/1852/1549 2217/1835/1534
f 2217/1835/1534 634/1853/1550 2224/1842/1541
f 634/1853/1550 2231/1854/1551 2224/1842/1541
f 633/1855/1552 884/1856/1553 2231/1854/1551
f 2231/1854/1551 883/1857/1554 2230/1843/1542
f 2230/1843/1542 882/1858/1555 2229/1841/1540
f 2229/1841/1540 881/1859/1556 2228/1840/1539
f 2228/1840/1539 880/1860/1557 2227/1839/1538
f 2227/1839/1538 879/1861/1558 2226/1838/1537
f 2226/1838/1537 878/1862/1559 2225/1837/1536
f 457/1863/1560 878/1862/1559 55/1863/1561
f 2218/1830/1529 457/1863/1560 456/1864/1562
f 2211/1823/1522 456/1864/1562 455/1865/1563
f 2204/1816/1515 455/1865/1563 454/1845/1564
f 2197/1810/1509 454/1845/1564 453/1845/1565
f 2190/1798/1497 453/1845/1565 452/1845/1566
f 2183/1799/1498 452/1845/1566 451/1845/1543
f 2234/1866/1567 2237/1867/1568 2233/1868/1569
f 2235/1869/1570 2238/1870/1571 2234/1866/1567
f 2236/1871/1572 2239/1872/1573 2235/1869/1570
f 2238/1870/1571 2241/1873/1574 2237/1867/1568
f 2239/1872/1573 2242/1874/1575 2238/1870/1571
f 2240/1875/1576 2243/1876/1577 2239/1872/1573
f 2246/1877/1578 2249/1878/1579 2245/1879/1580
f 2247/1880/1581 2250/1881/1582 2246/1877/1578
f 2248/1882/1583 2251/1883/1584 2247/1880/1581
f 2250/1881/1582 2253/1884/1585 2249/1878/1579
f 2251/1883/1584 2254/1885/1586 2250/1881/1582
f 2252/1886/1587 2255/1887/1588 2251/1883/1584
f 2257/1888/1589 2262/1889/1590 2261/1890/1591
f 2258/1891/1592 2263/1892/1593 2262/1889/1590
f 2259/1893/1594 2264/1894/1595 2263/1892/1593
f 2261/1890/1591 2266/1895/1596 2265/1896/1597
f 2262/1889/1590 2267/1897/1598 2266/1895/1596
f 2263/1892/1593 2268/1898/1599 2267/1897/1598
f 2254/1885/1586 2236/1899/1572 2253/1884/1585
f 2255/1887/1588 2240/1875/1576 2254/1885/1586
f 2265/1896/1597 2252/1900/1587 2248/1901/1583
f 2266/1895/1596 2256/1902/1600 2252/1900/1587
f 2242/1874/1575 2260/1903/1601 2241/1873/1574
f 2243/1876/1577 2264/1904/1595 2242/1874/1575
f 2243/1876/1577 2232/1905/1602 2268/1898/1599
f 2255/1887/1588 2232/1905/1602 2244/1906/1603
f 2267/1897/1598 2232/1905/1602 2256/1902/1600
f 458/1907/1604 247/1265/1054 20/257/230
f 459/1908/1605 2233/1868/1569 458/1907/1604
f 460/1909/1606 2234/1866/1567 459/1908/1605
f 460/1909/1606 2236/1871/1572 2235/1869/1570
f 2233/1868/1569 246/1910/1055 247/1265/1054
f 2237/1867/1568 245/1911/1056 246/1910/1055
f 2241/1873/1574 244/1912/1060 245/1911/1056
f 129/1913/1099 464/1914/1607 21/387/344
f 130/1915/1102 2245/1879/1580 129/1913/1099
f 131/1916/1103 2246/1877/1578 130/1915/1102
f 132/1917/1104 2247/1880/1581 131/1916/1103
f 2245/1879/1580 463/1918/1608 464/1914/1607
f 2249/1878/1579 462/1919/1609 463/1918/1608
f 2253/1884/1585 461/1920/1610 462/1919/1609
f 241/1271/1057 135/1921/1109 7/567/501
f 241/1271/1057 2258/1891/1592 2257/1888/1589
f 242/1922/1058 2259/1893/1594 2258/1891/1592
f 243/1275/1059 2260/1903/1601 2259/1893/1594
f 135/1921/1109 2261/1890/1591 134/1923/1110
f 134/1923/1110 2265/1896/1597 133/1924/1111
f 133/1924/1111 2248/1901/1583 132/1925/1104
f 2271/1926/1611 2274/1927/1612 2270/1928/1613
f 2272/1929/1614 2275/1930/1615 2271/1926/1611
f 2273/1931/1616 2276/1932/1617 2272/1929/1614
f 2275/1930/1615 2278/1933/1618 2274/1927/1612
f 2276/1932/1617 2279/1934/1619 2275/1930/1615
f 2276/1932/1617 2281/1935/1620 2280/1936/1621
f 2283/1937/1622 2286/1938/1623 2282/1939/1624
f 2284/1940/1625 2287/1941/1626 2283/1937/1622
f 2285/1942/1627 2288/1943/1628 2284/1940/1625
f 2287/1941/1626 2290/1944/1629 2286/1938/1623
f 2288/1943/1628 2291/1945/1630 2287/1941/1626
f 2289/1946/1631 2292/1947/1632 2288/1943/1628
f 2295/1948/1633 2298/1949/1634 2294/1950/1635
f 2296/1951/1636 2299/1952/1637 2295/1948/1633
f 2296/1951/1636 2301/1953/1638 2300/1954/1639
f 2299/1952/1637 2302/1955/1640 2298/1949/1634
f 2300/1954/1639 2303/1956/1641 2299/1952/1637
f 2300/1954/1639 2305/1957/1642 2304/1958/1643
f 2291/1945/1630 2273/1959/1616 2290/1944/1629
f 2292/1947/1632 2277/1960/1644 2291/1945/1630
f 2302/1955/1640 2289/1961/1631 2285/1962/1627
f 2303/1956/1641 2293/1963/1645 2289/1961/1631
f 2279/1934/1619 2297/1964/1646 2278/1933/1618
f 2280/1936/1621 2301/1965/1638 2279/1934/1619
f 2280/1936/1621 2269/1966/1647 2305/1957/1642
f 2292/1947/1632 2269/1966/1647 2281/1935/1620
f 2304/1958/1643 2269/1966/1647 2293/1963/1645
f 465/256/229 458/1967/1604 20/257/230
f 466/1968/233 2270/1928/1613 465/256/229
f 467/262/234 2271/1926/1611 466/1968/233
f 467/262/234 2273/1931/1616 2272/1929/1614
f 2270/1928/1613 459/1969/1605 458/1967/1604
f 2274/1927/1612 460/1909/1606 459/1969/1605
f 2278/1933/1618 461/1970/1610 460/1909/1606
f 478/1971/1648 471/1972/221 15/250/223
f 477/1973/1649 2282/1939/1624 478/1971/1648
f 476/1974/1650 2283/1937/1622 477/1973/1649
f 475/1975/1651 2284/1940/1625 476/1974/1650
f 2282/1939/1624 470/1976/224 471/1972/221
f 2286/1938/1623 469/252/225 470/1976/224
f 2290/1944/1629 468/263/235 469/252/225
f 464/1914/1607 472/1977/1652 21/387/344
f 463/1978/1608 2294/1950/1635 464/1914/1607
f 462/1979/1609 2295/1948/1633 463/1978/1608
f 461/1980/1610 2296/1951/1636 462/1979/1609
f 2294/1950/1635 473/1981/1653 472/1977/1652
f 473/1981/1653 2302/1955/1640 474/1982/1654
f 474/1982/1654 2285/1962/1627 475/1983/1651
f 2308/1984/1655 2311/1985/1656 2307/1986/1657
f 2309/1987/1658 2312/1988/1659 2308/1984/1655
f 2310/1989/1660 2313/1990/1661 2309/1987/1658
f 2312/1988/1659 2315/1991/1662 2311/1985/1656
f 2313/1990/1661 2316/1992/1663 2312/1988/1659
f 2314/1993/1664 2317/1994/1665 2313/1990/1661
f 2319/1995/1666 2324/1996/1667 2323/1997/1668
f 2320/1998/1669 2325/1999/1670 2324/1996/1667
f 2321/2000/1671 2326/2001/1672 2325/1999/1670
f 2323/1997/1668 2328/2002/1673 2327/2003/1674
f 2324/1996/1667 2329/2004/1675 2328/2002/1673
f 2325/1999/1670 2330/2005/1676 2329/2004/1675
f 2332/2006/1677 2335/2007/1678 2331/2008/1679
f 2333/2009/1680 2336/2010/1681 2332/2006/1677
f 2334/2011/1682 2337/2012/1683 2333/2009/1680
f 2336/2010/1681 2339/2013/1684 2335/2007/1678
f 2337/2012/1683 2340/2014/1685 2336/2010/1681
f 2338/2015/1686 2341/2016/1687 2337/2012/1683
f 2327/2003/1674 2314/2017/1664 2310/2018/1660
f 2328/2002/1673 2318/2019/1688 2314/2017/1664
f 2340/2014/1685 2322/2020/1689 2339/2013/1684
f 2341/2016/1687 2326/2021/1672 2340/2014/1685
f 2315/1991/1662 2338/2022/1686 2334/2023/1682
f 2316/1992/1663 2342/2024/1690 2338/2022/1686
f 2317/1994/1665 2306/2025/1691 2342/2024/1690
f 2329/2004/1675 2306/2025/1691 2318/2019/1688
f 2341/2016/1687 2306/2025/1691 2330/2005/1676
f 212/2026/1692 478/1971/1648 15/250/223
f 211/2027/1693 2307/1986/1657 212/2026/1692
f 210/2028/1694 2308/1984/1655 211/2027/1693
f 209/2029/1695 2309/1987/1658 210/2028/1694
f 2307/1986/1657 477/2030/1649 478/1971/1648
f 477/2030/1649 2315/1991/1662 476/2031/1650
f 476/2031/1650 2334/2023/1682 475/2032/1651
f 248/371/334 206/2033/1696 3/178/153
f 248/371/334 2320/1998/1669 2319/1995/1666
f 249/374/335 2321/2000/1671 2320/1998/1669
f 250/2034/336 2322/2035/1689 2321/2000/1671
f 206/2033/1696 2323/1997/1668 207/2036/1697
f 207/2036/1697 2327/2003/1674 208/2037/1698
f 208/2037/1698 2310/2018/1660 209/2038/1695
f 472/2039/1652 254/2040/342 21/387/344
f 473/2041/1653 2331/2008/1679 472/2039/1652
f 474/2042/1654 2332/2006/1677 473/2041/1653
f 475/2043/1651 2333/2009/1680 474/2042/1654
f 2331/2008/1679 253/2044/345 254/2040/342
f 2335/2007/1678 252/389/346 253/2044/345
f 2339/2013/1684 251/2045/337 252/389/346
f 2345/2046/1699 2348/2047/1700 2344/2048/1701
f 2346/2049/1702 2349/2050/1703 2345/2046/1699
f 2346/2049/1702 2351/2051/1704 2350/2052/1705
f 2349/2050/1703 2352/2053/1706 2348/2047/1700
f 2350/2052/1705 2353/2054/1707 2349/2050/1703
f 2350/2052/1705 2355/2055/1708 2354/2056/1709
f 2357/2057/1710 2360/2058/1711 2356/2059/1712
f 2358/2060/1713 2361/2061/1714 2357/2057/1710
f 2359/2062/1715 2362/2063/1716 2358/2060/1713
f 2361/2061/1714 2364/2064/1717 2360/2058/1711
f 2362/2063/1716 2365/2065/1718 2361/2061/1714
f 2363/2066/1719 2366/2067/1720 2362/2063/1716
f 2369/2068/1721 2372/2069/1722 2368/2070/1723
f 2369/2068/1721 2374/2071/1724 2373/2072/1725
f 2370/2073/1726 2375/2074/1727 2374/2071/1724
f 2372/2069/1722 2377/2075/1728 2376/2076/1729
f 2373/2072/1725 2378/2077/1730 2377/2075/1728
f 2374/2071/1724 2379/2078/1731 2378/2077/1730
f 2365/2065/1718 2347/2079/1732 2364/2064/1717
f 2366/2067/1720 2351/2051/1704 2365/2065/1718
f 2376/2076/1729 2363/2080/1719 2359/2081/1715
f 2377/2075/1728 2367/2082/1733 2363/2080/1719
f 2353/2054/1707 2371/2083/1734 2352/2053/1706
f 2354/2056/1709 2375/2074/1727 2353/2054/1707
f 2354/2056/1709 2343/2084/1735 2379/2078/1731
f 2366/2067/1720 2343/2084/1735 2355/2055/1708
f 2378/2077/1730 2343/2084/1735 2367/2082/1733
f 479/2085/1736 233/2086/1193 18/194/169
f 480/2087/1737 2344/2048/1701 479/2085/1736
f 481/2088/1738 2345/2046/1699 480/2087/1737
f 481/2088/1738 2347/2089/1732 2346/2049/1702
f 2344/2048/1701 232/1448/1194 233/2086/1193
f 2348/2047/1700 231/1449/1195 232/1448/1194
f 2352/2053/1706 230/2090/1196 231/1449/1195
f 115/2091/1238 485/2092/1739 19/2093/291
f 116/2094/1241 2356/2059/1712 115/2091/1238
f 117/2095/1242 2357/2057/1710 116/2094/1241
f 118/2096/1243 2358/2060/1713 117/2095/1242
f 2356/2059/1712 484/2097/1740 485/2092/1739
f 2360/2058/1711 483/2098/1741 484/2097/1740
f 2364/2064/1717 482/2099/1742 483/2098/1741
f 227/1454/1197 121/2100/1248 6/958/440
f 228/2101/1198 2368/2070/1723 227/1454/1197
f 229/1458/1199 2369/2068/1721 228/2101/1198
f 229/1458/1199 2371/2102/1734 2370/2073/1726
f 2368/2070/1723 120/2103/1249 121/2100/1248
f 120/2103/1249 2376/2076/1729 119/2104/1250
f 119/2104/1250 2359/2081/1715 118/2096/1243
f 2382/2105/1743 2385/2106/1744 2381/2107/1745
f 2383/2108/1746 2386/2109/1747 2382/2105/1743
f 2383/2108/1746 2388/2110/1748 2387/2111/1749
f 2386/2109/1747 2389/2112/1750 2385/2106/1744
f 2387/2111/1749 2390/2113/1751 2386/2109/1747
f 2387/2111/1749 2392/2114/1752 2391/2115/1753
f 2394/2116/1754 2397/2117/1755 2393/2118/1756
f 2394/2116/1754 2399/2119/1757 2398/2120/1758
f 2395/2121/1759 2400/2122/1760 2399/2119/1757
f 2397/2117/1755 2402/2123/1761 2401/2124/1762
f 2398/2120/1758 2403/2125/1763 2402/2123/1761
f 2399/2119/1757 2404/2126/1764 2403/2125/1763
f 2406/2127/1765 2409/2128/1766 2405/2129/1767
f 2407/2130/1768 2410/2131/1769 2406/2127/1765
f 2408/2132/1770 2411/2133/1771 2407/2130/1768
f 2410/2131/1769 2413/2134/1772 2409/2128/1766
f 2411/2133/1771 2414/2135/1773 2410/2131/1769
f 2412/2136/1774 2415/2137/1775 2411/2133/1771
f 2402/2123/1761 2384/2138/1776 2401/2124/1762
f 2402/2123/1761 2392/2114/1752 2388/2139/1748
f 2414/2135/1773 2396/2140/1777 2413/2134/1772
f 2415/2137/1775 2400/2141/1760 2414/2135/1773
f 2390/2113/1751 2408/2132/1770 2389/2112/1750
f 2391/2115/1753 2412/2142/1774 2390/2113/1751
f 2391/2115/1753 2380/2143/1778 2416/2144/1779
f 2403/2125/1763 2380/2143/1778 2392/2114/1752
f 2415/2137/1775 2380/2143/1778 2404/2126/1764
f 486/2145/168 479/2146/1736 18/194/169
f 487/2147/172 2381/2107/1745 486/2145/168
f 487/2147/172 2383/2108/1746 2382/2105/1743
f 488/2148/173 2384/2149/1776 2383/2108/1746
f 2381/2107/1745 480/2150/1737 479/2146/1736
f 2385/2106/1744 481/2151/1738 480/2150/1737
f 2389/2112/1750 482/2152/1742 481/2151/1738
f 499/2153/1780 492/2154/160 13/187/162
f 498/2155/1781 2393/2118/1756 499/2153/1780
f 498/2155/1781 2395/2121/1759 2394/2116/1754
f 497/2156/1782 2396/2140/1777 2395/2121/1759
f 2393/2118/1756 491/188/163 492/2154/160
f 491/188/163 2401/2124/1762 490/189/164
f 2401/2124/1762 489/2157/174 490/189/164
f 485/2158/1739 493/2159/1783 19/2093/291
f 484/2160/1740 2405/2129/1767 485/2158/1739
f 483/2161/1741 2406/2127/1765 484/2160/1740
f 483/2161/1741 2408/2132/1770 2407/2130/1768
f 2405/2129/1767 494/2162/1784 493/2159/1783
f 2409/2128/1766 495/2163/1785 494/2162/1784
f 2413/2134/1772 496/2164/1786 495/2163/1785
f 2419/2165/1787 2422/2166/1788 2418/2167/1789
f 2420/2168/1790 2423/2169/1791 2419/2165/1787
f 2420/2168/1790 2425/2170/1792 2424/2171/1793
f 2423/2169/1791 2426/2172/1794 2422/2166/1788
f 2424/2171/1793 2427/2173/1795 2423/2169/1791
f 2424/2171/1793 2429/2174/1796 2428/2175/1797
f 2431/2176/1798 2434/2177/1799 2430/2178/1800
f 2432/2179/1801 2435/2180/1802 2431/2176/1798
f 2433/2181/1803 2436/2182/1804 2432/2179/1801
f 2435/2180/1802 2438/2183/1805 2434/2177/1799
f 2436/2182/1804 2439/2184/1806 2435/2180/1802
f 2437/2185/1807 2440/2186/1808 2436/2182/1804
f 2443/2187/1809 2446/2188/1810 2442/2189/1811
f 2443/2187/1809 2448/2190/1812 2447/2191/1813
f 2444/2192/1814 2449/2193/1815 2448/2190/1812
f 2446/2188/1810 2451/2194/1816 2450/2195/1817
f 2447/2191/1813 2452/2196/1818 2451/2194/1816
f 2448/2190/1812 2453/2197/1819 2452/2196/1818
f 2439/2184/1806 2421/2198/1820 2438/2183/1805
f 2440/2186/1808 2425/2170/1792 2439/2184/1806
f 2450/2195/1817 2437/2199/1807 2433/2181/1803
f 2451/2194/1816 2441/2200/1821 2437/2199/1807
f 2427/2173/1795 2445/2201/1822 2426/2172/1794
f 2428/2175/1797 2449/2193/1815 2427/2173/1795
f 2428/2175/1797 2417/2202/1823 2453/2197/1819
f 2440/2186/1808 2417/2202/1823 2429/2174/1796
f 2452/2196/1818 2417/2202/1823 2441/2200/1821
f 198/2203/1824 499/2153/1780 13/187/162
f 197/2204/1825 2418/2167/1789 198/2203/1824
f 196/2205/1826 2419/2165/1787 197/2204/1825
f 195/2206/1827 2420/2168/1790 196/2205/1826
f 2418/2167/1789 498/2207/1781 499/2153/1780
f 2422/2166/1788 497/2208/1782 498/2207/1781
f 2426/2172/1794 496/2209/1786 497/2208/1782
f 234/2210/274 192/2211/1828 2/2212/273
f 235/2213/278 2430/2178/1800 234/2210/274
f 236/2214/279 2431/2176/1798 235/2213/278
f 237/2215/280 2432/2179/1801 236/2214/279
f 2430/2178/1800 193/2216/1829 192/2211/1828
f 2434/2177/1799 194/2217/1830 193/2216/1829
f 2438/2183/1805 195/2206/1827 194/2217/1830
f 493/2218/1783 240/2219/289 19/2093/291
f 494/2220/1784 2442/2189/1811 493/2218/1783
f 494/2220/1784 2444/2192/1814 2443/2187/1809
f 495/2163/1785 2445/2221/1822 2444/2192/1814
f 2442/2189/1811 239/2222/292 240/2219/289
f 239/2222/292 2450/2195/1817 238/2223/293
f 238/2223/293 2433/2181/1803 237/2215/280
f 2455/2224/1831 2461/2225/1832 2454/2226/1833
f 2456/2227/1834 2462/2228/1835 2455/2224/1831
f 2457/2229/1836 2463/2230/1837 2456/2227/1834
f 2458/2231/1838 2464/2232/1839 2457/2229/1836
f 2459/2233/1840 2465/2234/1841 2458/2231/1838
f 2460/2235/1842 2466/2236/1843 2459/2233/1840
f 2462/2228/1835 2468/2237/1844 2461/2225/1832
f 2463/2230/1837 2469/2238/1845 2462/2228/1835
f 2464/2232/1839 2470/2239/1846 2463/2230/1837
f 2465/2234/1841 2471/2240/1847 2464/2232/1839
f 2466/2236/1843 2472/2241/1848 2465/2234/1841
f 2467/2242/1849 2473/2243/1850 2466/2236/1843
f 2469/2238/1845 2475/2244/1851 2468/2237/1844
f 2470/2239/1846 2476/2245/1852 2469/2238/1845
f 2470/2239/1846 2478/2246/1853 2477/2247/1854
f 2472/2241/1848 2478/2246/1853 2471/2240/1847
f 2473/2243/1850 2479/2248/1855 2472/2241/1848
f 2474/2249/1856 2480/2250/1857 2473/2243/1850
f 2476/2245/1852 2482/2251/1858 2475/2244/1851
f 2477/2247/1854 2483/2252/1859 2476/2245/1852
f 2478/2246/1853 2484/2253/1860 2477/2247/1854
f 2479/2248/1855 2485/2254/1861 2478/2246/1853
f 2480/2250/1857 2486/2255/1862 2479/2248/1855
f 2481/2256/1863 2487/2257/1864 2480/2250/1857
f 2483/2252/1859 2489/2258/1865 2482/2251/1858
f 2484/2253/1860 2490/2259/1866 2483/2252/1859
f 2485/2254/1861 2491/2260/1867 2484/2253/1860
f 2486/2255/1862 2492/2261/1868 2485/2254/1861
f 2487/2257/1864 2493/2262/1869 2486/2255/1862
f 2488/2263/1870 2494/2264/1871 2487/2257/1864
f 2490/2259/1866 2496/2265/1872 2489/2258/1865
f 2491/2260/1867 2497/2266/1873 2490/2259/1866
f 2492/2261/1868 2498/2267/1874 2491/2260/1867
f 2493/2262/1869 2499/2268/1875 2492/2261/1868
f 2494/2264/1871 2500/2269/1876 2493/2262/1869
f 2495/2270/1877 2501/2271/1878 2494/2264/1871
f 72/2272/1879 619/2273/1880 2/304/273
f 71/2274/1881 2454/2226/1833 72/2272/1879
f 70/2275/1882 2455/2224/1831 71/2274/1881
f 69/2276/1883 2456/2227/1834 70/2275/1882
f 68/2277/1884 2457/2229/1836 69/2276/1883
f 67/2278/1885 2458/2231/1838 68/2277/1884
f 66/2279/1886 2459/2233/1840 67/2278/1885
f 11/2280/1887 2460/2235/1842 66/2279/1886
f 520/2281/1888 2467/2242/1849 2460/2235/1842
f 519/2282/1889 2474/2249/1856 2467/2242/1849
f 518/2283/1890 2481/2256/1863 2474/2249/1856
f 517/2284/1891 2488/2263/1870 2481/2256/1863
f 516/2285/1892 2495/2270/1877 2488/2263/1870
f 515/2286/1893 2502/2287/1894 2495/2270/1877
f 514/2288/1895 661/2289/1896 2502/2287/1894
f 2502/2287/1894 662/2290/1897 2501/2271/1878
f 2501/2271/1878 663/2291/1898 2500/2269/1876
f 2500/2269/1876 664/2292/1899 2499/2268/1875
f 2499/2268/1875 665/2293/1900 2498/2267/1874
f 2498/2267/1874 666/2294/1901 2497/2266/1873
f 2497/2266/1873 667/2295/1902 2496/2265/1872
f 2496/2265/1872 35/2296/1903 625/2297/1904
f 2489/2258/1865 625/2297/1904 624/2298/1905
f 2482/2251/1858 624/2298/1905 623/2299/1906
f 2475/2244/1851 623/2299/1906 622/2300/1907
f 2468/2237/1844 622/2300/1907 621/2301/1908
f 2461/2225/1832 621/2301/1908 620/2302/1909
f 2454/2226/1833 620/2302/1909 619/2273/1880
f 2503/2303/1910 2511/2304/1911 2510/2305/1912
f 2504/2306/1913 2512/2307/1914 2511/2304/1911
f 2505/2308/1915 2513/2309/1916 2512/2307/1914
f 2506/2310/1917 2514/2311/1918 2513/2309/1916
f 2507/2312/1919 2515/2313/1920 2514/2311/1918
f 2508/2314/1921 2516/2315/1922 2515/2313/1920
f 2510/2305/1912 2518/2316/1923 2517/2317/1924
f 2511/2304/1911 2519/2318/1925 2518/2316/1923
f 2512/2307/1914 2520/2319/1926 2519/2318/1925
f 2513/2309/1916 2521/2320/1927 2520/2319/1926
f 2514/2311/1918 2522/2321/1928 2521/2320/1927
f 2515/2313/1920 2523/2322/1929 2522/2321/1928
f 2517/2317/1924 2525/2323/1930 2524/2324/1931
f 2518/2316/1923 2526/2325/1932 2525/2323/1930
f 2519/2318/1925 2527/2326/1933 2526/2325/1932
f 2520/2319/1926 2528/2327/1934 2527/2326/1933
f 2521/2320/1927 2529/2328/1935 2528/2327/1934
f 2522/2321/1928 2530/2329/1936 2529/2328/1935
f 2524/2324/1931 2532/2330/1937 2531/2331/1938
f 2525/2323/1930 2533/2332/1939 2532/2330/1937
f 2526/2325/1932 2534/2333/1940 2533/2332/1939
f 2527/2326/1933 2535/2334/1941 2534/2333/1940
f 2528/2327/1934 2536/2335/1942 2535/2334/1941
f 2529/2328/1935 2537/2336/1943 2536/2335/1942
f 2531/2331/1938 2539/2337/1944 2538/2338/1945
f 2532/2330/1937 2540/2339/1946 2539/2337/1944
f 2533/2332/1939 2541/2340/1947 2540/2339/1946
f 2534/2333/1940 2542/2341/1948 2541/2340/1947
f 2535/2334/1941 2543/2342/1949 2542/2341/1948
f 2536/2335/1942 2544/2343/1950 2543/2342/1949
f 2538/2338/1945 2546/2344/1951 2545/2345/1952
f 2539/2337/1944 2547/2346/1953 2546/2344/1951
f 2540/2339/1946 2548/2347/1954 2547/2346/1953
f 2541/2340/1947 2549/2348/1955 2548/2347/1954
f 2542/2341/1948 2550/2349/1956 2549/2348/1955
f 2543/2342/1949 2551/2350/1957 2550/2349/1956
f 16/1780/1473 2503/2303/1910 443/1781/1474
f 219/2351/1958 2504/2306/1913 2503/2303/1910
f 218/2352/1959 2505/2308/1915 2504/2306/1913
f 217/2353/1960 2506/2310/1917 2505/2308/1915
f 216/2354/1961 2507/2312/1919 2506/2310/1917
f 215/2355/1962 2508/2314/1921 2507/2312/1919
f 214/2356/1963 2509/2357/1964 2508/2314/1921
f 213/2358/1965 555/2359/1966 2509/2357/1964
f 2509/2357/1964 554/2360/1967 2516/2315/1922
f 2516/2315/1922 553/2361/1968 2523/2322/1929
f 2523/2322/1929 552/2362/1969 2530/2329/1936
f 2530/2329/1936 551/2363/1970 2537/2336/1943
f 2537/2336/1943 550/2364/1971 2544/2343/1950
f 2544/2343/1950 549/2365/1972 2551/2350/1957
f 2551/2350/1957 57/2366/1973 808/2367/1974
f 2550/2349/1956 808/2367/1974 809/2368/1975
f 2549/2348/1955 809/2368/1975 810/2369/1976
f 2548/2347/1954 810/2369/1976 811/2370/1977
f 2547/2346/1953 811/2370/1977 812/2371/1978
f 2546/2344/1951 812/2371/1978 813/2372/1979
f 2545/2345/1952 813/2372/1979 814/2373/1980
f 437/1788/1481 814/2373/1980 40/2374/1981
f 438/1786/1479 2545/2345/1952 437/1788/1481
f 439/1785/1478 2538/2338/1945 438/1786/1479
f 440/1784/1477 2531/2331/1938 439/1785/1478
f 441/1783/1476 2524/2324/1931 440/1784/1477
f 442/1782/1475 2517/2317/1924 441/1783/1476
f 443/1781/1474 2510/2305/1912 442/1782/1475
f 2552/2375/1982 2560/2376/1983 2559/2377/1984
f 2553/2378/1985 2561/2379/1986 2560/2376/1983
f 2554/2380/1987 2562/2381/1988 2561/2379/1986
f 2555/2382/1989 2563/2383/1990 2562/2381/1988
f 2556/2384/1991 2564/2385/1992 2563/2383/1990
f 2557/2386/1993 2565/2387/1994 2564/2385/1992
f 2559/2377/1984 2567/2388/1995 2566/2389/1996
f 2560/2376/1983 2568/2390/1997 2567/2388/1995
f 2561/2379/1986 2569/2391/1998 2568/2390/1997
f 2562/2381/1988 2570/2392/1999 2569/2391/1998
f 2563/2383/1990 2571/2393/2000 2570/2392/1999
f 2564/2385/1992 2572/2394/2001 2571/2393/2000
f 2566/2389/1996 2574/2395/2002 2573/2396/2003
f 2567/2388/1995 2575/2397/2004 2574/2395/2002
f 2568/2390/1997 2576/2398/2005 2575/2397/2004
f 2569/2391/1998 2577/2399/2006 2576/2398/2005
f 2570/2392/1999 2578/2400/2007 2577/2399/2006
f 2571/2393/2000 2579/2401/2008 2578/2400/2007
f 2573/2396/2003 2581/2402/2009 2580/2403/2010
f 2574/2395/2002 2582/2404/2011 2581/2402/2009
f 2575/2397/2004 2583/2405/2012 2582/2404/2011
f 2576/2398/2005 2584/2406/2013 2583/2405/2012
f 2577/2399/2006 2585/2407/2014 2584/2406/2013
f 2578/2400/2007 2586/2408/2015 2585/2407/2014
f 2580/2403/2010 2588/2409/2016 2587/2410/2017
f 2581/2402/2009 2589/2411/2018 2588/2409/2016
f 2582/2404/2011 2590/2412/2019 2589/2411/2018
f 2583/2405/2012 2591/2413/2020 2590/2412/2019
f 2584/2406/2013 2592/2414/2021 2591/2413/2020
f 2585/2407/2014 2593/2415/2022 2592/2414/2021
f 2587/2410/2017 2595/2416/2023 2594/2417/2024
f 2588/2409/2016 2596/2418/2025 2595/2416/2023
f 2589/2411/2018 2597/2419/2026 2596/2418/2025
f 2590/2412/2019 2598/2420/2027 2597/2419/2026
f 2591/2413/2020 2599/2421/2028 2598/2420/2027
f 2592/2414/2021 2600/2422/2029 2599/2421/2028
f 8/1158/967 2552/2375/1982 450/1702/1396
f 163/1157/966 2553/2378/1985 2552/2375/1982
f 162/1162/970 2554/2380/1987 2553/2378/1985
f 161/2423/971 2555/2382/1989 2554/2380/1987
f 160/1164/972 2556/2384/1991 2555/2382/1989
f 159/2424/961 2557/2386/1993 2556/2384/1991
f 158/2425/960 2558/2426/2030 2557/2386/1993
f 157/2427/959 541/2428/2031 2558/2426/2030
f 2558/2426/2030 540/2429/2032 2565/2387/1994
f 2565/2387/1994 539/2430/2033 2572/2394/2001
f 2572/2394/2001 538/2431/2034 2579/2401/2008
f 2579/2401/2008 537/2432/2035 2586/2408/2015
f 2586/2408/2015 536/2433/2036 2593/2415/2022
f 2593/2415/2022 535/2434/2037 2600/2422/2029
f 2600/2422/2029 51/2435/2038 745/2436/2039
f 2599/2421/2028 745/2436/2039 746/2437/2040
f 2598/2420/2027 746/2437/2040 747/2438/2041
f 2597/2419/2026 747/2438/2041 748/2439/2042
f 2596/2418/2025 748/2439/2042 749/2440/2043
f 2595/2416/2023 749/2440/2043 750/2441/2044
f 2594/2417/2024 750/2441/2044 751/2442/2045
f 444/1708/1402 751/2442/2045 49/2443/2046
f 445/1706/1400 2594/2417/2024 444/1708/1402
f 446/1705/1399 2587/2410/2017 445/1706/1400
f 447/1704/1398 2580/2403/2010 446/1705/1399
f 448/1703/1397 2573/2396/2003 447/1704/1398
f 449/2444/2047 2566/2389/1996 448/1703/1397
f 450/1702/1396 2559/2377/1984 449/2444/2047
f 2602/2445/2048 2608/2446/2049 2601/2447/2050
f 2603/2448/2051 2609/2449/2052 2602/2445/2048
f 2604/2450/2053 2610/2451/2054 2603/2448/2051
f 2605/2452/2055 2611/2453/2056 2604/2450/2053
f 2606/2454/2057 2612/2455/2058 2605/2452/2055
f 2607/2456/2059 2613/2457/2060 2606/2454/2057
f 2609/2449/2052 2615/2458/2061 2608/2446/2049
f 2610/2451/2054 2616/2459/2062 2609/2449/2052
f 2611/2453/2056 2617/2460/2063 2610/2451/2054
f 2612/2455/2058 2618/2461/2064 2611/2453/2056
f 2613/2457/2060 2619/2462/2065 2612/2455/2058
f 2614/2463/2066 2620/2464/2067 2613/2457/2060
f 2616/2459/2062 2622/2465/2068 2615/2458/2061
f 2617/2460/2063 2623/2466/2069 2616/2459/2062
f 2618/2461/2064 2624/2467/2070 2617/2460/2063
f 2619/2462/2065 2625/2468/2071 2618/2461/2064
f 2620/2464/2067 2626/2469/2072 2619/2462/2065
f 2621/2470/2073 2627/2471/2074 2620/2464/2067
f 2623/2466/2069 2629/2472/2075 2622/2465/2068
f 2624/2467/2070 2630/2473/2076 2623/2466/2069
f 2625/2468/2071 2631/2474/2077 2624/2467/2070
f 2626/2469/2072 2632/2475/2078 2625/2468/2071
f 2627/2471/2074 2633/2476/2079 2626/2469/2072
f 2628/2477/2080 2634/2478/2081 2627/2471/2074
f 2629/2472/2075 2637/2479/2082 2636/2480/2083
f 2630/2473/2076 2638/2481/2084 2637/2479/2082
f 2632/2475/2078 2638/2481/2084 2631/2474/2077
f 2633/2476/2079 2639/2482/2085 2632/2475/2078
f 2634/2478/2081 2640/2483/2086 2633/2476/2079
f 2635/2484/2087 2641/2485/2088 2634/2478/2081
f 2636/2480/2083 2644/2486/2089 2643/2487/2090
f 2638/2481/2084 2644/2486/2089 2637/2479/2082
f 2639/2482/2085 2645/2488/2091 2638/2481/2084
f 2640/2483/2086 2646/2489/2092 2639/2482/2085
f 2641/2485/2088 2647/2490/2093 2640/2483/2086
f 2642/2491/2094 2648/2492/2095 2641/2485/2088
f 59/51/48 521/2493/2096 10/50/47
f 60/2494/52 2601/2447/2050 59/51/48
f 61/2495/53 2602/2445/2048 60/2494/52
f 62/46/43 2603/2448/2051 61/2495/53
f 63/2496/42 2604/2450/2053 62/46/43
f 64/2497/40 2605/2452/2055 63/2496/42
f 65/2498/41 2606/2454/2057 64/2497/40
f 1/41/38 2607/2456/2059 65/2498/41
f 506/2499/2097 2614/2463/2066 2607/2456/2059
f 505/2499/2098 2621/2470/2073 2614/2463/2066
f 504/2499/2099 2628/2477/2080 2621/2470/2073
f 503/2499/2100 2635/2484/2087 2628/2477/2080
f 502/2499/2101 2642/2491/2094 2635/2484/2087
f 501/2499/2102 2649/2500/2103 2642/2491/2094
f 500/2499/2104 653/2501/2105 2649/2500/2103
f 2649/2500/2103 652/2502/2106 2648/2492/2095
f 2648/2492/2095 651/2503/2107 2647/2490/2093
f 2647/2490/2093 650/2504/2108 2646/2489/2092
f 2646/2489/2092 649/2505/2109 2645/2488/2091
f 2645/2488/2091 648/2506/2110 2644/2486/2089
f 2644/2486/2089 647/2507/2111 2643/2487/2090
f 527/2493/2112 647/2507/2111 30/2508/2113
f 526/2493/2114 2643/2487/2090 527/2493/2112
f 525/2508/2115 2636/2480/2083 526/2493/2114
f 524/2493/2116 2629/2472/2075 525/2508/2115
f 523/2508/2117 2622/2465/2068 524/2493/2116
f 522/2493/2118 2615/2458/2061 523/2508/2117
f 2601/2447/2050 522/2493/2118 521/2493/2096
f 2651/2509/2119 2657/2510/2120 2650/2511/2121
f 2651/2509/2119 2659/2512/2122 2658/2513/2123
f 2652/2514/2124 2660/2515/2125 2659/2512/2122
f 2653/2516/2126 2661/2517/2127 2660/2515/2125
f 2654/2518/2128 2662/2519/2129 2661/2517/2127
f 2655/2520/2130 2663/2521/2131 2662/2519/2129
f 2657/2510/2120 2665/2522/2132 2664/2523/2133
f 2658/2513/2123 2666/2524/2134 2665/2522/2132
f 2659/2512/2122 2667/2525/2135 2666/2524/2134
f 2660/2515/2125 2668/2526/2136 2667/2525/2135
f 2661/2517/2127 2669/2527/2137 2668/2526/2136
f 2662/2519/2129 2670/2528/2138 2669/2527/2137
f 2664/2523/2133 2672/2529/2139 2671/2530/2140
f 2665/2522/2132 2673/2531/2141 2672/2529/2139
f 2666/2524/2134 2674/2532/2142 2673/2531/2141
f 2667/2525/2135 2675/2533/2143 2674/2532/2142
f 2668/2526/2136 2676/2534/2144 2675/2533/2143
f 2669/2527/2137 2677/2535/2145 2676/2534/2144
f 2671/2530/2140 2679/2536/2146 2678/2537/2147
f 2672/2529/2139 2680/2538/2148 2679/2536/2146
f 2673/2531/2141 2681/2539/2149 2680/2538/2148
f 2674/2532/2142 2682/2540/2150 2681/2539/2149
f 2675/2533/2143 2683/2541/2151 2682/2540/2150
f 2676/2534/2144 2684/2542/2152 2683/2541/2151
f 2678/2537/2147 2686/2543/2153 2685/2544/2154
f 2679/2536/2146 2687/2545/2155 2686/2543/2153
f 2680/2538/2148 2688/2546/2156 2687/2545/2155
f 2681/2539/2149 2689/2547/2157 2688/2546/2156
f 2682/2540/2150 2690/2548/2158 2689/2547/2157
f 2683/2541/2151 2691/2549/2159 2690/2548/2158
f 2685/2544/2154 2693/2550/2160 2692/2551/2161
f 2686/2543/2153 2694/2552/2162 2693/2550/2160
f 2687/2545/2155 2695/2553/2163 2694/2552/2162
f 2688/2546/2156 2696/2554/2164 2695/2553/2163
f 2689/2547/2157 2697/2555/2165 2696/2554/2164
f 2690/2548/2158 2698/2556/2166 2697/2555/2165
f 310/2557/561 542/2558/2167 29/699/560
f 309/636/565 2650/2511/2121 310/2557/561
f 308/2559/566 2651/2509/2119 309/636/565
f 308/2559/566 2653/2516/2126 2652/2514/2124
f 307/2560/567 2654/2518/2128 2653/2516/2126
f 306/2561/580 2655/2520/2130 2654/2518/2128
f 305/2562/579 2656/2563/2168 2655/2520/2130
f 304/2564/578 451/2565/1543 2656/2563/2168
f 2656/2563/2168 452/2565/1566 2663/2521/2131
f 2663/2521/2131 453/2565/1565 2670/2528/2138
f 2670/2528/2138 454/2565/1564 2677/2535/2145
f 2677/2535/2145 455/2566/1563 2684/2542/2152
f 2684/2542/2152 456/2567/1562 2691/2549/2159
f 2691/2549/2159 457/2568/1560 2698/2556/2166
f 2698/2556/2166 55/2565/1561 892/2569/2169
f 2697/2555/2165 892/2569/2169 893/2570/2170
f 2696/2554/2164 893/2570/2170 894/2571/2171
f 2695/2553/2163 894/2571/2171 895/2572/2172
f 2694/2552/2162 895/2572/2172 896/2573/2173
f 2693/2550/2160 896/2573/2173 897/2574/2174
f 2692/2551/2161 897/2574/2174 898/2575/2175
f 548/2576/2176 898/2575/2175 56/2577/2177
f 547/2578/2178 2692/2551/2161 548/2576/2176
f 2678/2537/2147 547/2578/2178 546/2579/2179
f 2671/2530/2140 546/2579/2179 545/2580/2180
f 2664/2523/2133 545/2580/2180 544/2581/2181
f 2657/2510/2120 544/2581/2181 543/2582/2182
f 2650/2511/2121 543/2582/2182 542/2558/2167
f 2699/2583/2183 2707/2584/2184 2706/2585/2185
f 2700/2586/2186 2708/2587/2187 2707/2584/2184
f 2701/2588/2188 2709/2589/2189 2708/2587/2187
f 2702/2590/2190 2710/2591/2191 2709/2589/2189
f 2703/2592/2192 2711/2593/2193 2710/2591/2191
f 2704/2594/2194 2712/2595/2195 2711/2593/2193
f 2706/2585/2185 2714/2596/2196 2713/2597/2197
f 2707/2584/2184 2715/2598/2198 2714/2596/2196
f 2708/2587/2187 2716/2599/2199 2715/2598/2198
f 2709/2589/2189 2717/2600/2200 2716/2599/2199
f 2710/2591/2191 2718/2601/2201 2717/2600/2200
f 2711/2593/2193 2719/2602/2202 2718/2601/2201
f 2713/2597/2197 2721/2603/2203 2720/2604/2204
f 2714/2596/2196 2722/2605/2205 2721/2603/2203
f 2715/2598/2198 2723/2606/2206 2722/2605/2205
f 2716/2599/2199 2724/2607/2207 2723/2606/2206
f 2717/2600/2200 2725/2608/2208 2724/2607/2207
f 2718/2601/2201 2726/2609/2209 2725/2608/2208
f 2720/2604/2204 2728/2610/2210 2727/2611/2211
f 2721/2603/2203 2729/2612/2212 2728/2610/2210
f 2722/2605/2205 2730/2613/2213 2729/2612/2212
f 2723/2606/2206 2731/2614/2214 2730/2613/2213
f 2724/2607/2207 2732/2615/2215 2731/2614/2214
f 2726/2609/2209 2732/2615/2215 2725/2608/2208
f 2727/2611/2211 2735/2616/2216 2734/2617/2217
f 2728/2610/2210 2736/2618/2218 2735/2616/2216
f 2729/2612/2212 2737/2619/2219 2736/2618/2218
f 2730/2613/2213 2738/2620/2220 2737/2619/2219
f 2731/2614/2214 2739/2621/2221 2738/2620/2220
f 2733/2622/2222 2739/2621/2221 2732/2615/2215
f 2734/2617/2217 2742/2623/2223 2741/2624/2224
f 2735/2616/2216 2743/2625/2225 2742/2623/2223
f 2736/2618/2218 2744/2626/2226 2743/2625/2225
f 2737/2619/2219 2745/2627/2227 2744/2626/2226
f 2738/2620/2220 2746/2628/2228 2745/2627/2227
f 2740/2629/2229 2746/2628/2228 2739/2621/2221
f 93/109/99 506/2630/2097 1/110/38
f 93/109/99 2700/2586/2186 2699/2583/2183
f 92/2631/100 2701/2588/2188 2700/2586/2186
f 91/2632/101 2702/2590/2190 2701/2588/2188
f 90/2633/102 2703/2592/2192 2702/2590/2190
f 89/130/111 2704/2594/2194 2703/2592/2192
f 88/2634/110 2705/2635/2230 2704/2594/2194
f 87/128/109 507/2636/1466 2705/2635/2230
f 2705/2635/2230 508/2636/1495 2712/2595/2195
f 508/2636/1495 2719/2602/2202 2712/2595/2195
f 509/2637/1494 2726/2609/2209 2719/2602/2202
f 510/2636/1493 2733/2622/2222 2726/2609/2209
f 511/2637/1492 2740/2629/2229 2733/2622/2222
f 512/2636/1491 2747/2638/2231 2740/2629/2229
f 513/2636/1490 682/2639/2232 2747/2638/2231
f 2747/2638/2231 683/2640/2233 2746/2628/2228
f 2745/2627/2227 683/2640/2233 684/2641/2234
f 2744/2626/2226 684/2641/2234 685/2642/2235
f 2743/2625/2225 685/2642/2235 686/2643/2236
f 2742/2623/2223 686/2643/2236 687/2644/2237
f 2741/2624/2224 687/2644/2237 688/2645/2238
f 500/2630/2104 688/2645/2238 31/2630/2239
f 501/2630/2102 2741/2624/2224 500/2630/2104
f 502/2646/2101 2734/2617/2217 501/2630/2102
f 503/2630/2100 2727/2611/2211 502/2646/2101
f 504/2646/2099 2720/2604/2204 503/2630/2100
f 505/2630/2098 2713/2597/2197 504/2646/2099
f 2699/2583/2183 505/2630/2098 506/2630/2097
f 2749/2647/2240 2755/2648/2241 2748/2649/2242
f 2750/2650/2243 2756/2651/2244 2749/2647/2240
f 2751/2652/2245 2757/2653/2246 2750/2650/2243
f 2752/2654/2247 2758/2655/2248 2751/2652/2245
f 2753/2656/2249 2759/2657/2250 2752/2654/2247
f 2754/2658/2251 2760/2659/2252 2753/2656/2249
f 2756/2651/2244 2762/2660/2253 2755/2648/2241
f 2757/2653/2246 2763/2661/2254 2756/2651/2244
f 2758/2655/2248 2764/2662/2255 2757/2653/2246
f 2759/2657/2250 2765/2663/2256 2758/2655/2248
f 2760/2659/2252 2766/2664/2257 2759/2657/2250
f 2761/2665/2258 2767/2666/2259 2760/2659/2252
f 2763/2661/2254 2769/2667/2260 2762/2660/2253
f 2764/2662/2255 2770/2668/2261 2763/2661/2254
f 2765/2663/2256 2771/2669/2262 2764/2662/2255
f 2766/2664/2257 2772/2670/2263 2765/2663/2256
f 2767/2666/2259 2773/2671/2264 2766/2664/2257
f 2768/2672/2265 2774/2673/2266 2767/2666/2259
f 2770/2668/2261 2776/2674/2267 2769/2667/2260
f 2770/2668/2261 2778/2675/2268 2777/2676/2269
f 2771/2669/2262 2779/2677/2270 2778/2675/2268
f 2773/2671/2264 2779/2677/2270 2772/2670/2263
f 2774/2673/2266 2780/2678/2271 2773/2671/2264
f 2775/2679/2272 2781/2680/2273 2774/2673/2266
f 2777/2676/2269 2783/2681/2274 2776/2674/2267
f 2778/2675/2268 2784/2682/2275 2777/2676/2269
f 2779/2677/2270 2785/2683/2276 2778/2675/2268
f 2780/2678/2271 2786/2684/2277 2779/2677/2270
f 2781/2680/2273 2787/2685/2278 2780/2678/2271
f 2782/2686/2279 2788/2687/2280 2781/2680/2273
f 2784/2682/2275 2790/2688/2281 2783/2681/2274
f 2785/2683/2276 2791/2689/2282 2784/2682/2275
f 2786/2684/2277 2792/2690/2283 2785/2683/2276
f 2787/2685/2278 2793/2691/2284 2786/2684/2277
f 2788/2687/2280 2794/2692/2285 2787/2685/2278
f 2789/2693/2286 2795/2694/2287 2788/2687/2280
f 268/2695/1344 640/2696/2288 23/509/448
f 267/2697/1345 2748/2649/2242 268/2695/1344
f 266/2698/1346 2749/2647/2240 267/2697/1345
f 265/1646/1340 2750/2650/2243 266/2698/1346
f 264/2699/1339 2751/2652/2245 265/1646/1340
f 263/2700/1338 2752/2654/2247 264/2699/1339
f 262/2701/1335 2753/2656/2249 263/2700/1338
f 5/1632/1337 2754/2658/2251 262/2701/1335
f 534/2702/2289 2761/2665/2258 2754/2658/2251
f 533/2703/2290 2768/2672/2265 2761/2665/2258
f 532/2704/2291 2775/2679/2272 2768/2672/2265
f 531/2705/2292 2782/2686/2279 2775/2679/2272
f 530/2706/2293 2789/2693/2286 2782/2686/2279
f 529/2707/2294 2796/2708/2295 2789/2693/2286
f 528/2709/2296 864/2710/2297 2796/2708/2295
f 2796/2708/2295 865/2711/2298 2795/2694/2287
f 2795/2694/2287 866/2712/2299 2794/2692/2285
f 2794/2692/2285 867/2713/2300 2793/2691/2284
f 2793/2691/2284 868/2714/2301 2792/2690/2283
f 2792/2690/2283 869/2715/2302 2791/2689/2282
f 2791/2689/2282 870/2716/2303 2790/2688/2281
f 2790/2688/2281 58/2717/2304 646/2718/2305
f 2783/2681/2274 646/2718/2305 645/2719/2306
f 2776/2674/2267 645/2719/2306 644/2720/2307
f 2769/2667/2260 644/2720/2307 643/2721/2308
f 2762/2660/2253 643/2721/2308 642/2722/2309
f 2755/2648/2241 642/2722/2309 641/2723/2310
f 2748/2649/2242 641/2723/2310 640/2696/2288
f 2797/2724/2311 2805/2725/2312 2804/2726/2313
f 2798/2727/2314 2806/2728/2315 2805/2725/2312
f 2799/2729/2316 2807/2730/2317 2806/2728/2315
f 2800/2731/2318 2808/2732/2319 2807/2730/2317
f 2801/2733/2320 2809/2734/2321 2808/2732/2319
f 2802/2735/2322 2810/2736/2323 2809/2734/2321
f 2804/2726/2313 2812/2737/2324 2811/2738/2325
f 2805/2725/2312 2813/2739/2326 2812/2737/2324
f 2806/2728/2315 2814/2740/2327 2813/2739/2326
f 2807/2730/2317 2815/2741/2328 2814/2740/2327
f 2808/2732/2319 2816/2742/2329 2815/2741/2328
f 2809/2734/2321 2817/2743/2330 2816/2742/2329
f 2811/2738/2325 2819/2744/2331 2818/2745/2332
f 2812/2737/2324 2820/2746/2333 2819/2744/2331
f 2813/2739/2326 2821/2747/2334 2820/2746/2333
f 2814/2740/2327 2822/2748/2335 2821/2747/2334
f 2815/2741/2328 2823/2749/2336 2822/2748/2335
f 2816/2742/2329 2824/2750/2337 2823/2749/2336
f 2818/2745/2332 2826/2751/2338 2825/2752/2339
f 2819/2744/2331 2827/2753/2340 2826/2751/2338
f 2820/2746/2333 2828/2754/2341 2827/2753/2340
f 2821/2747/2334 2829/2755/2342 2828/2754/2341
f 2822/2748/2335 2830/2756/2343 2829/2755/2342
f 2823/2749/2336 2831/2757/2344 2830/2756/2343
f 2825/2752/2339 2833/2758/2345 2832/2759/2346
f 2826/2751/2338 2834/2760/2347 2833/2758/2345
f 2827/2753/2340 2835/2761/2348 2834/2760/2347
f 2828/2754/2341 2836/2762/2349 2835/2761/2348
f 2829/2755/2342 2837/2763/2350 2836/2762/2349
f 2830/2756/2343 2838/2764/2351 2837/2763/2350
f 2832/2759/2346 2840/2765/2352 2839/2766/2353
f 2833/2758/2345 2841/2767/2354 2840/2765/2352
f 2834/2760/2347 2842/2768/2355 2841/2767/2354
f 2835/2761/2348 2843/2769/2356 2842/2768/2355
f 2836/2762/2349 2844/2770/2357 2843/2769/2356
f 2837/2763/2350 2845/2771/2358 2844/2770/2357
f 11/2280/1887 2797/2724/2311 520/2281/1888
f 632/2772/2359 2798/2727/2314 2797/2724/2311
f 631/2773/2360 2799/2729/2316 2798/2727/2314
f 630/2774/2361 2800/2731/2318 2799/2729/2316
f 629/2775/2362 2801/2733/2320 2800/2731/2318
f 628/2776/2363 2802/2735/2322 2801/2733/2320
f 627/2777/2364 2803/2778/2365 2802/2735/2322
f 626/2779/2366 521/2780/2096 2803/2778/2365
f 2803/2778/2365 522/2780/2118 2810/2736/2323
f 2810/2736/2323 523/2781/2117 2817/2743/2330
f 2817/2743/2330 524/2780/2116 2824/2750/2337
f 2824/2750/2337 525/2781/2115 2831/2757/2344
f 2831/2757/2344 526/2780/2114 2838/2764/2351
f 2838/2764/2351 527/2781/2112 2845/2771/2358
f 2845/2771/2358 30/2782/2113 1102/2783/2367
f 2844/2770/2357 1102/2783/2367 1103/2784/2368
f 2843/2769/2356 1103/2784/2368 1104/2785/2369
f 2842/2768/2355 1104/2785/2369 1105/2786/2370
f 2841/2767/2354 1105/2786/2370 1106/2787/2371
f 2840/2765/2352 1106/2787/2371 1107/2788/2372
f 2839/2766/2353 1107/2788/2372 1108/2789/2373
f 514/2288/1895 1108/2789/2373 34/2790/2374
f 515/2286/1893 2839/2766/2353 514/2288/1895
f 516/2285/1892 2832/2759/2346 515/2286/1893
f 517/2284/1891 2825/2752/2339 516/2285/1892
f 518/2283/1890 2818/2745/2332 517/2284/1891
f 519/2282/1889 2811/2738/2325 518/2283/1890
f 520/2281/1888 2804/2726/2313 519/2282/1889
f 2847/2791/2375 2852/2792/2376 2851/2793/2377
f 2848/2794/2378 2853/2795/2379 2852/2792/2376
f 2849/2796/2380 2854/2797/2381 2853/2795/2379
f 2851/2793/2377 2856/2798/2382 2855/2799/2383
f 2852/2792/2376 2857/2800/2384 2856/2798/2382
f 2853/2795/2379 2858/2801/2385 2857/2800/2384
f 2859/2802/2386 2864/2803/2387 2863/2804/2388
f 2860/2805/2389 2865/2806/2390 2864/2803/2387
f 2861/2807/2391 2866/2808/2392 2865/2806/2390
f 2863/2804/2388 2868/2809/2393 2867/2810/2394
f 2864/2803/2387 2869/2811/2395 2868/2809/2393
f 2865/2806/2390 2870/2812/2396 2869/2811/2395
f 2872/2813/2397 2875/2814/2398 2871/2815/2399
f 2873/2816/2400 2876/2817/2401 2872/2813/2397
f 2874/2818/2402 2877/2819/2403 2873/2816/2400
f 2876/2817/2401 2879/2820/2404 2875/2814/2398
f 2877/2819/2403 2880/2821/2405 2876/2817/2401
f 2878/2822/2406 2881/2823/2407 2877/2819/2403
f 2867/2810/2394 2854/2797/2381 2850/2824/2408
f 2868/2809/2393 2858/2801/2385 2854/2797/2381
f 2880/2821/2405 2862/2825/2409 2879/2820/2404
f 2881/2823/2407 2866/2826/2392 2880/2821/2405
f 2855/2799/2383 2878/2827/2406 2874/2828/2402
f 2856/2798/2382 2882/2829/2410 2878/2827/2406
f 2857/2800/2384 2846/2830/2411 2882/2829/2410
f 2869/2811/2395 2846/2830/2411 2858/2801/2385
f 2882/2829/2410 2870/2812/2396 2881/2823/2407
f 14/1773/107 2847/2791/2375 562/2831/1465
f 205/2832/2412 2848/2794/2378 2847/2791/2375
f 204/2833/2413 2849/2796/2380 2848/2794/2378
f 203/2834/2414 2850/2824/2408 2849/2796/2380
f 562/2831/1465 2851/2793/2377 561/2835/1467
f 561/2835/1467 2855/2799/2383 560/1775/1468
f 560/1775/1468 2874/2828/2402 559/2836/1469
f 4/241/214 2859/2802/2386 199/2837/2415
f 213/2838/1965 2860/2805/2389 2859/2802/2386
f 214/2839/1963 2861/2807/2391 2860/2805/2389
f 215/2840/1962 2862/2841/2409 2861/2807/2391
f 199/2837/2415 2863/2804/2388 200/2842/2416
f 200/2842/2416 2867/2810/2394 201/2843/2417
f 201/2843/2417 2850/2824/2408 202/2844/2418
f 556/2845/1472 219/2846/1958 16/1780/1473
f 557/1778/1471 2871/2815/2399 556/2845/1472
f 558/2847/1470 2872/2813/2397 557/1778/1471
f 559/2848/1469 2873/2816/2400 558/2847/1470
f 2871/2815/2399 218/2352/1959 219/2846/1958
f 2875/2814/2398 217/2353/1960 218/2352/1959
f 2879/2820/2404 216/2849/1961 217/2353/1960
f 2885/2850/2419 2888/2851/2420 2884/2852/2421
f 2886/2853/2422 2889/2854/2423 2885/2850/2419
f 2887/2855/2424 2890/2856/2425 2886/2853/2422
f 2889/2854/2423 2892/2857/2426 2888/2851/2420
f 2890/2856/2425 2893/2858/2427 2889/2854/2423
f 2891/2859/2428 2894/2860/2429 2890/2856/2425
f 2897/2861/2430 2900/2862/2431 2896/2863/2432
f 2898/2864/2433 2901/2865/2434 2897/2861/2430
f 2899/2866/2435 2902/2867/2436 2898/2864/2433
f 2901/2865/2434 2904/2868/2437 2900/2862/2431
f 2902/2867/2436 2905/2869/2438 2901/2865/2434
f 2902/2867/2436 2907/2870/2439 2906/2871/2440
f 2909/2872/2441 2912/2873/2442 2908/2874/2443
f 2910/2875/2444 2913/2876/2445 2909/2872/2441
f 2911/2877/2446 2914/2878/2447 2910/2875/2444
f 2913/2876/2445 2916/2879/2448 2912/2873/2442
f 2914/2878/2447 2917/2880/2449 2913/2876/2445
f 2915/2881/2450 2918/2882/2451 2914/2878/2447
f 2904/2868/2437 2891/2883/2428 2887/2884/2424
f 2905/2869/2438 2895/2885/2452 2891/2883/2428
f 2917/2880/2449 2899/2866/2435 2916/2879/2448
f 2918/2882/2451 2903/2886/2453 2917/2880/2449
f 2893/2858/2427 2911/2887/2446 2892/2857/2426
f 2894/2860/2429 2915/2888/2450 2893/2858/2427
f 2894/2860/2429 2883/2889/2454 2919/2890/2455
f 2906/2871/2440 2883/2889/2454 2895/2885/2452
f 2918/2882/2451 2883/2889/2454 2907/2870/2439
f 563/2891/2456 205/2892/2412 14/126/107
f 564/2893/2457 2884/2852/2421 563/2891/2456
f 565/2894/2458 2885/2850/2419 564/2893/2457
f 566/2895/2459 2886/2853/2422 565/2894/2458
f 2884/2852/2421 204/2896/2413 205/2892/2412
f 2888/2851/2420 203/2897/2414 204/2896/2413
f 2892/2857/2426 202/2898/2418 203/2897/2414
f 94/2899/222 569/2900/2460 15/250/223
f 95/253/226 2896/2863/2432 94/2899/222
f 96/2901/227 2897/2861/2430 95/253/226
f 97/2902/217 2898/2864/2433 96/2901/227
f 2896/2863/2432 568/2903/2461 569/2900/2460
f 2900/2862/2431 567/2904/2462 568/2903/2461
f 2904/2868/2437 566/2905/2459 567/2904/2462
f 199/2906/2415 100/239/212 4/241/214
f 200/2907/2416 2908/2874/2443 199/2906/2415
f 201/2908/2417 2909/2872/2441 200/2907/2416
f 202/2909/2418 2910/2875/2444 201/2908/2417
f 2908/2874/2443 99/242/215 100/239/212
f 2912/2873/2442 98/243/216 99/242/215
f 98/243/216 2899/2866/2435 97/2902/217
f 2922/2910/2463 2925/2911/2464 2921/2912/2465
f 2923/2913/2466 2926/2914/2467 2922/2910/2463
f 2924/2915/2468 2927/2916/2469 2923/2913/2466
f 2926/2914/2467 2929/2917/2470 2925/2911/2464
f 2927/2916/2469 2930/2918/2471 2926/2914/2467
f 2928/2919/2472 2931/2920/2473 2927/2916/2469
f 2934/2921/2474 2937/2922/2475 2933/2923/2476
f 2935/2924/2477 2938/2925/2478 2934/2921/2474
f 2936/2926/2479 2939/2927/2480 2935/2924/2477
f 2937/2922/2475 2942/2928/2481 2941/2929/2482
f 2938/2925/2478 2943/2930/2483 2942/2928/2481
f 2939/2927/2480 2944/2931/2484 2943/2930/2483
f 2946/2932/2485 2949/2933/2486 2945/2934/2487
f 2947/2935/2488 2950/2936/2489 2946/2932/2485
f 2947/2935/2488 2952/2937/2490 2951/2938/2491
f 2950/2936/2489 2953/2939/2492 2949/2933/2486
f 2951/2938/2491 2954/2940/2493 2950/2936/2489
f 2951/2938/2491 2956/2941/2494 2955/2942/2495
f 2941/2929/2482 2928/2943/2472 2924/2944/2468
f 2942/2928/2481 2932/2945/2496 2928/2943/2472
f 2954/2940/2493 2936/2946/2479 2953/2939/2492
f 2954/2940/2493 2944/2931/2484 2940/2947/2497
f 2930/2918/2471 2948/2948/2498 2929/2917/2470
f 2931/2920/2473 2952/2949/2490 2930/2918/2471
f 2931/2920/2473 2920/2950/2499 2956/2941/2494
f 2943/2930/2483 2920/2950/2499 2932/2945/2496
f 2955/2942/2495 2920/2950/2499 2944/2931/2484
f 570/2951/108 563/2952/2456 14/126/107
f 571/2953/112 2921/2912/2465 570/2951/108
f 572/2954/113 2922/2910/2463 571/2953/112
f 573/134/106 2923/2913/2466 572/2954/113
f 2921/2912/2465 564/2955/2457 563/2952/2456
f 2925/2911/2464 565/2894/2458 564/2955/2457
f 2929/2917/2470 566/2905/2459 565/2894/2458
f 583/2956/2500 576/2957/103 12/119/56
f 582/2958/2501 2933/2923/2476 583/2956/2500
f 581/2959/2502 2934/2921/2474 582/2958/2501
f 580/2960/2503 2935/2924/2477 581/2959/2502
f 2933/2923/2476 575/2961/104 576/2957/103
f 575/2961/104 2941/2929/2482 574/2962/105
f 574/2962/105 2924/2944/2468 573/2963/106
f 569/2964/2460 577/2965/2504 15/250/223
f 568/2966/2461 2945/2934/2487 569/2964/2460
f 567/2967/2462 2946/2932/2485 568/2966/2461
f 567/2967/2462 2948/2968/2498 2947/2935/2488
f 2945/2934/2487 578/2969/2505 577/2965/2504
f 2949/2933/2486 579/2970/2506 578/2969/2505
f 2953/2939/2492 580/2960/2503 579/2970/2506
f 2959/2971/2507 2962/2972/2508 2958/2973/2509
f 2960/2974/2510 2963/2975/2511 2959/2971/2507
f 2961/2976/2512 2964/2977/2513 2960/2974/2510
f 2963/2975/2511 2966/2978/2514 2962/2972/2508
f 2964/2977/2513 2967/2979/2515 2963/2975/2511
f 2965/2980/2516 2968/2981/2517 2964/2977/2513
f 2971/2982/2518 2974/2983/2519 2970/2984/2520
f 2971/2982/2518 2976/2985/2521 2975/2986/2522
f 2972/2987/2523 2977/2988/2524 2976/2985/2521
f 2974/2983/2519 2979/2989/2525 2978/2990/2526
f 2975/2986/2522 2980/2991/2527 2979/2989/2525
f 2976/2985/2521 2981/2992/2528 2980/2991/2527
f 2983/2993/2529 2986/2994/2530 2982/2995/2531
f 2984/2996/2532 2987/2997/2533 2983/2993/2529
f 2985/2998/2534 2988/2999/2535 2984/2996/2532
f 2987/2997/2533 2990/3000/2536 2986/2994/2530
f 2988/2999/2535 2991/3001/2537 2987/2997/2533
f 2988/2999/2535 2993/3002/2538 2992/3003/2539
f 2978/2990/2526 2965/3004/2516 2961/3005/2512
f 2979/2989/2525 2969/3006/2540 2965/3004/2516
f 2991/3001/2537 2973/3007/2541 2990/3000/2536
f 2992/3003/2539 2977/3008/2524 2991/3001/2537
f 2967/2979/2515 2985/3009/2534 2966/2978/2514
f 2968/2981/2517 2989/3010/2542 2967/2979/2515
f 2968/2981/2517 2957/3011/2543 2993/3002/2538
f 2980/2991/2527 2957/3011/2543 2969/3006/2540
f 2992/3003/2539 2957/3011/2543 2981/2992/2528
f 191/3012/2544 583/2956/2500 12/119/56
f 190/3013/2545 2958/2973/2509 191/3012/2544
f 189/3014/2546 2959/2971/2507 190/3013/2545
f 188/3015/2547 2960/2974/2510 189/3014/2546
f 2958/2973/2509 582/2958/2501 583/2956/2500
f 2962/2972/2508 581/3016/2502 582/2958/2501
f 2966/2978/2514 580/3017/2503 581/3016/2502
f 206/3018/1696 185/3019/2548 3/178/153
f 207/2036/1697 2970/2984/2520 206/3018/1696
f 208/3020/1698 2971/2982/2518 207/2036/1697
f 209/3021/1695 2972/2987/2523 208/3020/1698
f 2970/2984/2520 186/3022/2549 185/3019/2548
f 2974/2983/2519 187/3023/2550 186/3022/2549
f 2978/2990/2526 188/3024/2547 187/3023/2550
f 577/2965/2504 212/3025/1692 15/250/223
f 578/3026/2505 2982/2995/2531 577/2965/2504
f 579/3027/2506 2983/2993/2529 578/3026/2505
f 579/3027/2506 2985/2998/2534 2984/2996/2532
f 2982/2995/2531 211/3028/1693 212/3025/1692
f 2986/2994/2530 210/3029/1694 211/3028/1693
f 2990/3000/2536 209/2029/1695 210/3029/1694
f 2996/3030/2551 2999/3031/2552 2995/3032/2553
f 2997/3033/2554 3000/3034/2555 2996/3030/2551
f 2998/3035/2556 3001/3036/2557 2997/3033/2554
f 3000/3034/2555 3003/3037/2558 2999/3031/2552
f 3001/3036/2557 3004/3038/2559 3000/3034/2555
f 3002/3039/2560 3005/3040/2561 3001/3036/2557
f 3008/3041/2562 3011/3042/2563 3007/3043/2564
f 3009/3044/2565 3012/3045/2566 3008/3041/2562
f 3010/3046/2567 3013/3047/2568 3009/3044/2565
f 3012/3045/2566 3015/3048/2569 3011/3042/2563
f 3013/3047/2568 3016/3049/2570 3012/3045/2566
f 3014/3050/2571 3017/3051/2572 3013/3047/2568
f 3020/3052/2573 3023/3053/2574 3019/3054/2575
f 3020/3052/2573 3025/3055/2576 3024/3056/2577
f 3021/3057/2578 3026/3058/2579 3025/3055/2576
f 3023/3053/2574 3028/3059/2580 3027/3060/2581
f 3024/3056/2577 3029/3061/2582 3028/3059/2580
f 3025/3055/2576 3030/3062/2583 3029/3061/2582
f 3016/3049/2570 2998/3063/2556 3015/3048/2569
f 3017/3051/2572 3002/3064/2560 3016/3049/2570
f 3027/3060/2581 3014/3065/2571 3010/3066/2567
f 3028/3059/2580 3018/3067/2584 3014/3065/2571
f 3004/3038/2559 3022/3068/2585 3003/3037/2558
f 3005/3040/2561 3026/3069/2579 3004/3038/2559
f 3005/3040/2561 2994/3070/2586 3030/3062/2583
f 3017/3051/2572 2994/3070/2586 3006/3071/2587
f 3029/3061/2582 2994/3070/2586 3018/3067/2584
f 584/3072/2588 191/3073/2544 12/61/56
f 585/3074/2589 2995/3032/2553 584/3072/2588
f 586/3075/2590 2996/3030/2551 585/3074/2589
f 586/3075/2590 2998/3035/2556 2997/3033/2554
f 2995/3032/2553 190/3076/2545 191/3073/2544
f 2999/3031/2552 189/3077/2546 190/3076/2545
f 3003/3037/2558 188/3078/2547 189/3077/2546
f 80/3079/161 590/3080/2591 13/187/162
f 81/3081/165 3007/3043/2564 80/3079/161
f 82/3082/166 3008/3041/2562 81/3081/165
f 83/3083/156 3009/3044/2565 82/3082/166
f 3007/3043/2564 589/3084/2592 590/3080/2591
f 3011/3042/2563 588/3085/2593 589/3084/2592
f 3015/3048/2569 587/3086/2594 588/3085/2593
f 185/3087/2548 86/3088/151 3/178/153
f 186/3089/2549 3019/3054/2575 185/3087/2548
f 186/3089/2549 3021/3057/2578 3020/3052/2573
f 187/3090/2550 3022/3091/2585 3021/3057/2578
f 3019/3054/2575 85/3092/154 86/3088/151
f 85/3092/154 3027/3060/2581 84/180/155
f 84/180/155 3010/3066/2567 83/3083/156
f 3033/3093/2595 3036/3094/2596 3032/3095/2597
f 3034/3096/2598 3037/3097/2599 3033/3093/2595
f 3034/3096/2598 3039/3098/2600 3038/3099/2601
f 3037/3097/2599 3040/3100/2602 3036/3094/2596
f 3038/3099/2601 3041/3101/2603 3037/3097/2599
f 3038/3099/2601 3043/3102/2604 3042/3103/2605
f 3045/3104/2606 3048/3105/2607 3044/3106/2608
f 3046/3107/2609 3049/3108/2610 3045/3104/2606
f 3047/3109/2611 3050/3110/2612 3046/3107/2609
f 3049/3108/2610 3052/3111/2613 3048/3105/2607
f 3050/3110/2612 3053/3112/2614 3049/3108/2610
f 3051/3113/2615 3054/3114/2616 3050/3110/2612
f 3057/3115/2617 3060/3116/2618 3056/3117/2619
f 3058/3118/2620 3061/3119/2621 3057/3115/2617
f 3059/3120/2622 3062/3121/2623 3058/3118/2620
f 3061/3119/2621 3064/3122/2624 3060/3116/2618
f 3062/3121/2623 3065/3123/2625 3061/3119/2621
f 3062/3121/2623 3067/3124/2626 3066/3125/2627
f 3053/3112/2614 3035/3126/2628 3052/3111/2613
f 3054/3114/2616 3039/3127/2600 3053/3112/2614
f 3064/3122/2624 3051/3113/2615 3047/3128/2611
f 3065/3123/2625 3055/3129/2629 3051/3113/2615
f 3041/3101/2603 3059/3130/2622 3040/3100/2602
f 3041/3101/2603 3067/3124/2626 3063/3131/2630
f 3042/3103/2605 3031/3132/2631 3067/3124/2626
f 3054/3114/2616 3031/3132/2631 3043/3102/2604
f 3066/3125/2627 3031/3132/2631 3055/3129/2629
f 591/60/55 584/3072/2588 12/61/56
f 592/3133/59 3032/3095/2597 591/60/55
f 592/3133/59 3034/3096/2598 3033/3093/2595
f 593/3134/60 3035/3135/2628 3034/3096/2598
f 3032/3095/2597 585/3136/2589 584/3072/2588
f 3036/3094/2596 586/3075/2590 585/3136/2589
f 3040/3100/2602 587/3137/2594 586/3075/2590
f 604/3138/2632 597/3139/49 10/50/47
f 603/3140/2633 3044/3106/2608 604/3138/2632
f 602/3141/2634 3045/3104/2606 603/3140/2633
f 601/3142/2635 3046/3107/2609 602/3141/2634
f 3044/3106/2608 596/3143/50 597/3139/49
f 3048/3105/2607 595/3144/51 596/3143/50
f 3052/3111/2613 594/3145/61 595/3144/51
f 590/3146/2591 598/3147/2636 13/187/162
f 589/3148/2592 3056/3117/2619 590/3146/2591
f 588/3149/2593 3057/3115/2617 589/3148/2592
f 587/3137/2594 3058/3118/2620 588/3149/2593
f 3056/3117/2619 599/3150/2637 598/3147/2636
f 3060/3116/2618 600/3151/2638 599/3150/2637
f 600/3151/2638 3047/3128/2611 601/3152/2635
f 3070/3153/2639 3073/3154/2640 3069/3155/2641
f 3071/3156/2642 3074/3157/2643 3070/3153/2639
f 3072/3158/2644 3075/3159/2645 3071/3156/2642
f 3074/3157/2643 3077/3160/2646 3073/3154/2640
f 3075/3159/2645 3078/3161/2647 3074/3157/2643
f 3076/3162/2648 3079/3163/2649 3075/3159/2645
f 3082/3164/2650 3085/3165/2651 3081/3166/2652
f 3083/3167/2653 3086/3168/2654 3082/3164/2650
f 3084/3169/2655 3087/3170/2656 3083/3167/2653
f 3086/3168/2654 3089/3171/2657 3085/3165/2651
f 3087/3170/2656 3090/3172/2658 3086/3168/2654
f 3088/3173/2659 3091/3174/2660 3087/3170/2656
f 3094/3175/2661 3097/3176/2662 3093/3177/2663
f 3095/3178/2664 3098/3179/2665 3094/3175/2661
f 3095/3178/2664 3100/3180/2666 3099/3181/2667
f 3098/3179/2665 3101/3182/2668 3097/3176/2662
f 3098/3179/2665 3103/3183/2669 3102/3184/2670
f 3099/3181/2667 3104/3185/2671 3103/3183/2669
f 3090/3172/2658 3072/3186/2644 3089/3171/2657
f 3091/3174/2660 3076/3187/2648 3090/3172/2658
f 3101/3182/2668 3088/3188/2659 3084/3189/2655
f 3102/3184/2670 3092/3190/2672 3088/3188/2659
f 3078/3161/2647 3096/3191/2673 3077/3160/2646
f 3079/3163/2649 3100/3180/2666 3078/3161/2647
f 3079/3163/2649 3068/3192/2674 3104/3185/2671
f 3091/3174/2660 3068/3192/2674 3080/3193/2675
f 3103/3183/2669 3068/3192/2674 3092/3190/2672
f 184/3194/2676 604/3138/2632 10/50/47
f 183/3195/2677 3069/3155/2641 184/3194/2676
f 182/3196/2678 3070/3153/2639 183/3195/2677
f 181/3197/2679 3071/3156/2642 182/3196/2678
f 3069/3155/2641 603/3140/2633 604/3138/2632
f 3073/3154/2640 602/3198/2634 603/3140/2633
f 602/3198/2634 3096/3191/2673 601/3199/2635
f 192/3200/1828 178/3201/2680 2/2212/273
f 193/3202/1829 3081/3166/2652 192/3200/1828
f 194/3203/1830 3082/3164/2650 193/3202/1829
f 195/3204/1827 3083/3167/2653 194/3203/1830
f 3081/3166/2652 179/3205/2681 178/3201/2680
f 3085/3165/2651 180/3206/2682 179/3205/2681
f 3089/3171/2657 181/3207/2679 180/3206/2682
f 598/3208/2636 198/3209/1824 13/187/162
f 599/3210/2637 3093/3177/2663 598/3208/2636
f 600/3211/2638 3094/3175/2661 599/3210/2637
f 601/3199/2635 3095/3178/2664 600/3211/2638
f 3093/3177/2663 197/2204/1825 198/3209/1824
f 197/2204/1825 3101/3182/2668 196/2205/1826
f 196/2205/1826 3084/3189/2655 195/3212/1827
f 3105/3213/2683 3113/3214/2684 3112/3215/2685
f 3106/3216/2686 3114/3217/2687 3113/3214/2684
f 3107/3218/2688 3115/3219/2689 3114/3217/2687
f 3108/3220/2690 3116/3221/2691 3115/3219/2689
f 3109/3222/2692 3117/3223/2693 3116/3221/2691
f 3110/3224/2694 3118/3225/2695 3117/3223/2693
f 3112/3215/2685 3120/3226/2696 3119/3227/2697
f 3113/3214/2684 3121/3228/2698 3120/3226/2696
f 3114/3217/2687 3122/3229/2699 3121/3228/2698
f 3115/3219/2689 3123/3230/2700 3122/3229/2699
f 3116/3221/2691 3124/3231/2701 3123/3230/2700
f 3117/3223/2693 3125/3232/2702 3124/3231/2701
f 3119/3227/2697 3127/3233/2703 3126/3234/2704
f 3120/3226/2696 3128/3235/2705 3127/3233/2703
f 3121/3228/2698 3129/3236/2706 3128/3235/2705
f 3122/3229/2699 3130/3237/2707 3129/3236/2706
f 3123/3230/2700 3131/3238/2708 3130/3237/2707
f 3124/3231/2701 3132/3239/2709 3131/3238/2708
f 3126/3234/2704 3134/3240/2710 3133/3241/2711
f 3127/3233/2703 3135/3242/2712 3134/3240/2710
f 3128/3235/2705 3136/3243/2713 3135/3242/2712
f 3129/3236/2706 3137/3244/2714 3136/3243/2713
f 3130/3237/2707 3138/3245/2715 3137/3244/2714
f 3131/3238/2708 3139/3246/2716 3138/3245/2715
f 3133/3241/2711 3141/3247/2717 3140/3248/2718
f 3134/3240/2710 3142/3249/2719 3141/3247/2717
f 3135/3242/2712 3143/3250/2720 3142/3249/2719
f 3136/3243/2713 3144/3251/2721 3143/3250/2720
f 3137/3244/2714 3145/3252/2722 3144/3251/2721
f 3138/3245/2715 3146/3253/2723 3145/3252/2722
f 3140/3248/2718 3148/3254/2724 3147/3255/2725
f 3141/3247/2717 3149/3256/2726 3148/3254/2724
f 3142/3249/2719 3150/3257/2727 3149/3256/2726
f 3143/3250/2720 3151/3258/2728 3150/3257/2727
f 3144/3251/2721 3152/3259/2729 3151/3258/2728
f 3145/3252/2722 3153/3260/2730 3152/3259/2729
f 5/1632/1337 3105/3213/2683 534/2702/2289
f 220/1631/1336 3106/3216/2686 3105/3213/2683
f 221/3261/1341 3107/3218/2688 3106/3216/2686
f 222/3262/1342 3108/3220/2690 3107/3218/2688
f 223/1638/1343 3109/3222/2692 3108/3220/2690
f 224/1626/1334 3110/3224/2694 3109/3222/2692
f 225/3263/1333 3111/3264/2731 3110/3224/2694
f 226/3265/1332 618/3266/2732 3111/3264/2731
f 3111/3264/2731 617/3267/2733 3118/3225/2695
f 3118/3225/2695 616/3268/2734 3125/3232/2702
f 3125/3232/2702 615/3269/2735 3132/3239/2709
f 3132/3239/2709 614/3270/2736 3139/3246/2716
f 3139/3246/2716 613/3271/2737 3146/3253/2723
f 3146/3253/2723 612/3272/2738 3153/3260/2730
f 612/3272/2738 835/3273/2739 3153/3260/2730
f 3152/3259/2729 835/3273/2739 834/3274/2740
f 3151/3258/2728 834/3274/2740 833/3275/2741
f 3150/3257/2727 833/3275/2741 832/3276/2742
f 3149/3256/2726 832/3276/2742 831/3277/2743
f 3148/3254/2724 831/3277/2743 830/3278/2744
f 3147/3255/2725 830/3278/2744 829/3279/2745
f 528/2709/2296 829/3279/2745 46/3280/2746
f 529/2707/2294 3147/3255/2725 528/2709/2296
f 3133/3241/2711 529/2707/2294 530/2706/2293
f 3126/3234/2704 530/2706/2293 531/2705/2292
f 3119/3227/2697 531/2705/2292 532/2704/2291
f 533/2703/2290 3119/3227/2697 532/2704/2291
f 534/2702/2289 3112/3215/2685 533/2703/2290
f 3155/3281/2747 3161/3282/2748 3154/3283/2749
f 3156/3284/2750 3162/3285/2751 3155/3281/2747
f 3157/3286/2752 3163/3287/2753 3156/3284/2750
f 3158/3288/2754 3164/3289/2755 3157/3286/2752
f 3159/3290/2756 3165/3291/2757 3158/3288/2754
f 3160/3292/2758 3166/3293/2759 3159/3290/2756
f 3162/3285/2751 3168/3294/2760 3161/3282/2748
f 3163/3287/2753 3169/3295/2761 3162/3285/2751
f 3164/3289/2755 3170/3296/2762 3163/3287/2753
f 3165/3291/2757 3171/3297/2763 3164/3289/2755
f 3166/3293/2759 3172/3298/2764 3165/3291/2757
f 3167/3299/2765 3173/3300/2766 3166/3293/2759
f 3169/3295/2761 3175/3301/2767 3168/3294/2760
f 3170/3296/2762 3176/3302/2768 3169/3295/2761
f 3171/3297/2763 3177/3303/2769 3170/3296/2762
f 3172/3298/2764 3178/3304/2770 3171/3297/2763
f 3173/3300/2766 3179/3305/2771 3172/3298/2764
f 3174/3306/2772 3180/3307/2773 3173/3300/2766
f 3176/3302/2768 3182/3308/2774 3175/3301/2767
f 3177/3303/2769 3183/3309/2775 3176/3302/2768
f 3178/3304/2770 3184/3310/2776 3177/3303/2769
f 3179/3305/2771 3185/3311/2777 3178/3304/2770
f 3180/3307/2773 3186/3312/2778 3179/3305/2771
f 3181/3313/2779 3187/3314/2780 3180/3307/2773
f 3183/3309/2775 3189/3315/2781 3182/3308/2774
f 3184/3310/2776 3190/3316/2782 3183/3309/2775
f 3185/3311/2777 3191/3317/2783 3184/3310/2776
f 3186/3312/2778 3192/3318/2784 3185/3311/2777
f 3187/3314/2780 3193/3319/2785 3186/3312/2778
f 3188/3320/2786 3194/3321/2787 3187/3314/2780
f 3190/3316/2782 3196/3322/2788 3189/3315/2781
f 3191/3317/2783 3197/3323/2789 3190/3316/2782
f 3192/3318/2784 3198/3324/2790 3191/3317/2783
f 3193/3319/2785 3199/3325/2791 3192/3318/2784
f 3194/3321/2787 3200/3326/2792 3193/3319/2785
f 3195/3327/2793 3201/3328/2794 3194/3321/2787
f 324/3329/625 541/2428/2031 25/706/624
f 323/3330/629 3154/3283/2749 324/3329/625
f 322/3331/630 3155/3281/2747 323/3330/629
f 321/714/623 3156/3284/2750 322/3331/630
f 320/3332/622 3157/3286/2752 321/714/623
f 319/3333/621 3158/3288/2754 320/3332/622
f 318/3334/620 3159/3290/2756 319/3333/621
f 29/699/560 3160/3292/2758 318/3334/620
f 542/2558/2167 3167/3299/2765 3160/3292/2758
f 543/2582/2182 3174/3306/2772 3167/3299/2765
f 544/2581/2181 3181/3313/2779 3174/3306/2772
f 545/2580/2180 3188/3320/2786 3181/3313/2779
f 546/2579/2179 3195/3327/2793 3188/3320/2786
f 547/2578/2178 3202/3335/2795 3195/3327/2793
f 548/2576/2176 920/3336/2796 3202/3335/2795
f 3202/3335/2795 921/3337/2797 3201/3328/2794
f 3201/3328/2794 922/3338/2798 3200/3326/2792
f 3200/3326/2792 923/3339/2799 3199/3325/2791
f 3199/3325/2791 924/3340/2800 3198/3324/2790
f 3198/3324/2790 925/3341/2801 3197/3323/2789
f 3197/3323/2789 926/3342/2802 3196/3322/2788
f 3196/3322/2788 51/2435/2038 535/2434/2037
f 3189/3315/2781 535/2434/2037 536/2433/2036
f 3182/3308/2774 536/2433/2036 537/2432/2035
f 3175/3301/2767 537/2432/2035 538/2431/2034
f 3168/3294/2760 538/2431/2034 539/2430/2033
f 3161/3282/2748 539/2430/2033 540/2429/2032
f 3154/3283/2749 540/2429/2032 541/2428/2031
f 3204/3343/2803 3210/3344/2804 3203/3345/2805
f 3205/3346/2806 3211/3347/2807 3204/3343/2803
f 3206/3348/2808 3212/3349/2809 3205/3346/2806
f 3207/3350/2810 3213/3351/2811 3206/3348/2808
f 3208/3352/2812 3214/3353/2813 3207/3350/2810
f 3209/3354/2814 3215/3355/2815 3208/3352/2812
f 3211/3347/2807 3217/3356/2816 3210/3344/2804
f 3212/3349/2809 3218/3357/2817 3211/3347/2807
f 3213/3351/2811 3219/3358/2818 3212/3349/2809
f 3214/3353/2813 3220/3359/2819 3213/3351/2811
f 3215/3355/2815 3221/3360/2820 3214/3353/2813
f 3216/3361/2821 3222/3362/2822 3215/3355/2815
f 3218/3357/2817 3224/3363/2823 3217/3356/2816
f 3219/3358/2818 3225/3364/2824 3218/3357/2817
f 3220/3359/2819 3226/3365/2825 3219/3358/2818
f 3221/3360/2820 3227/3366/2826 3220/3359/2819
f 3222/3362/2822 3228/3367/2827 3221/3360/2820
f 3223/3368/2828 3229/3369/2829 3222/3362/2822
f 3225/3364/2824 3231/3370/2830 3224/3363/2823
f 3226/3365/2825 3232/3371/2831 3225/3364/2824
f 3227/3366/2826 3233/3372/2832 3226/3365/2825
f 3228/3367/2827 3234/3373/2833 3227/3366/2826
f 3229/3369/2829 3235/3374/2834 3228/3367/2827
f 3230/3375/2835 3236/3376/2836 3229/3369/2829
f 3232/3371/2831 3238/3377/2837 3231/3370/2830
f 3233/3372/2832 3239/3378/2838 3232/3371/2831
f 3234/3373/2833 3240/3379/2839 3233/3372/2832
f 3235/3374/2834 3241/3380/2840 3234/3373/2833
f 3236/3376/2836 3242/3381/2841 3235/3374/2834
f 3237/3382/2842 3243/3383/2843 3236/3376/2836
f 3239/3378/2838 3245/3384/2844 3238/3377/2837
f 3240/3379/2839 3246/3385/2845 3239/3378/2838
f 3241/3380/2840 3247/3386/2846 3240/3379/2839
f 3242/3381/2841 3248/3387/2847 3241/3380/2840
f 3243/3383/2843 3249/3388/2848 3242/3381/2841
f 3244/3389/2849 3250/3390/2850 3243/3383/2843
f 255/3391/386 555/2359/1966 4/241/214
f 256/3392/387 3203/3345/2805 255/3391/386
f 257/3393/388 3204/3343/2803 256/3392/387
f 258/3394/389 3205/3346/2806 257/3393/388
f 259/3395/397 3206/3348/2808 258/3394/389
f 260/3396/398 3207/3350/2810 259/3395/397
f 261/3397/396 3208/3352/2812 260/3396/398
f 22/448/394 3209/3354/2814 261/3397/396
f 605/1696/1395 3216/3361/2821 3209/3354/2814
f 606/1722/1416 3223/3368/2828 3216/3361/2821
f 607/1721/1415 3230/3375/2835 3223/3368/2828
f 608/1720/1414 3237/3382/2842 3230/3375/2835
f 609/1719/1413 3244/3389/2849 3237/3382/2842
f 610/1718/1412 3251/3398/2851 3244/3389/2849
f 611/1716/1410 856/3399/2852 3251/3398/2851
f 3251/3398/2851 855/3400/2853 3250/3390/2850
f 3250/3390/2850 854/3401/2854 3249/3388/2848
f 3249/3388/2848 853/3402/2855 3248/3387/2847
f 3248/3387/2847 852/3403/2856 3247/3386/2846
f 3247/3386/2846 851/3404/2857 3246/3385/2845
f 3246/3385/2845 850/3405/2858 3245/3384/2844
f 3245/3384/2844 57/2366/1973 549/2365/1972
f 3238/3377/2837 549/2365/1972 550/2364/1971
f 551/2363/1970 3238/3377/2837 550/2364/1971
f 552/2362/1969 3231/3370/2830 551/2363/1970
f 553/2361/1968 3224/3363/2823 552/2362/1969
f 554/2360/1967 3217/3356/2816 553/2361/1968
f 3203/3345/2805 554/2360/1967 555/2359/1966
f 3253/3406/2859 3258/3407/2860 3257/3408/2861
f 3254/3409/2862 3259/3410/2863 3258/3407/2860
f 3255/3411/2864 3260/3412/2865 3259/3410/2863
f 3257/3408/2861 3262/3413/2866 3261/3414/2867
f 3258/3407/2860 3263/3415/2868 3262/3413/2866
f 3259/3410/2863 3264/3416/2869 3263/3415/2868
f 3266/3417/2870 3269/3418/2871 3265/3419/2872
f 3267/3420/2873 3270/3421/2874 3266/3417/2870
f 3268/3422/2875 3271/3423/2876 3267/3420/2873
f 3270/3421/2874 3273/3424/2877 3269/3418/2871
f 3271/3423/2876 3274/3425/2878 3270/3421/2874
f 3272/3426/2879 3275/3427/2880 3271/3423/2876
f 3277/3428/2881 3282/3429/2882 3281/3430/2883
f 3278/3431/2884 3283/3432/2885 3282/3429/2882
f 3279/3433/2886 3284/3434/2887 3283/3432/2885
f 3281/3430/2883 3286/3435/2888 3285/3436/2889
f 3282/3429/2882 3287/3437/2890 3286/3435/2888
f 3283/3432/2885 3288/3438/2891 3287/3437/2890
f 3274/3425/2878 3256/3439/2892 3273/3424/2877
f 3275/3427/2880 3260/3440/2865 3274/3425/2878
f 3285/3436/2889 3272/3441/2879 3268/3442/2875
f 3286/3435/2888 3276/3443/2893 3272/3441/2879
f 3261/3414/2867 3284/3434/2887 3280/3444/2894
f 3262/3413/2866 3288/3438/2891 3284/3434/2887
f 3263/3415/2868 3252/3445/2895 3288/3438/2891
f 3276/3443/2893 3264/3416/2869 3275/3427/2880
f 3287/3437/2890 3252/3445/2895 3276/3443/2893
f 10/2782/47 3253/3406/2859 184/3446/2676
f 626/3447/2366 3254/3409/2862 3253/3406/2859
f 627/3448/2364 3255/3411/2864 3254/3409/2862
f 628/2776/2363 3256/3449/2892 3255/3411/2864
f 184/3446/2676 3257/3408/2861 183/3450/2677
f 183/3450/2677 3261/3414/2867 182/3451/2678
f 182/3451/2678 3280/3444/2894 181/3452/2679
f 66/3453/1886 632/3454/2359 11/2280/1887
f 67/3455/1885 3265/3419/2872 66/3453/1886
f 68/3456/1884 3266/3417/2870 67/3455/1885
f 69/2276/1883 3267/3420/2873 68/3456/1884
f 3265/3419/2872 631/3457/2360 632/3454/2359
f 3269/3418/2871 630/2774/2361 631/3457/2360
f 3273/3424/2877 629/3458/2362 630/2774/2361
f 2/304/273 3277/3428/2881 72/3459/1879
f 178/3460/2680 3278/3431/2884 3277/3428/2881
f 179/3461/2681 3279/3433/2886 3278/3431/2884
f 180/3462/2682 3280/3463/2894 3279/3433/2886
f 72/3459/1879 3281/3430/2883 71/3464/1881
f 71/3464/1881 3285/3436/2889 70/3465/1882
f 70/3465/1882 3268/3442/2875 69/3466/1883
f 3289/3467/2896 3297/3468/2897 3296/3469/2898
f 3290/3470/2899 3298/3471/2900 3297/3468/2897
f 3291/3472/2901 3299/3473/2902 3298/3471/2900
f 3292/3474/2903 3300/3475/2904 3299/3473/2902
f 3293/3476/2905 3301/3477/2906 3300/3475/2904
f 3294/3478/2907 3302/3479/2908 3301/3477/2906
f 3296/3469/2898 3304/3480/2909 3303/3481/2910
f 3297/3468/2897 3305/3482/2911 3304/3480/2909
f 3298/3471/2900 3306/3483/2912 3305/3482/2911
f 3299/3473/2902 3307/3484/2913 3306/3483/2912
f 3300/3475/2904 3308/3485/2914 3307/3484/2913
f 3301/3477/2906 3309/3486/2915 3308/3485/2914
f 3303/3481/2910 3311/3487/2916 3310/3488/2917
f 3304/3480/2909 3312/3489/2918 3311/3487/2916
f 3305/3482/2911 3313/3490/2919 3312/3489/2918
f 3306/3483/2912 3314/3491/2920 3313/3490/2919
f 3307/3484/2913 3315/3492/2921 3314/3491/2920
f 3308/3485/2914 3316/3493/2922 3315/3492/2921
f 3310/3488/2917 3318/3494/2923 3317/3495/2924
f 3311/3487/2916 3319/3496/2925 3318/3494/2923
f 3312/3489/2918 3320/3497/2926 3319/3496/2925
f 3313/3490/2919 3321/3498/2927 3320/3497/2926
f 3314/3491/2920 3322/3499/2928 3321/3498/2927
f 3315/3492/2921 3323/3500/2929 3322/3499/2928
f 3317/3495/2924 3325/3501/2930 3324/3502/2931
f 3318/3494/2923 3326/3503/2932 3325/3501/2930
f 3319/3496/2925 3327/3504/2933 3326/3503/2932
f 3320/3497/2926 3328/3505/2934 3327/3504/2933
f 3321/3498/2927 3329/3506/2935 3328/3505/2934
f 3322/3499/2928 3330/3507/2936 3329/3506/2935
f 3324/3502/2931 3332/3508/2937 3331/3509/2938
f 3325/3501/2930 3333/3510/2939 3332/3508/2937
f 3326/3503/2932 3334/3511/2940 3333/3510/2939
f 3327/3504/2933 3335/3512/2941 3334/3511/2940
f 3328/3505/2934 3336/3513/2942 3335/3512/2941
f 3329/3506/2935 3337/3514/2943 3336/3513/2942
f 101/3515/282 618/3266/2732 17/313/281
f 101/3515/282 3290/3470/2899 3289/3467/2896
f 102/3516/286 3291/3472/2901 3290/3470/2899
f 103/3517/287 3292/3474/2903 3291/3472/2901
f 104/3518/288 3293/3476/2905 3292/3474/2903
f 105/308/277 3294/3478/2907 3293/3476/2905
f 106/3519/276 3295/3520/2944 3294/3478/2907
f 107/3521/275 619/2273/1880 3295/3520/2944
f 3295/3520/2944 620/2302/1909 3302/3479/2908
f 620/2302/1909 3309/3486/2915 3302/3479/2908
f 621/2301/1908 3316/3493/2922 3309/3486/2915
f 622/2300/1907 3323/3500/2929 3316/3493/2922
f 623/2299/1906 3330/3507/2936 3323/3500/2929
f 3330/3507/2936 625/2297/1904 3337/3514/2943
f 3337/3514/2943 35/2296/1903 716/3522/2945
f 3336/3513/2942 716/3522/2945 715/3523/2946
f 3335/3512/2941 715/3523/2946 714/3524/2947
f 3334/3511/2940 714/3524/2947 713/3525/2948
f 3333/3510/2939 713/3525/2948 712/3526/2949
f 3332/3508/2937 712/3526/2949 711/3527/2950
f 3331/3509/2938 711/3527/2950 710/3528/2951
f 612/3272/2738 710/3528/2951 44/3529/2952
f 613/3271/2737 3331/3509/2938 612/3272/2738
f 614/3270/2736 3324/3502/2931 613/3271/2737
f 615/3269/2735 3317/3495/2924 614/3270/2736
f 616/3268/2734 3310/3488/2917 615/3269/2735
f 617/3267/2733 3303/3481/2910 616/3268/2734
f 618/3266/2732 3296/3469/2898 617/3267/2733
f 3338/3530/2953 3346/3531/2954 3345/3532/2955
f 3339/3533/2956 3347/3534/2957 3346/3531/2954
f 3340/3535/2958 3348/3536/2959 3347/3534/2957
f 3341/3537/2960 3349/3538/2961 3348/3536/2959
f 3342/3539/2962 3350/3540/2963 3349/3538/2961
f 3343/3541/2964 3351/3542/2965 3350/3540/2963
f 3345/3532/2955 3353/3543/2966 3352/3544/2967
f 3346/3531/2954 3354/3545/2968 3353/3543/2966
f 3347/3534/2957 3355/3546/2969 3354/3545/2968
f 3348/3536/2959 3356/3547/2970 3355/3546/2969
f 3349/3538/2961 3357/3548/2971 3356/3547/2970
f 3350/3540/2963 3358/3549/2972 3357/3548/2971
f 3352/3544/2967 3360/3550/2973 3359/3551/2974
f 3353/3543/2966 3361/3552/2975 3360/3550/2973
f 3354/3545/2968 3362/3553/2976 3361/3552/2975
f 3355/3546/2969 3363/3554/2977 3362/3553/2976
f 3356/3547/2970 3364/3555/2978 3363/3554/2977
f 3357/3548/2971 3365/3556/2979 3364/3555/2978
f 3359/3551/2974 3367/3557/2980 3366/3558/2981
f 3360/3550/2973 3368/3559/2982 3367/3557/2980
f 3361/3552/2975 3369/3560/2983 3368/3559/2982
f 3362/3553/2976 3370/3561/2984 3369/3560/2983
f 3363/3554/2977 3371/3562/2985 3370/3561/2984
f 3364/3555/2978 3372/3563/2986 3371/3562/2985
f 3366/3558/2981 3374/3564/2987 3373/3565/2988
f 3367/3557/2980 3375/3566/2989 3374/3564/2987
f 3368/3559/2982 3376/3567/2990 3375/3566/2989
f 3369/3560/2983 3377/3568/2991 3376/3567/2990
f 3370/3561/2984 3378/3569/2992 3377/3568/2991
f 3371/3562/2985 3379/3570/2993 3378/3569/2992
f 3373/3565/2988 3381/3571/2994 3380/3572/2995
f 3374/3564/2987 3382/3573/2996 3381/3571/2994
f 3375/3566/2989 3383/3574/2997 3382/3573/2996
f 3376/3567/2990 3384/3575/2998 3383/3574/2997
f 3377/3568/2991 3385/3576/2999 3384/3575/2998
f 3378/3569/2992 3386/3577/3000 3385/3576/2999
f 26/3578/859 3338/3530/2953 639/1848/1545
f 367/3579/910 3339/3533/2956 3338/3530/2953
f 368/3580/911 3340/3535/2958 3339/3533/2956
f 369/3581/912 3341/3537/2960 3340/3535/2958
f 370/1100/913 3342/3539/2962 3341/3537/2960
f 371/3582/909 3343/3541/2964 3342/3539/2962
f 372/3583/908 3344/3584/3001 3343/3541/2964
f 373/3585/907 640/2696/2288 3344/3584/3001
f 3344/3584/3001 641/2723/2310 3351/3542/2965
f 3351/3542/2965 642/2722/2309 3358/3549/2972
f 3358/3549/2972 643/2721/2308 3365/3556/2979
f 3365/3556/2979 644/2720/2307 3372/3563/2986
f 3372/3563/2986 645/2719/2306 3379/3570/2993
f 3379/3570/2993 646/2718/2305 3386/3577/3000
f 3386/3577/3000 58/2717/2304 933/3586/3002
f 3385/3576/2999 933/3586/3002 932/3587/3003
f 3384/3575/2998 932/3587/3003 931/3588/3004
f 3383/3574/2997 931/3588/3004 930/3589/3005
f 3382/3573/2996 930/3589/3005 929/3590/3006
f 3381/3571/2994 929/3590/3006 928/3591/3007
f 3380/3572/2995 928/3591/3007 927/3592/3008
f 633/1855/1552 927/3592/3008 53/3593/3009
f 634/1853/1550 3380/3572/2995 633/1855/1552
f 635/1852/1549 3373/3565/2988 634/1853/1550
f 636/1851/1548 3366/3558/2981 635/1852/1549
f 637/1850/1547 3359/3551/2974 636/1851/1548
f 638/1849/1546 3352/3544/2967 637/1850/1547
f 639/1848/1545 3345/3532/2955 638/1849/1546
f 3388/3594/3010 3393/3595/3011 3392/3596/3012
f 3389/3597/3013 3394/3598/3014 3393/3595/3011
f 3390/3599/3015 3395/3600/3016 3394/3598/3014
f 3392/3596/3012 3397/3601/3017 3396/3602/3018
f 3393/3595/3011 3398/3603/3019 3397/3601/3017
f 3394/3598/3014 3399/3604/3020 3398/3603/3019
f 3401/3605/3021 3404/3606/3022 3400/3607/3023
f 3402/3608/3024 3405/3609/3025 3401/3605/3021
f 3403/3610/3026 3406/3611/3027 3402/3608/3024
f 3405/3609/3025 3408/3612/3028 3404/3606/3022
f 3406/3611/3027 3409/3613/3029 3405/3609/3025
f 3407/3614/3030 3410/3615/3031 3406/3611/3027
f 3412/3616/3032 3417/3617/3033 3416/3618/3034
f 3414/3619/3035 3417/3617/3033 3413/3620/3036
f 3415/3621/3037 3418/3622/3038 3414/3619/3035
f 3416/3618/3034 3421/3623/3039 3420/3624/3040
f 3417/3617/3033 3422/3625/3041 3421/3623/3039
f 3419/3626/3042 3422/3625/3041 3418/3622/3038
f 3409/3613/3029 3391/3627/3043 3408/3612/3028
f 3410/3615/3031 3395/3600/3016 3409/3613/3029
f 3420/3624/3040 3407/3628/3030 3403/3610/3026
f 3421/3623/3039 3411/3629/3044 3407/3628/3030
f 3396/3602/3018 3419/3626/3042 3415/3630/3037
f 3397/3601/3017 3423/3631/3045 3419/3626/3042
f 3398/3603/3019 3387/3632/3046 3423/3631/3045
f 3411/3629/3044 3399/3604/3020 3410/3615/3031
f 3422/3625/3041 3387/3632/3046 3411/3629/3044
f 31/3633/2239 3388/3594/3010 653/3634/2105
f 780/3635/3047 3389/3597/3013 3388/3594/3010
f 781/3636/3048 3390/3599/3015 3389/3597/3013
f 782/3637/3049 3391/3638/3043 3390/3599/3015
f 653/3634/2105 3392/3596/3012 652/3639/2106
f 652/3639/2106 3396/3602/3018 651/3640/2107
f 651/3640/2107 3415/3630/3037 650/3641/2108
f 1115/3642/3050 786/3643/3051 32/3644/3052
f 1114/3645/3053 3400/3607/3023 1115/3642/3050
f 1113/3646/3054 3401/3605/3021 1114/3645/3053
f 1112/3647/3055 3402/3608/3024 1113/3646/3054
f 3400/3607/3023 785/3648/3056 786/3643/3051
f 3404/3606/3022 784/3649/3057 785/3648/3056
f 3408/3612/3028 783/3650/3058 784/3649/3057
f 30/2782/2113 3412/3616/3032 1109/3651/3059
f 647/3652/2111 3413/3620/3036 3412/3616/3032
f 649/3653/2109 3413/3620/3036 648/3654/2110
f 650/3641/2108 3414/3619/3035 649/3653/2109
f 1109/3651/3059 3416/3618/3034 1110/3655/3060
f 1110/3655/3060 3420/3624/3040 1111/3656/3061
f 1111/3656/3061 3403/3610/3026 1112/3657/3055
f 3426/3658/3062 3429/3659/3063 3425/3660/3064
f 3426/3658/3062 3431/3661/3065 3430/3662/3066
f 3427/3663/3067 3432/3664/3068 3431/3661/3065
f 3429/3659/3063 3434/3665/3069 3433/3666/3070
f 3430/3662/3066 3435/3667/3071 3434/3665/3069
f 3431/3661/3065 3436/3668/3072 3435/3667/3071
f 3438/3669/3073 3441/3670/3074 3437/3671/3075
f 3439/3672/3076 3442/3673/3077 3438/3669/3073
f 3440/3674/3078 3443/3675/3079 3439/3672/3076
f 3442/3673/3077 3445/3676/3080 3441/3670/3074
f 3443/3675/3079 3446/3677/3081 3442/3673/3077
f 3444/3678/3082 3447/3679/3083 3443/3675/3079
f 3450/3680/3084 3453/3681/3085 3449/3682/3086
f 3451/3683/3087 3454/3684/3088 3450/3680/3084
f 3452/3685/3089 3455/3686/3090 3451/3683/3087
f 3454/3684/3088 3457/3687/3091 3453/3681/3085
f 3455/3686/3090 3458/3688/3092 3454/3684/3088
f 3456/3689/3093 3459/3690/3094 3455/3686/3090
f 3446/3677/3081 3428/3691/3095 3445/3676/3080
f 3447/3679/3083 3432/3692/3068 3446/3677/3081
f 3457/3687/3091 3444/3678/3082 3440/3693/3078
f 3458/3688/3092 3448/3694/3096 3444/3678/3082
f 3433/3666/3070 3456/3695/3093 3452/3696/3089
f 3434/3665/3069 3460/3697/3097 3456/3695/3093
f 3435/3667/3071 3424/3698/3098 3460/3697/3097
f 3447/3679/3083 3424/3698/3098 3436/3668/3072
f 3459/3690/3094 3424/3698/3098 3448/3694/3096
f 660/3699/3099 674/3700/3100 33/3701/3101
f 659/3702/3102 3425/3660/3064 660/3699/3099
f 659/3702/3102 3427/3663/3067 3426/3658/3062
f 658/3703/3103 3428/3704/3095 3427/3663/3067
f 3425/3660/3064 673/3705/3104 674/3700/3100
f 673/3705/3104 3433/3666/3070 672/3706/3105
f 672/3706/3105 3452/3696/3089 671/3707/3106
f 1094/3708/3107 654/3709/3108 32/3710/3052
f 1093/3711/3109 3437/3671/3075 1094/3708/3107
f 1092/3712/3110 3438/3669/3073 1093/3711/3109
f 1091/3713/3111 3439/3672/3076 1092/3712/3110
f 3437/3671/3075 655/3714/3112 654/3709/3108
f 3441/3670/3074 656/3715/3113 655/3714/3112
f 3445/3676/3080 657/3716/3114 656/3715/3113
f 668/3717/3115 1088/3718/3116 36/3719/3117
f 669/3720/3118 3449/3682/3086 668/3717/3115
f 670/3721/3119 3450/3680/3084 669/3720/3118
f 671/3707/3106 3451/3683/3087 670/3721/3119
f 3449/3682/3086 1089/3722/3120 1088/3718/3116
f 1089/3722/3120 3457/3687/3091 1090/3723/3121
f 1090/3723/3121 3440/3693/3078 1091/3724/3111
f 3462/3725/3122 3467/3726/3123 3466/3727/3124
f 3463/3728/3125 3468/3729/3126 3467/3726/3123
f 3464/3730/3127 3469/3731/3128 3468/3729/3126
f 3466/3727/3124 3471/3732/3129 3470/3733/3130
f 3467/3726/3123 3472/3734/3131 3471/3732/3129
f 3468/3729/3126 3473/3735/3132 3472/3734/3131
f 3474/3736/3133 3479/3737/3134 3478/3738/3135
f 3475/3739/3136 3480/3740/3137 3479/3737/3134
f 3476/3741/3138 3481/3742/3139 3480/3740/3137
f 3479/3737/3134 3482/3743/3140 3478/3738/3135
f 3479/3737/3134 3484/3744/3141 3483/3745/3142
f 3480/3740/3137 3485/3746/3143 3484/3744/3141
f 3487/3747/3144 3490/3748/3145 3486/3749/3146
f 3488/3750/3147 3491/3751/3148 3487/3747/3144
f 3489/3752/3149 3492/3753/3150 3488/3750/3147
f 3491/3751/3148 3494/3754/3151 3490/3748/3145
f 3492/3753/3150 3495/3755/3152 3491/3751/3148
f 3493/3756/3153 3496/3757/3154 3492/3753/3150
f 3483/3745/3142 3465/3758/3155 3482/3743/3140
f 3484/3744/3141 3469/3759/3128 3483/3745/3142
f 3495/3755/3152 3477/3760/3156 3494/3754/3151
f 3496/3757/3154 3481/3761/3139 3495/3755/3152
f 3470/3733/3130 3493/3762/3153 3489/3763/3149
f 3471/3732/3129 3497/3764/3157 3493/3762/3153
f 3472/3734/3131 3461/3765/3158 3497/3764/3157
f 3484/3744/3141 3461/3765/3158 3473/3735/3132
f 3497/3764/3157 3485/3746/3143 3496/3757/3154
f 31/3766/2239 3462/3725/3122 801/3767/3159
f 688/3768/2238 3463/3728/3125 3462/3725/3122
f 687/3769/2237 3464/3730/3127 3463/3728/3125
f 686/3770/2236 3465/3771/3155 3464/3730/3127
f 801/3767/3159 3466/3727/3124 802/3772/3160
f 802/3772/3160 3470/3733/3130 803/3773/3161
f 803/3773/3161 3489/3763/3149 804/3774/3162
f 39/1773/1489 3474/3736/3133 682/3775/2232
f 1073/3776/3163 3475/3739/3136 3474/3736/3133
f 1072/3777/3164 3476/3741/3138 3475/3739/3136
f 1071/3778/3165 3477/3760/3156 3476/3741/3138
f 682/3775/2232 3478/3738/3135 683/3779/2233
f 3478/3738/3135 684/3780/2234 683/3779/2233
f 3482/3743/3140 685/3781/2235 684/3780/2234
f 807/3782/3166 1067/3783/3167 37/3784/3168
f 806/3785/3169 3486/3749/3146 807/3782/3166
f 805/3786/3170 3487/3747/3144 806/3785/3169
f 804/3774/3162 3488/3750/3147 805/3786/3170
f 3486/3749/3146 1068/3787/3171 1067/3783/3167
f 3490/3748/3145 1069/3788/3172 1068/3787/3171
f 3494/3754/3151 1070/3789/3173 1069/3788/3172
f 3500/3790/3174 3503/3791/3175 3499/3792/3176
f 3500/3790/3174 3505/3793/3177 3504/3794/3178
f 3501/3795/3179 3506/3796/3180 3505/3793/3177
f 3503/3791/3175 3508/3797/3181 3507/3798/3182
f 3504/3794/3178 3509/3799/3183 3508/3797/3181
f 3505/3793/3177 3510/3800/3184 3509/3799/3183
f 3512/3801/3185 3515/3802/3186 3511/3803/3187
f 3513/3804/3188 3516/3805/3189 3512/3801/3185
f 3513/3804/3188 3518/3806/3190 3517/3807/3191
f 3516/3805/3189 3519/3808/3192 3515/3802/3186
f 3517/3807/3191 3520/3809/3193 3516/3805/3189
f 3517/3807/3191 3522/3810/3194 3521/3811/3195
f 3524/3812/3196 3527/3813/3197 3523/3814/3198
f 3525/3815/3199 3528/3816/3200 3524/3812/3196
f 3526/3817/3201 3529/3818/3202 3525/3815/3199
f 3528/3816/3200 3531/3819/3203 3527/3813/3197
f 3529/3818/3202 3532/3820/3204 3528/3816/3200
f 3530/3821/3205 3533/3822/3206 3529/3818/3202
f 3520/3809/3193 3502/3823/3207 3519/3808/3192
f 3521/3811/3195 3506/3824/3180 3520/3809/3193
f 3532/3820/3204 3514/3825/3208 3531/3819/3203
f 3533/3822/3206 3518/3806/3190 3532/3820/3204
f 3507/3798/3182 3530/3826/3205 3526/3827/3201
f 3508/3797/3181 3534/3828/3209 3530/3826/3205
f 3509/3799/3183 3498/3829/3210 3534/3828/3209
f 3521/3811/3195 3498/3829/3210 3510/3800/3184
f 3533/3822/3206 3498/3829/3210 3522/3810/3194
f 674/3830/3100 702/3831/3211 33/3701/3101
f 673/3832/3104 3499/3792/3176 674/3830/3100
f 672/3706/3105 3500/3790/3174 673/3832/3104
f 672/3706/3105 3502/3823/3207 3501/3795/3179
f 3499/3792/3176 701/3833/3212 702/3831/3211
f 701/3833/3212 3507/3798/3182 700/3834/3213
f 700/3834/3213 3526/3827/3201 699/3835/3214
f 1052/3836/3215 668/3837/3115 36/3719/3117
f 1051/3838/3216 3511/3803/3187 1052/3836/3215
f 1050/3839/3217 3512/3801/3185 1051/3838/3216
f 1050/3839/3217 3514/3840/3208 3513/3804/3188
f 3511/3803/3187 669/3720/3118 668/3837/3115
f 3515/3802/3186 670/3841/3119 669/3720/3118
f 3519/3808/3192 671/3842/3106 670/3841/3119
f 696/3843/3218 1046/3844/3219 41/3845/3220
f 697/3846/3221 3523/3814/3198 696/3843/3218
f 698/3847/3222 3524/3812/3196 697/3846/3221
f 699/3835/3214 3525/3815/3199 698/3847/3222
f 3523/3814/3198 1047/3848/3223 1046/3844/3219
f 3527/3813/3197 1048/3849/3224 1047/3848/3223
f 3531/3819/3203 1049/3850/3225 1048/3849/3224
f 3537/3851/3226 3540/3852/3227 3536/3853/3228
f 3538/3854/3229 3541/3855/3230 3537/3851/3226
f 3539/3856/3231 3542/3857/3232 3538/3854/3229
f 3541/3855/3230 3544/3858/3233 3540/3852/3227
f 3542/3857/3232 3545/3859/3234 3541/3855/3230
f 3543/3860/3235 3546/3861/3236 3542/3857/3232
f 3548/3862/3237 3553/3863/3238 3552/3864/3239
f 3549/3865/3240 3554/3866/3241 3553/3863/3238
f 3551/3867/3242 3554/3866/3241 3550/3868/3243
f 3552/3864/3239 3557/3869/3244 3556/3870/3245
f 3553/3863/3238 3558/3871/3246 3557/3869/3244
f 3554/3866/3241 3559/3872/3247 3558/3871/3246
f 3560/3873/3248 3565/3874/3249 3564/3875/3250
f 3561/3876/3251 3566/3877/3252 3565/3874/3249
f 3562/3878/3253 3567/3879/3254 3566/3877/3252
f 3564/3875/3250 3569/3880/3255 3568/3881/3256
f 3565/3874/3249 3570/3882/3257 3569/3880/3255
f 3566/3877/3252 3571/3883/3258 3570/3882/3257
f 3556/3870/3245 3543/3884/3235 3539/3856/3231
f 3557/3869/3244 3547/3885/3259 3543/3884/3235
f 3568/3881/3256 3555/3886/3260 3551/3867/3242
f 3569/3880/3255 3559/3872/3247 3555/3886/3260
f 3545/3859/3234 3563/3887/3261 3544/3858/3233
f 3546/3861/3236 3567/3879/3254 3545/3859/3234
f 3547/3885/3259 3571/3883/3258 3546/3861/3236
f 3558/3871/3246 3535/3888/3262 3547/3885/3259
f 3570/3882/3257 3535/3888/3262 3559/3872/3247
f 667/2295/1902 716/3889/2945 35/2296/1903
f 666/2294/1901 3536/3853/3228 667/2295/1902
f 665/2293/1900 3537/3851/3226 666/2294/1901
f 664/2292/1899 3538/3854/3229 665/2293/1900
f 3536/3853/3228 715/3890/2946 716/3889/2945
f 3540/3852/3227 714/3891/2947 715/3890/2946
f 3544/3858/3233 713/3892/2948 714/3891/2947
f 34/2790/2374 3548/3862/3237 661/3893/1896
f 1031/3894/3263 3549/3865/3240 3548/3862/3237
f 1030/3895/3264 3550/3868/3243 3549/3865/3240
f 1028/3896/3265 3550/3868/3243 1029/3897/3266
f 661/3893/1896 3552/3864/3239 662/3898/1897
f 662/3898/1897 3556/3870/3245 663/3899/1898
f 663/3899/1898 3539/3856/3231 664/2292/1899
f 44/3529/2952 3560/3873/3248 1025/3900/3267
f 710/3528/2951 3561/3876/3251 3560/3873/3248
f 711/3527/2950 3562/3878/3253 3561/3876/3251
f 712/3526/2949 3563/3887/3261 3562/3878/3253
f 1025/3900/3267 3564/3875/3250 1026/3901/3268
f 1026/3901/3268 3568/3881/3256 1027/3902/3269
f 1027/3902/3269 3551/3867/3242 1028/3896/3265
f 3574/3903/3270 3577/3904/3271 3573/3905/3272
f 3574/3903/3270 3579/3906/3273 3578/3907/3274
f 3575/3908/3275 3580/3909/3276 3579/3906/3273
f 3577/3904/3271 3582/3910/3277 3581/3911/3278
f 3578/3907/3274 3583/3912/3279 3582/3910/3277
f 3579/3906/3273 3584/3913/3280 3583/3912/3279
f 3586/3914/3281 3589/3915/3282 3585/3916/3283
f 3587/3917/3284 3590/3918/3285 3586/3914/3281
f 3588/3919/3286 3591/3920/3287 3587/3917/3284
f 3590/3918/3285 3593/3921/3288 3589/3915/3282
f 3591/3920/3287 3594/3922/3289 3590/3918/3285
f 3592/3923/3290 3595/3924/3291 3591/3920/3287
f 3598/3925/3292 3601/3926/3293 3597/3927/3294
f 3599/3928/3295 3602/3929/3296 3598/3925/3292
f 3600/3930/3297 3603/3931/3298 3599/3928/3295
f 3602/3929/3296 3605/3932/3299 3601/3926/3293
f 3603/3931/3298 3606/3933/3300 3602/3929/3296
f 3604/3934/3301 3607/3935/3302 3603/3931/3298
f 3594/3922/3289 3576/3936/3303 3593/3921/3288
f 3595/3924/3291 3580/3937/3276 3594/3922/3289
f 3605/3932/3299 3592/3938/3290 3588/3939/3286
f 3606/3933/3300 3596/3940/3304 3592/3938/3290
f 3581/3911/3278 3604/3934/3301 3600/3941/3297
f 3582/3910/3277 3608/3942/3305 3604/3934/3301
f 3583/3912/3279 3572/3943/3306 3608/3942/3305
f 3595/3924/3291 3572/3943/3306 3584/3913/3280
f 3607/3935/3302 3572/3943/3306 3596/3940/3304
f 695/3944/3307 730/3945/3308 38/3946/3309
f 694/3947/3310 3573/3905/3272 695/3944/3307
f 694/3947/3310 3575/3908/3275 3574/3903/3270
f 693/3948/3311 3576/3949/3303 3575/3908/3275
f 3573/3905/3272 729/3950/3312 730/3945/3308
f 729/3950/3312 3581/3911/3278 728/3951/3313
f 728/3951/3313 3600/3941/3297 727/3952/3314
f 1010/3953/3315 689/3954/3316 40/2374/1981
f 1009/3955/3317 3585/3916/3283 1010/3953/3315
f 1008/3956/3318 3586/3914/3281 1009/3955/3317
f 1007/3957/3319 3587/3917/3284 1008/3956/3318
f 3585/3916/3283 690/3958/3320 689/3954/3316
f 3589/3915/3282 691/3959/3321 690/3958/3320
f 3593/3921/3288 692/3960/3322 691/3959/3321
f 724/3961/3323 1004/3962/3324 47/3963/3325
f 725/3964/3326 3597/3927/3294 724/3961/3323
f 726/3965/3327 3598/3925/3292 725/3964/3326
f 727/3952/3314 3599/3928/3295 726/3965/3327
f 3597/3927/3294 1005/3966/3328 1004/3962/3324
f 3601/3926/3293 1006/3967/3329 1005/3966/3328
f 1006/3967/3329 3588/3939/3286 1007/3968/3319
f 3611/3969/3330 3614/3970/3331 3610/3971/3332
f 3611/3969/3330 3616/3972/3333 3615/3973/3334
f 3612/3974/3335 3617/3975/3336 3616/3972/3333
f 3614/3970/3331 3619/3976/3337 3618/3977/3338
f 3615/3973/3334 3620/3978/3339 3619/3976/3337
f 3616/3972/3333 3621/3979/3340 3620/3978/3339
f 3623/3980/3341 3626/3981/3342 3622/3982/3343
f 3624/3983/3344 3627/3984/3345 3623/3980/3341
f 3625/3985/3346 3628/3986/3347 3624/3983/3344
f 3627/3984/3345 3630/3987/3348 3626/3981/3342
f 3628/3986/3347 3631/3988/3349 3627/3984/3345
f 3629/3989/3350 3632/3990/3351 3628/3986/3347
f 3635/3991/3352 3638/3992/3353 3634/3993/3354
f 3635/3991/3352 3640/3994/3355 3639/3995/3356
f 3637/3996/3357 3640/3994/3355 3636/3997/3358
f 3639/3995/3356 3642/3998/3359 3638/3992/3353
f 3639/3995/3356 3644/3999/3360 3643/4000/3361
f 3641/4001/3362 3644/3999/3360 3640/3994/3355
f 3631/3988/3349 3613/4002/3363 3630/3987/3348
f 3631/3988/3349 3621/3979/3340 3617/4003/3336
f 3642/3998/3359 3629/4004/3350 3625/4005/3346
f 3643/4000/3361 3633/4006/3364 3629/4004/3350
f 3618/3977/3338 3641/4001/3362 3637/4007/3357
f 3619/3976/3337 3645/4008/3365 3641/4001/3362
f 3620/3978/3339 3609/4009/3366 3645/4008/3365
f 3632/3990/3351 3609/4009/3366 3621/3979/3340
f 3644/3999/3360 3609/4009/3366 3633/4006/3364
f 702/4010/3211 836/4011/3367 33/3701/3101
f 701/4012/3212 3610/3971/3332 702/4010/3211
f 700/3834/3213 3611/3969/3330 701/4012/3212
f 699/4013/3214 3612/3974/3335 700/3834/3213
f 836/4011/3367 3614/3970/3331 837/4014/3368
f 837/4014/3368 3618/3977/3338 838/4015/3369
f 838/4015/3369 3637/4007/3357 839/4016/3370
f 989/4017/3371 696/4018/3218 41/3845/3220
f 988/4019/3372 3622/3982/3343 989/4017/3371
f 988/4019/3372 3624/3983/3344 3623/3980/3341
f 986/4020/3373 3624/3983/3344 987/4021/3374
f 3622/3982/3343 697/4022/3221 696/4018/3218
f 697/4022/3221 3630/3987/3348 698/4023/3222
f 698/4023/3222 3613/4002/3363 699/3835/3214
f 842/4024/3375 983/4025/3376 45/4026/3377
f 841/4027/3378 3634/3993/3354 842/4024/3375
f 841/4027/3378 3636/3997/3358 3635/3991/3352
f 839/4028/3370 3636/3997/3358 840/4029/3379
f 983/4025/3376 3638/3992/3353 984/4030/3380
f 984/4030/3380 3642/3998/3359 985/4031/3381
f 985/4031/3381 3625/4005/3346 986/4032/3373
f 3648/4033/3382 3651/4034/3383 3647/4035/3384
f 3649/4036/3385 3652/4037/3386 3648/4033/3382
f 3649/4036/3385 3654/4038/3387 3653/4039/3388
f 3652/4037/3386 3655/4040/3389 3651/4034/3383
f 3652/4037/3386 3657/4041/3390 3656/4042/3391
f 3653/4039/3388 3658/4043/3392 3657/4041/3390
f 3660/4044/3393 3663/4045/3394 3659/4046/3395
f 3661/4047/3396 3664/4048/3397 3660/4044/3393
f 3662/4049/3398 3665/4050/3399 3661/4047/3396
f 3664/4048/3397 3667/4051/3400 3663/4045/3394
f 3665/4050/3399 3668/4052/3401 3664/4048/3397
f 3666/4053/3402 3669/4054/3403 3665/4050/3399
f 3672/4055/3404 3675/4056/3405 3671/4057/3406
f 3673/4058/3407 3676/4059/3408 3672/4055/3404
f 3674/4060/3409 3677/4061/3410 3673/4058/3407
f 3676/4059/3408 3679/4062/3411 3675/4056/3405
f 3676/4059/3408 3681/4063/3412 3680/4064/3413
f 3677/4061/3410 3682/4065/3414 3681/4063/3412
f 3668/4052/3401 3650/4066/3415 3667/4051/3400
f 3669/4054/3403 3654/4067/3387 3668/4052/3401
f 3679/4062/3411 3666/4068/3402 3662/4069/3398
f 3680/4064/3413 3670/4070/3416 3666/4068/3402
f 3655/4040/3389 3678/4071/3417 3674/4072/3409
f 3656/4042/3391 3682/4065/3414 3678/4071/3417
f 3657/4041/3390 3646/4073/3418 3682/4065/3414
f 3669/4054/3403 3646/4073/3418 3658/4043/3392
f 3681/4063/3412 3646/4073/3418 3670/4070/3416
f 730/4074/3308 822/4075/3419 38/3946/3309
f 729/4076/3312 3647/4035/3384 730/4074/3308
f 728/3951/3313 3648/4033/3382 729/4076/3312
f 727/4077/3314 3649/4036/3385 728/3951/3313
f 3647/4035/3384 823/4078/3420 822/4075/3419
f 3651/4034/3383 824/4079/3421 823/4078/3420
f 3655/4040/3389 825/4080/3422 824/4079/3421
f 968/4081/3423 724/3961/3323 47/3963/3325
f 967/4082/3424 3659/4046/3395 968/4081/3423
f 966/4083/3425 3660/4044/3393 967/4082/3424
f 965/4084/3426 3661/4047/3396 966/4083/3425
f 3659/4046/3395 725/4085/3326 724/3961/3323
f 3663/4045/3394 726/4086/3327 725/4085/3326
f 3667/4051/3400 727/4087/3314 726/4086/3327
f 828/4088/3427 962/4089/3428 42/4090/3429
f 827/4091/3430 3671/4057/3406 828/4088/3427
f 826/4092/3431 3672/4055/3404 827/4091/3430
f 826/4092/3431 3674/4060/3409 3673/4058/3407
f 3671/4057/3406 963/4093/3432 962/4089/3428
f 963/4093/3432 3679/4062/3411 964/4094/3433
f 964/4094/3433 3662/4069/3398 965/4095/3426
f 3685/4096/3434 3688/4097/3435 3684/4098/3436
f 3686/4099/3437 3689/4100/3438 3685/4096/3434
f 3686/4099/3437 3691/4101/3439 3690/4102/3440
f 3689/4100/3438 3692/4103/3441 3688/4097/3435
f 3690/4102/3440 3693/4104/3442 3689/4100/3438
f 3690/4102/3440 3695/4105/3443 3694/4106/3444
f 3697/4107/3445 3700/4108/3446 3696/4109/3447
f 3698/4110/3448 3701/4111/3449 3697/4107/3445
f 3699/4112/3450 3702/4113/3451 3698/4110/3448
f 3701/4111/3449 3704/4114/3452 3700/4108/3446
f 3702/4113/3451 3705/4115/3453 3701/4111/3449
f 3703/4116/3454 3706/4117/3455 3702/4113/3451
f 3709/4118/3456 3712/4119/3457 3708/4120/3458
f 3710/4121/3459 3713/4122/3460 3709/4118/3456
f 3711/4123/3461 3714/4124/3462 3710/4121/3459
f 3713/4122/3460 3716/4125/3463 3712/4119/3457
f 3714/4124/3462 3717/4126/3464 3713/4122/3460
f 3715/4127/3465 3718/4128/3466 3714/4124/3462
f 3705/4115/3453 3687/4129/3467 3704/4114/3452
f 3706/4117/3455 3691/4130/3439 3705/4115/3453
f 3717/4126/3464 3699/4131/3450 3716/4125/3463
f 3718/4128/3466 3703/4132/3454 3717/4126/3464
f 3693/4104/3442 3711/4133/3461 3692/4103/3441
f 3693/4104/3442 3719/4134/3468 3715/4127/3465
f 3694/4106/3444 3683/4135/3469 3719/4134/3468
f 3706/4117/3455 3683/4135/3469 3695/4105/3443
f 3718/4128/3466 3683/4135/3469 3707/4136/3470
f 744/4137/3471 765/4138/3472 46/3280/2746
f 743/4139/3473 3684/4098/3436 744/4137/3471
f 743/4139/3473 3686/4099/3437 3685/4096/3434
f 742/4140/3474 3687/4141/3467 3686/4099/3437
f 3684/4098/3436 764/4142/3475 765/4138/3472
f 3688/4097/3435 763/4143/3476 764/4142/3475
f 3692/4103/3441 762/4144/3477 763/4143/3476
f 947/4145/3478 738/4146/3479 50/4147/3480
f 946/4148/3481 3696/4109/3447 947/4145/3478
f 945/4149/3482 3697/4107/3445 946/4148/3481
f 944/4150/3483 3698/4110/3448 945/4149/3482
f 3696/4109/3447 739/4151/3484 738/4146/3479
f 3700/4108/3446 740/4152/3485 739/4151/3484
f 3704/4114/3452 741/4153/3486 740/4152/3485
f 759/4154/3487 941/4155/3488 53/4156/3009
f 760/4157/3489 3708/4120/3458 759/4154/3487
f 761/4158/3490 3709/4118/3456 760/4157/3489
f 762/4159/3477 3710/4121/3459 761/4158/3490
f 3708/4120/3458 942/4160/3491 941/4155/3488
f 942/4160/3491 3716/4125/3463 943/4161/3492
f 943/4161/3492 3699/4131/3450 944/4162/3483
f 3721/4163/3493 3726/4164/3494 3725/4165/3495
f 3722/4166/3496 3727/4167/3497 3726/4164/3494
f 3723/4168/3498 3728/4169/3499 3727/4167/3497
f 3725/4165/3495 3730/4170/3500 3729/4171/3501
f 3726/4164/3494 3731/4172/3502 3730/4170/3500
f 3727/4167/3497 3732/4173/3503 3731/4172/3502
f 3734/4174/3504 3737/4175/3505 3733/4176/3506
f 3735/4177/3507 3738/4178/3508 3734/4174/3504
f 3736/4179/3509 3739/4180/3510 3735/4177/3507
f 3738/4178/3508 3741/4181/3511 3737/4175/3505
f 3739/4180/3510 3742/4182/3512 3738/4178/3508
f 3740/4183/3513 3743/4184/3514 3739/4180/3510
f 3745/4185/3515 3750/4186/3516 3749/4187/3517
f 3746/4188/3518 3751/4189/3519 3750/4186/3516
f 3747/4190/3520 3752/4191/3521 3751/4189/3519
f 3749/4187/3517 3754/4192/3522 3753/4193/3523
f 3750/4186/3516 3755/4194/3524 3754/4192/3522
f 3751/4189/3519 3756/4195/3525 3755/4194/3524
f 3742/4182/3512 3724/4196/3526 3741/4181/3511
f 3743/4184/3514 3728/4197/3499 3742/4182/3512
f 3753/4193/3523 3740/4183/3513 3736/4198/3509
f 3754/4192/3522 3744/4199/3527 3740/4183/3513
f 3729/4171/3501 3752/4191/3521 3748/4200/3528
f 3730/4170/3500 3756/4195/3525 3752/4191/3521
f 3731/4172/3502 3720/4201/3529 3756/4195/3525
f 3744/4199/3527 3732/4173/3503 3743/4184/3514
f 3755/4194/3524 3720/4201/3529 3744/4199/3527
f 49/2443/2046 3721/4163/3493 779/4202/3530
f 751/2442/2045 3722/4166/3496 3721/4163/3493
f 750/2441/2044 3723/4168/3498 3722/4166/3496
f 749/2440/2043 3724/4203/3526 3723/4168/3498
f 779/4202/3530 3725/4165/3495 778/4204/3531
f 778/4204/3531 3729/4171/3501 777/4205/3532
f 777/4205/3532 3748/4200/3528 776/4206/3533
f 926/3342/2802 745/4207/2039 51/2435/2038
f 925/3341/2801 3733/4176/3506 926/3342/2802
f 924/3340/2800 3734/4174/3504 925/3341/2801
f 923/3339/2799 3735/4177/3507 924/3340/2800
f 3733/4176/3506 746/4208/2040 745/4207/2039
f 3737/4175/3505 747/4209/2041 746/4208/2040
f 3741/4181/3511 748/4210/2042 747/4209/2041
f 56/2577/2177 3745/4185/3515 920/4211/2796
f 773/4212/3534 3746/4188/3518 3745/4185/3515
f 774/4213/3535 3747/4190/3520 3746/4188/3518
f 775/4214/3536 3748/4200/3528 3747/4190/3520
f 920/4211/2796 3749/4187/3517 921/4215/2797
f 921/4215/2797 3753/4193/3523 922/4216/2798
f 922/4216/2798 3736/4198/3509 923/4217/2799
f 3758/4218/3537 3763/4219/3538 3762/4220/3539
f 3759/4221/3540 3764/4222/3541 3763/4219/3538
f 3760/4223/3542 3765/4224/3543 3764/4222/3541
f 3762/4220/3539 3767/4225/3544 3766/4226/3545
f 3763/4219/3538 3768/4227/3546 3767/4225/3544
f 3764/4222/3541 3769/4228/3547 3768/4227/3546
f 3771/4229/3548 3774/4230/3549 3770/4231/3550
f 3772/4232/3551 3775/4233/3552 3771/4229/3548
f 3773/4234/3553 3776/4235/3554 3772/4232/3551
f 3775/4233/3552 3778/4236/3555 3774/4230/3549
f 3776/4235/3554 3779/4237/3556 3775/4233/3552
f 3777/4238/3557 3780/4239/3558 3776/4235/3554
f 3783/4240/3559 3786/4241/3560 3782/4242/3561
f 3784/4243/3562 3787/4244/3563 3783/4240/3559
f 3785/4245/3564 3788/4246/3565 3784/4243/3562
f 3787/4244/3563 3790/4247/3566 3786/4241/3560
f 3788/4246/3565 3791/4248/3567 3787/4244/3563
f 3789/4249/3568 3792/4250/3569 3788/4246/3565
f 3779/4237/3556 3761/4251/3570 3778/4236/3555
f 3780/4239/3558 3765/4252/3543 3779/4237/3556
f 3790/4247/3566 3777/4253/3557 3773/4254/3553
f 3791/4248/3567 3781/4255/3571 3777/4253/3557
f 3766/4226/3545 3789/4256/3568 3785/4257/3564
f 3767/4225/3544 3793/4258/3572 3789/4256/3568
f 3768/4227/3546 3757/4259/3573 3793/4258/3572
f 3781/4255/3571 3769/4228/3547 3780/4239/3558
f 3792/4250/3569 3757/4259/3573 3781/4255/3571
f 758/4260/3574 885/4261/3575 43/4262/3576
f 758/4260/3574 3759/4221/3540 3758/4218/3537
f 757/4263/3577 3760/4223/3542 3759/4221/3540
f 756/4264/3578 3761/4265/3570 3760/4223/3542
f 3758/4218/3537 886/4266/3579 885/4261/3575
f 3762/4220/3539 887/4267/3580 886/4266/3579
f 3766/4226/3545 888/4268/3581 887/4267/3580
f 912/4269/3582 752/4270/3583 52/4271/3584
f 911/4272/3585 3770/4231/3550 912/4269/3582
f 910/4273/3586 3771/4229/3548 911/4272/3585
f 909/4274/3587 3772/4232/3551 910/4273/3586
f 3770/4231/3550 753/4275/3588 752/4270/3583
f 3774/4230/3549 754/4276/3589 753/4275/3588
f 3778/4236/3555 755/4277/3590 754/4276/3589
f 891/4278/3591 906/4279/3592 54/4280/3593
f 890/4281/3594 3782/4242/3561 891/4278/3591
f 889/4282/3595 3783/4240/3559 890/4281/3594
f 888/4283/3581 3784/4243/3562 889/4282/3595
f 3782/4242/3561 907/4284/3596 906/4279/3592
f 907/4284/3596 3790/4247/3566 908/4285/3597
f 908/4285/3597 3773/4254/3553 909/4286/3587
f 3796/4287/3598 3799/4288/3599 3795/4289/3600
f 3797/4290/3601 3800/4291/3602 3796/4287/3598
f 3798/4292/3603 3801/4293/3604 3797/4290/3601
f 3800/4291/3602 3803/4294/3605 3799/4288/3599
f 3801/4293/3604 3804/4295/3606 3800/4291/3602
f 3802/4296/3607 3805/4297/3608 3801/4293/3604
f 3807/4298/3609 3812/4299/3610 3811/4300/3611
f 3808/4301/3612 3813/4302/3613 3812/4299/3610
f 3809/4303/3614 3814/4304/3615 3813/4302/3613
f 3811/4300/3611 3816/4305/3616 3815/4306/3617
f 3812/4299/3610 3817/4307/3618 3816/4305/3616
f 3813/4302/3613 3818/4308/3619 3817/4307/3618
f 3820/4309/3620 3823/4310/3621 3819/4311/3622
f 3820/4309/3620 3825/4312/3623 3824/4313/3624
f 3821/4314/3625 3826/4315/3626 3825/4312/3623
f 3824/4313/3624 3827/4316/3627 3823/4310/3621
f 3824/4313/3624 3829/4317/3628 3828/4318/3629
f 3825/4312/3623 3830/4319/3630 3829/4317/3628
f 3815/4306/3617 3802/4320/3607 3798/4321/3603
f 3816/4305/3616 3806/4322/3631 3802/4320/3607
f 3828/4318/3629 3810/4323/3632 3827/4316/3627
f 3829/4317/3628 3814/4304/3615 3828/4318/3629
f 3804/4295/3606 3822/4324/3633 3803/4294/3605
f 3805/4297/3608 3826/4325/3626 3804/4295/3606
f 3806/4322/3631 3830/4319/3630 3805/4297/3608
f 3817/4307/3618 3794/4326/3634 3806/4322/3631
f 3829/4317/3628 3794/4326/3634 3818/4308/3619
f 899/4327/3635 766/4328/3636 54/4280/3593
f 899/4327/3635 3796/4287/3598 3795/4289/3600
f 901/4329/3637 3796/4287/3598 900/4330/3638
f 902/4331/3639 3797/4290/3601 901/4329/3637
f 3795/4289/3600 767/4332/3640 766/4328/3636
f 3799/4288/3599 768/4333/3641 767/4332/3640
f 3803/4294/3605 769/4334/3642 768/4333/3641
f 56/4335/2177 3807/4298/3609 905/4336/3643
f 898/4337/2175 3808/4301/3612 3807/4298/3609
f 897/4338/2174 3809/4303/3614 3808/4301/3612
f 896/4339/2173 3810/4323/3632 3809/4303/3614
f 905/4336/3643 3811/4300/3611 904/4340/3644
f 904/4340/3644 3815/4306/3617 903/4341/3645
f 903/4341/3645 3798/4321/3603 902/4331/3639
f 772/4342/3646 892/4343/2169 55/4344/1561
f 772/4342/3646 3820/4309/3620 3819/4311/3622
f 771/4345/3647 3821/4314/3625 3820/4309/3620
f 770/4346/3648 3822/4347/3633 3821/4314/3625
f 892/4343/2169 3823/4310/3621 893/4348/2170
f 893/4348/2170 3827/4316/3627 894/4349/2171
f 3827/4316/3627 895/4350/2172 894/4349/2171
f 3833/4351/3649 3836/4352/3650 3832/4353/3651
f 3834/4354/3652 3837/4355/3653 3833/4351/3649
f 3835/4356/3654 3838/4357/3655 3834/4354/3652
f 3837/4355/3653 3840/4358/3656 3836/4352/3650
f 3838/4357/3655 3841/4359/3657 3837/4355/3653
f 3839/4360/3658 3842/4361/3659 3838/4357/3655
f 3845/4362/3660 3848/4363/3661 3844/4364/3662
f 3846/4365/3663 3849/4366/3664 3845/4362/3660
f 3847/4367/3665 3850/4368/3666 3846/4365/3663
f 3849/4366/3664 3852/4369/3667 3848/4363/3661
f 3850/4368/3666 3853/4370/3668 3849/4366/3664
f 3851/4371/3669 3854/4372/3670 3850/4368/3666
f 3857/4373/3671 3860/4374/3672 3856/4375/3673
f 3858/4376/3674 3861/4377/3675 3857/4373/3671
f 3859/4378/3676 3862/4379/3677 3858/4376/3674
f 3861/4377/3675 3864/4380/3678 3860/4374/3672
f 3862/4379/3677 3865/4381/3679 3861/4377/3675
f 3863/4382/3680 3866/4383/3681 3862/4379/3677
f 3853/4370/3668 3835/4356/3654 3852/4369/3667
f 3854/4372/3670 3839/4360/3658 3853/4370/3668
f 3865/4381/3679 3847/4384/3665 3864/4380/3678
f 3866/4383/3681 3851/4385/3669 3865/4381/3679
f 3841/4359/3657 3859/4386/3676 3840/4358/3656
f 3842/4361/3659 3863/4387/3680 3841/4359/3657
f 3842/4361/3659 3831/4388/3682 3867/4389/3683
f 3854/4372/3670 3831/4388/3682 3843/4390/3684
f 3866/4383/3681 3831/4388/3682 3855/4391/3685
f 906/4392/3592 899/4393/3635 54/4280/3593
f 907/4394/3596 3832/4353/3651 906/4392/3592
f 908/4395/3597 3833/4351/3649 907/4394/3596
f 909/4396/3587 3834/4354/3652 908/4395/3597
f 3832/4353/3651 900/4397/3638 899/4393/3635
f 3836/4352/3650 901/4398/3637 900/4397/3638
f 3840/4358/3656 902/4399/3639 901/4398/3637
f 919/4400/3686 912/4401/3582 52/4271/3584
f 918/4402/3687 3844/4364/3662 919/4400/3686
f 917/4403/3688 3845/4362/3660 918/4402/3687
f 916/4404/3689 3846/4365/3663 917/4403/3688
f 3844/4364/3662 911/4272/3585 912/4401/3582
f 3848/4363/3661 910/4405/3586 911/4272/3585
f 910/4405/3586 3835/4356/3654 909/4406/3587
f 905/4407/3643 913/4408/3690 56/4335/2177
f 904/4409/3644 3856/4375/3673 905/4407/3643
f 903/4410/3645 3857/4373/3671 904/4409/3644
f 902/4411/3639 3858/4376/3674 903/4410/3645
f 3856/4375/3673 914/4412/3691 913/4408/3690
f 3860/4374/3672 915/4413/3692 914/4412/3691
f 3864/4380/3678 916/4414/3689 915/4413/3692
f 3870/4415/3693 3873/4416/3694 3869/4417/3695
f 3871/4418/3696 3874/4419/3697 3870/4415/3693
f 3871/4418/3696 3876/4420/3698 3875/4421/3699
f 3873/4416/3694 3878/4422/3700 3877/4423/3701
f 3874/4419/3697 3879/4424/3702 3878/4422/3700
f 3875/4421/3699 3880/4425/3703 3879/4424/3702
f 3882/4426/3704 3885/4427/3705 3881/4428/3706
f 3883/4429/3707 3886/4430/3708 3882/4426/3704
f 3884/4431/3709 3887/4432/3710 3883/4429/3707
f 3886/4430/3708 3889/4433/3711 3885/4427/3705
f 3887/4432/3710 3890/4434/3712 3886/4430/3708
f 3887/4432/3710 3892/4435/3713 3891/4436/3714
f 3894/4437/3715 3897/4438/3716 3893/4439/3717
f 3895/4440/3718 3898/4441/3719 3894/4437/3715
f 3896/4442/3720 3899/4443/3721 3895/4440/3718
f 3898/4441/3719 3901/4444/3722 3897/4438/3716
f 3899/4443/3721 3902/4445/3723 3898/4441/3719
f 3900/4446/3724 3903/4447/3725 3899/4443/3721
f 3890/4434/3712 3872/4448/3726 3889/4433/3711
f 3891/4436/3714 3876/4449/3698 3890/4434/3712
f 3902/4445/3723 3884/4450/3709 3901/4444/3722
f 3903/4447/3725 3888/4451/3727 3902/4445/3723
f 3877/4423/3701 3900/4452/3724 3896/4453/3720
f 3878/4422/3700 3904/4454/3728 3900/4452/3724
f 3879/4424/3702 3868/4455/3729 3904/4454/3728
f 3891/4436/3714 3868/4455/3729 3880/4425/3703
f 3903/4447/3725 3868/4455/3729 3892/4435/3713
f 877/4456/3730 919/4400/3686 52/4271/3584
f 876/4457/3731 3869/4417/3695 877/4456/3730
f 875/4458/3732 3870/4415/3693 876/4457/3731
f 874/4459/3733 3871/4418/3696 875/4458/3732
f 3869/4417/3695 918/4402/3687 919/4400/3686
f 918/4402/3687 3877/4423/3701 917/4403/3688
f 917/4403/3688 3896/4453/3720 916/4460/3689
f 779/4461/3530 871/4462/3734 49/2443/2046
f 778/4463/3531 3881/4428/3706 779/4461/3530
f 777/4464/3532 3882/4426/3704 778/4463/3531
f 776/4465/3533 3883/4429/3707 777/4464/3532
f 3881/4428/3706 872/4466/3735 871/4462/3734
f 3885/4427/3705 873/4467/3736 872/4466/3735
f 873/4467/3736 3872/4448/3726 874/4459/3733
f 913/4468/3690 773/4469/3534 56/4335/2177
f 914/4470/3691 3893/4439/3717 913/4468/3690
f 915/4471/3692 3894/4437/3715 914/4470/3691
f 916/4414/3689 3895/4440/3718 915/4471/3692
f 3893/4439/3717 774/4472/3535 773/4469/3534
f 3897/4438/3716 775/4473/3536 774/4472/3535
f 3901/4444/3722 776/4474/3533 775/4473/3536
f 3907/4475/3737 3910/4476/3738 3906/4477/3739
f 3908/4478/3740 3911/4479/3741 3907/4475/3737
f 3909/4480/3742 3912/4481/3743 3908/4478/3740
f 3911/4479/3741 3914/4482/3744 3910/4476/3738
f 3912/4481/3743 3915/4483/3745 3911/4479/3741
f 3913/4484/3746 3916/4485/3747 3912/4481/3743
f 3918/4486/3748 3923/4487/3749 3922/4488/3750
f 3919/4489/3751 3924/4490/3752 3923/4487/3749
f 3920/4491/3753 3925/4492/3754 3924/4490/3752
f 3922/4488/3750 3927/4493/3755 3926/4494/3756
f 3923/4487/3749 3928/4495/3757 3927/4493/3755
f 3924/4490/3752 3929/4496/3758 3928/4495/3757
f 3930/4497/3759 3935/4498/3760 3934/4499/3761
f 3931/4500/3762 3936/4501/3763 3935/4498/3760
f 3932/4502/3764 3937/4503/3765 3936/4501/3763
f 3934/4499/3761 3939/4504/3766 3938/4505/3767
f 3935/4498/3760 3940/4506/3768 3939/4504/3766
f 3936/4501/3763 3941/4507/3769 3940/4506/3768
f 3926/4494/3756 3913/4484/3746 3909/4508/3742
f 3927/4493/3755 3917/4509/3770 3913/4484/3746
f 3938/4505/3767 3925/4492/3754 3921/4510/3771
f 3939/4504/3766 3929/4496/3758 3925/4492/3754
f 3915/4483/3745 3933/4511/3772 3914/4482/3744
f 3916/4485/3747 3937/4512/3765 3915/4483/3745
f 3917/4509/3770 3941/4507/3769 3916/4485/3747
f 3928/4495/3757 3905/4513/3773 3917/4509/3770
f 3940/4506/3768 3905/4513/3773 3929/4496/3758
f 870/2716/2303 933/4514/3002 58/2717/2304
f 869/2715/2302 3906/4477/3739 870/2716/2303
f 868/2714/2301 3907/4475/3737 869/2715/2302
f 867/2713/2300 3908/4478/3740 868/2714/2301
f 3906/4477/3739 932/4515/3003 933/4514/3002
f 3910/4476/3738 931/4516/3004 932/4515/3003
f 3914/4482/3744 930/4517/3005 931/4516/3004
f 46/3280/2746 3918/4486/3748 864/2710/2297
f 765/4518/3472 3919/4489/3751 3918/4486/3748
f 764/4519/3475 3920/4491/3753 3919/4489/3751
f 763/4520/3476 3921/4510/3771 3920/4491/3753
f 864/2710/2297 3922/4488/3750 865/4521/2298
f 865/4521/2298 3926/4494/3756 866/4522/2299
f 866/4522/2299 3909/4508/3742 867/4523/2300
f 53/3593/3009 3930/4497/3759 759/4524/3487
f 927/3592/3008 3931/4500/3762 3930/4497/3759
f 928/3591/3007 3932/4502/3764 3931/4500/3762
f 929/3590/3006 3933/4525/3772 3932/4502/3764
f 759/4524/3487 3934/4499/3761 760/4526/3489
f 760/4526/3489 3938/4505/3767 761/4527/3490
f 761/4527/3490 3921/4510/3771 762/4528/3477
f 3943/4529/3774 3948/4530/3775 3947/4531/3776
f 3944/4532/3777 3949/4533/3778 3948/4530/3775
f 3945/4534/3779 3950/4535/3780 3949/4533/3778
f 3947/4531/3776 3952/4536/3781 3951/4537/3782
f 3948/4530/3775 3953/4538/3783 3952/4536/3781
f 3949/4533/3778 3954/4539/3784 3953/4538/3783
f 3956/4540/3785 3959/4541/3786 3955/4542/3787
f 3957/4543/3788 3960/4544/3789 3956/4540/3785
f 3958/4545/3790 3961/4546/3791 3957/4543/3788
f 3960/4544/3789 3963/4547/3792 3959/4541/3786
f 3961/4546/3791 3964/4548/3793 3960/4544/3789
f 3962/4549/3794 3965/4550/3795 3961/4546/3791
f 3968/4551/3796 3971/4552/3797 3967/4553/3798
f 3969/4554/3799 3972/4555/3800 3968/4551/3796
f 3970/4556/3801 3973/4557/3802 3969/4554/3799
f 3972/4555/3800 3975/4558/3803 3971/4552/3797
f 3973/4557/3802 3976/4559/3804 3972/4555/3800
f 3974/4560/3805 3977/4561/3806 3973/4557/3802
f 3964/4548/3793 3946/4562/3807 3963/4547/3792
f 3965/4550/3795 3950/4563/3780 3964/4548/3793
f 3976/4559/3804 3958/4564/3790 3975/4558/3803
f 3976/4559/3804 3966/4565/3808 3962/4566/3794
f 3951/4537/3782 3974/4567/3805 3970/4556/3801
f 3952/4536/3781 3978/4568/3809 3974/4567/3805
f 3953/4538/3783 3942/4569/3810 3978/4568/3809
f 3966/4565/3808 3954/4539/3784 3965/4550/3795
f 3977/4561/3806 3942/4569/3810 3966/4565/3808
f 53/4156/3009 3943/4529/3774 884/4570/1553
f 934/4571/3811 3944/4532/3777 3943/4529/3774
f 935/4572/3812 3945/4534/3779 3944/4532/3777
f 936/4573/3813 3946/4574/3807 3945/4534/3779
f 884/4570/1553 3947/4531/3776 883/4575/1554
f 883/4575/1554 3951/4537/3782 882/4576/1555
f 882/4576/1555 3970/4556/3801 881/4577/1556
f 766/4578/3636 940/4579/3814 54/4580/3593
f 767/4581/3640 3955/4542/3787 766/4578/3636
f 767/4581/3640 3957/4543/3788 3956/4540/3785
f 768/4582/3641 3958/4545/3790 3957/4543/3788
f 3955/4542/3787 939/4583/3815 940/4579/3814
f 3959/4541/3786 938/4584/3816 939/4583/3815
f 3963/4547/3792 937/4585/3817 938/4584/3816
f 55/4586/1561 3967/4553/3798 772/4587/3646
f 879/4588/1558 3967/4553/3798 878/4589/1559
f 880/4590/1557 3968/4551/3796 879/4588/1558
f 881/4577/1556 3969/4554/3799 880/4590/1557
f 3967/4553/3798 771/4591/3647 772/4587/3646
f 3971/4552/3797 770/4592/3648 771/4591/3647
f 3975/4558/3803 769/4593/3642 770/4592/3648
f 3981/4594/3818 3984/4595/3819 3980/4596/3820
f 3982/4597/3821 3985/4598/3822 3981/4594/3818
f 3983/4599/3823 3986/4600/3824 3982/4597/3821
f 3985/4598/3822 3988/4601/3825 3984/4595/3819
f 3986/4600/3824 3989/4602/3826 3985/4598/3822
f 3987/4603/3827 3990/4604/3828 3986/4600/3824
f 3993/4605/3829 3996/4606/3830 3992/4607/3831
f 3994/4608/3832 3997/4609/3833 3993/4605/3829
f 3995/4610/3834 3998/4611/3835 3994/4608/3832
f 3997/4609/3833 4000/4612/3836 3996/4606/3830
f 3998/4611/3835 4001/4613/3837 3997/4609/3833
f 3999/4614/3838 4002/4615/3839 3998/4611/3835
f 4005/4616/3840 4008/4617/3841 4004/4618/3842
f 4006/4619/3843 4009/4620/3844 4005/4616/3840
f 4006/4619/3843 4011/4621/3845 4010/4622/3846
f 4009/4620/3844 4012/4623/3847 4008/4617/3841
f 4010/4622/3846 4013/4624/3848 4009/4620/3844
f 4010/4622/3846 4015/4625/3849 4014/4626/3850
f 4000/4612/3836 3987/4603/3827 3983/4627/3823
f 4001/4613/3837 3991/4628/3851 3987/4603/3827
f 4013/4624/3848 3995/4629/3834 4012/4623/3847
f 4013/4624/3848 4003/4630/3852 3999/4631/3838
f 3989/4602/3826 4007/4632/3853 3988/4601/3825
f 3990/4604/3828 4011/4633/3845 3989/4602/3826
f 3990/4604/3828 3979/4634/3854 4015/4625/3849
f 4002/4615/3839 3979/4634/3854 3991/4628/3851
f 4014/4626/3850 3979/4634/3854 4003/4630/3852
f 941/4635/3488 934/4636/3811 53/4156/3009
f 942/4160/3491 3980/4596/3820 941/4635/3488
f 943/4637/3492 3981/4594/3818 942/4160/3491
f 944/4150/3483 3982/4597/3821 943/4637/3492
f 3980/4596/3820 935/4638/3812 934/4636/3811
f 3984/4595/3819 936/4639/3813 935/4638/3812
f 3988/4601/3825 937/4585/3817 936/4639/3813
f 954/4640/3855 947/4641/3478 50/4147/3480
f 953/4642/3856 3992/4607/3831 954/4640/3855
f 952/4643/3857 3993/4605/3829 953/4642/3856
f 951/4644/3858 3994/4608/3832 952/4643/3857
f 3992/4607/3831 946/4148/3481 947/4641/3478
f 3996/4606/3830 945/4645/3482 946/4148/3481
f 945/4645/3482 3983/4627/3823 944/4646/3483
f 940/4647/3814 948/4648/3859 54/4580/3593
f 939/4649/3815 4004/4618/3842 940/4647/3814
f 939/4649/3815 4006/4619/3843 4005/4616/3840
f 938/4650/3816 4007/4632/3853 4006/4619/3843
f 4004/4618/3842 949/4651/3860 948/4648/3859
f 4008/4617/3841 950/4652/3861 949/4651/3860
f 4012/4623/3847 951/4653/3858 950/4652/3861
f 4018/4654/3862 4021/4655/3863 4017/4656/3864
f 4019/4657/3865 4022/4658/3866 4018/4654/3862
f 4020/4659/3867 4023/4660/3868 4019/4657/3865
f 4022/4658/3866 4025/4661/3869 4021/4655/3863
f 4023/4660/3868 4026/4662/3870 4022/4658/3866
f 4024/4663/3871 4027/4664/3872 4023/4660/3868
f 4029/4665/3873 4034/4666/3874 4033/4667/3875
f 4030/4668/3876 4035/4669/3877 4034/4666/3874
f 4031/4670/3878 4036/4671/3879 4035/4669/3877
f 4033/4667/3875 4038/4672/3880 4037/4673/3881
f 4034/4666/3874 4039/4674/3882 4038/4672/3880
f 4035/4669/3877 4040/4675/3883 4039/4674/3882
f 4042/4676/3884 4045/4677/3885 4041/4678/3886
f 4043/4679/3887 4046/4680/3888 4042/4676/3884
f 4044/4681/3889 4047/4682/3890 4043/4679/3887
f 4045/4677/3885 4050/4683/3891 4049/4684/3892
f 4047/4682/3890 4050/4683/3891 4046/4680/3888
f 4048/4685/3893 4051/4686/3894 4047/4682/3890
f 4037/4673/3881 4024/4663/3871 4020/4659/3867
f 4038/4672/3880 4028/4687/3895 4024/4663/3871
f 4050/4683/3891 4032/4688/3896 4049/4684/3892
f 4051/4686/3894 4036/4689/3879 4050/4683/3891
f 4025/4661/3869 4048/4690/3893 4044/4691/3889
f 4026/4662/3870 4052/4692/3897 4048/4690/3893
f 4027/4664/3872 4016/4693/3898 4052/4692/3897
f 4039/4674/3882 4016/4693/3898 4028/4687/3895
f 4052/4692/3897 4040/4675/3883 4051/4686/3894
f 863/4694/3899 954/4640/3855 50/4147/3480
f 862/4695/3900 4017/4656/3864 863/4694/3899
f 861/4696/3901 4018/4654/3862 862/4695/3900
f 860/4697/3902 4019/4657/3865 861/4696/3901
f 954/4640/3855 4021/4655/3863 953/4698/3856
f 953/4698/3856 4025/4661/3869 952/4699/3857
f 4025/4661/3869 951/4700/3858 952/4699/3857
f 43/4262/3576 4029/4665/3873 857/4701/3903
f 885/4702/3575 4030/4668/3876 4029/4665/3873
f 886/4703/3579 4031/4670/3878 4030/4668/3876
f 887/4704/3580 4032/4705/3896 4031/4670/3878
f 857/4701/3903 4033/4667/3875 858/4706/3904
f 858/4706/3904 4037/4673/3881 859/4707/3905
f 859/4707/3905 4020/4659/3867 860/4708/3902
f 948/4709/3859 891/4710/3591 54/4580/3593
f 949/4711/3860 4041/4678/3886 948/4709/3859
f 950/4712/3861 4042/4676/3884 949/4711/3860
f 951/4653/3858 4043/4679/3887 950/4712/3861
f 891/4710/3591 4045/4677/3885 890/4713/3594
f 890/4713/3594 4049/4684/3892 889/4714/3595
f 4049/4684/3892 888/4715/3581 889/4714/3595
f 4055/4716/3906 4058/4717/3907 4054/4718/3908
f 4055/4716/3906 4060/4719/3909 4059/4720/3910
f 4056/4721/3911 4061/4722/3912 4060/4719/3909
f 4058/4717/3907 4063/4723/3913 4062/4724/3914
f 4059/4720/3910 4064/4725/3915 4063/4723/3913
f 4060/4719/3909 4065/4726/3916 4064/4725/3915
f 4067/4727/3917 4070/4728/3918 4066/4729/3919
f 4068/4730/3920 4071/4731/3921 4067/4727/3917
f 4068/4730/3920 4073/4732/3922 4072/4733/3923
f 4071/4731/3921 4074/4734/3924 4070/4728/3918
f 4072/4733/3923 4075/4735/3925 4071/4731/3921
f 4073/4732/3922 4076/4736/3926 4072/4733/3923
f 4079/4737/3927 4082/4738/3928 4078/4739/3929
f 4080/4740/3930 4083/4741/3931 4079/4737/3927
f 4081/4742/3932 4084/4743/3933 4080/4740/3930
f 4083/4741/3931 4086/4744/3934 4082/4738/3928
f 4084/4743/3933 4087/4745/3935 4083/4741/3931
f 4085/4746/3936 4088/4747/3937 4084/4743/3933
f 4075/4735/3925 4057/4748/3938 4074/4734/3924
f 4076/4736/3926 4061/4749/3912 4075/4735/3925
f 4087/4745/3935 4069/4750/3939 4086/4744/3934
f 4088/4747/3937 4073/4751/3922 4087/4745/3935
f 4062/4724/3914 4085/4752/3936 4081/4753/3932
f 4063/4723/3913 4089/4754/3940 4085/4752/3936
f 4064/4725/3915 4053/4755/3941 4089/4754/3940
f 4076/4736/3926 4053/4755/3941 4065/4726/3916
f 4088/4747/3937 4053/4755/3941 4077/4756/3942
f 955/4757/3943 703/4758/3944 42/4090/3429
f 955/4757/3943 4055/4716/3906 4054/4718/3908
f 956/4759/3945 4056/4721/3911 4055/4716/3906
f 957/4760/3946 4057/4761/3938 4056/4721/3911
f 703/4758/3944 4058/4717/3907 704/4762/3947
f 704/4762/3947 4062/4724/3914 705/4763/3948
f 705/4763/3948 4081/4753/3932 706/4764/3949
f 752/4270/3583 961/4765/3950 52/4271/3584
f 753/4275/3588 4066/4729/3919 752/4270/3583
f 753/4275/3588 4068/4730/3920 4067/4727/3917
f 754/4276/3589 4069/4766/3939 4068/4730/3920
f 4066/4729/3919 960/4767/3951 961/4765/3950
f 4070/4728/3918 959/4768/3952 960/4767/3951
f 4074/4734/3924 958/4769/3953 959/4768/3952
f 709/4770/3954 758/4771/3574 43/4262/3576
f 708/4772/3955 4078/4739/3929 709/4770/3954
f 707/4773/3956 4079/4737/3927 708/4772/3955
f 706/4764/3949 4080/4740/3930 707/4773/3956
f 4078/4739/3929 757/4774/3577 758/4771/3574
f 4082/4738/3928 756/4775/3578 757/4774/3577
f 4086/4744/3934 755/4776/3590 756/4775/3578
f 4092/4777/3957 4095/4778/3958 4091/4779/3959
f 4093/4780/3960 4096/4781/3961 4092/4777/3957
f 4094/4782/3962 4097/4783/3963 4093/4780/3960
f 4096/4781/3961 4099/4784/3964 4095/4778/3958
f 4097/4783/3963 4100/4785/3965 4096/4781/3961
f 4098/4786/3966 4101/4787/3967 4097/4783/3963
f 4104/4788/3968 4107/4789/3969 4103/4790/3970
f 4105/4791/3971 4108/4792/3972 4104/4788/3968
f 4106/4793/3973 4109/4794/3974 4105/4791/3971
f 4108/4792/3972 4111/4795/3975 4107/4789/3969
f 4109/4794/3974 4112/4796/3976 4108/4792/3972
f 4110/4797/3977 4113/4798/3978 4109/4794/3974
f 4116/4799/3979 4119/4800/3980 4115/4801/3981
f 4117/4802/3982 4120/4803/3983 4116/4799/3979
f 4117/4802/3982 4122/4804/3984 4121/4805/3985
f 4120/4803/3983 4123/4806/3986 4119/4800/3980
f 4121/4805/3985 4124/4807/3987 4120/4803/3983
f 4121/4805/3985 4126/4808/3988 4125/4809/3989
f 4112/4796/3976 4094/4810/3962 4111/4795/3975
f 4112/4796/3976 4102/4811/3990 4098/4812/3966
f 4124/4807/3987 4106/4793/3973 4123/4806/3986
f 4124/4807/3987 4114/4813/3991 4110/4814/3977
f 4100/4785/3965 4118/4815/3992 4099/4784/3964
f 4101/4787/3967 4122/4804/3984 4100/4785/3965
f 4101/4787/3967 4090/4816/3993 4126/4808/3988
f 4113/4798/3978 4090/4816/3993 4102/4811/3990
f 4125/4809/3989 4090/4816/3993 4114/4813/3991
f 962/4817/3428 955/4757/3943 42/4090/3429
f 963/4818/3432 4091/4779/3959 962/4817/3428
f 964/4819/3433 4092/4777/3957 963/4818/3432
f 965/4820/3426 4093/4780/3960 964/4819/3433
f 4091/4779/3959 956/4821/3945 955/4757/3943
f 4095/4778/3958 957/4760/3946 956/4821/3945
f 4099/4784/3964 958/4822/3953 957/4760/3946
f 975/4823/3994 968/4081/3423 47/3963/3325
f 974/4824/3995 4103/4790/3970 975/4823/3994
f 973/4825/3996 4104/4788/3968 974/4824/3995
f 972/4826/3997 4105/4791/3971 973/4825/3996
f 4103/4790/3970 967/4827/3424 968/4081/3423
f 4107/4789/3969 966/4828/3425 967/4827/3424
f 966/4828/3425 4094/4810/3962 965/4829/3426
f 961/4830/3950 969/4831/3998 52/4271/3584
f 960/4832/3951 4115/4801/3981 961/4830/3950
f 959/4833/3952 4116/4799/3979 960/4832/3951
f 959/4833/3952 4118/4834/3992 4117/4802/3982
f 4115/4801/3981 970/4835/3999 969/4831/3998
f 4119/4800/3980 971/4836/4000 970/4835/3999
f 4123/4806/3986 972/4837/3997 971/4836/4000
f 4129/4838/4001 4132/4839/4002 4128/4840/4003
f 4129/4838/4001 4134/4841/4004 4133/4842/4005
f 4130/4843/4006 4135/4844/4007 4134/4841/4004
f 4132/4839/4002 4137/4845/4008 4136/4846/4009
f 4133/4842/4005 4138/4847/4010 4137/4845/4008
f 4134/4841/4004 4139/4848/4011 4138/4847/4010
f 4141/4849/4012 4144/4850/4013 4140/4851/4014
f 4142/4852/4015 4145/4853/4016 4141/4849/4012
f 4143/4854/4017 4146/4855/4018 4142/4852/4015
f 4145/4853/4016 4148/4856/4019 4144/4850/4013
f 4146/4855/4018 4149/4857/4020 4145/4853/4016
f 4147/4858/4021 4150/4859/4022 4146/4855/4018
f 4153/4860/4023 4156/4861/4024 4152/4862/4025
f 4154/4863/4026 4157/4864/4027 4153/4860/4023
f 4155/4865/4028 4158/4866/4029 4154/4863/4026
f 4157/4864/4027 4160/4867/4030 4156/4861/4024
f 4157/4864/4027 4162/4868/4031 4161/4869/4032
f 4158/4866/4029 4163/4870/4033 4162/4868/4031
f 4149/4857/4020 4131/4871/4034 4148/4856/4019
f 4150/4859/4022 4135/4844/4007 4149/4857/4020
f 4160/4867/4030 4147/4858/4021 4143/4854/4017
f 4161/4869/4032 4151/4872/4035 4147/4858/4021
f 4136/4846/4009 4159/4873/4036 4155/4874/4028
f 4137/4845/4008 4163/4870/4033 4159/4873/4036
f 4138/4847/4010 4127/4875/4037 4163/4870/4033
f 4150/4859/4022 4127/4875/4037 4139/4848/4011
f 4162/4868/4031 4127/4875/4037 4151/4872/4035
f 849/4876/4038 975/4823/3994 47/3963/3325
f 848/4877/4039 4128/4840/4003 849/4876/4038
f 848/4877/4039 4130/4843/4006 4129/4838/4001
f 847/4878/4040 4131/4879/4034 4130/4843/4006
f 4128/4840/4003 974/4824/3995 975/4823/3994
f 974/4824/3995 4136/4846/4009 973/4880/3996
f 973/4880/3996 4155/4874/4028 972/4837/3997
f 871/4881/3734 843/4882/4041 49/2443/2046
f 872/4466/3735 4140/4851/4014 871/4881/3734
f 873/4883/3736 4141/4849/4012 872/4466/3735
f 874/4459/3733 4142/4852/4015 873/4883/3736
f 4140/4851/4014 844/4884/4042 843/4882/4041
f 4144/4850/4013 845/4885/4043 844/4884/4042
f 4148/4856/4019 846/4886/4044 845/4885/4043
f 969/4831/3998 877/4456/3730 52/4271/3584
f 970/4887/3999 4152/4862/4025 969/4831/3998
f 971/4888/4000 4153/4860/4023 970/4887/3999
f 972/4826/3997 4154/4863/4026 971/4888/4000
f 4152/4862/4025 876/4889/3731 877/4456/3730
f 4156/4861/4024 875/4458/3732 876/4889/3731
f 875/4458/3732 4143/4854/4017 874/4890/3733
f 4166/4891/4045 4169/4892/4046 4165/4893/4047
f 4166/4891/4045 4171/4894/4048 4170/4895/4049
f 4167/4896/4050 4172/4897/4051 4171/4894/4048
f 4169/4892/4046 4174/4898/4052 4173/4899/4053
f 4170/4895/4049 4175/4900/4054 4174/4898/4052
f 4171/4894/4048 4176/4901/4055 4175/4900/4054
f 4178/4902/4056 4181/4903/4057 4177/4904/4058
f 4178/4902/4056 4183/4905/4059 4182/4906/4060
f 4179/4907/4061 4184/4908/4062 4183/4905/4059
f 4182/4906/4060 4185/4909/4063 4181/4903/4057
f 4182/4906/4060 4187/4910/4064 4186/4911/4065
f 4183/4905/4059 4188/4912/4066 4187/4910/4064
f 4190/4913/4067 4193/4914/4068 4189/4915/4069
f 4191/4916/4070 4194/4917/4071 4190/4913/4067
f 4192/4918/4072 4195/4919/4073 4191/4916/4070
f 4194/4917/4071 4197/4920/4074 4193/4914/4068
f 4195/4919/4073 4198/4921/4075 4194/4917/4071
f 4196/4922/4076 4199/4923/4077 4195/4919/4073
f 4186/4911/4065 4168/4924/4078 4185/4909/4063
f 4186/4911/4065 4176/4901/4055 4172/4925/4051
f 4198/4921/4075 4180/4926/4079 4197/4920/4074
f 4199/4923/4077 4184/4927/4062 4198/4921/4075
f 4173/4899/4053 4196/4928/4076 4192/4918/4072
f 4174/4898/4052 4200/4929/4080 4196/4928/4076
f 4175/4900/4054 4164/4930/4081 4200/4929/4080
f 4187/4910/4064 4164/4930/4081 4176/4901/4055
f 4200/4929/4080 4188/4912/4066 4199/4923/4077
f 976/4931/4082 717/4932/4083 45/4026/3377
f 976/4931/4082 4166/4891/4045 4165/4893/4047
f 977/4933/4084 4167/4896/4050 4166/4891/4045
f 978/4934/4085 4168/4935/4078 4167/4896/4050
f 717/4932/4083 4169/4892/4046 718/4936/4086
f 718/4936/4086 4173/4899/4053 719/4937/4087
f 719/4937/4087 4192/4918/4072 720/4938/4088
f 738/4146/3479 982/4939/4089 50/4147/3480
f 739/4151/3484 4177/4904/4058 738/4146/3479
f 739/4151/3484 4179/4907/4061 4178/4902/4056
f 740/4940/3485 4180/4941/4079 4179/4907/4061
f 4177/4904/4058 981/4942/4090 982/4939/4089
f 981/4942/4090 4185/4909/4063 980/4943/4091
f 4185/4909/4063 979/4944/4092 980/4943/4091
f 723/4945/4093 744/4946/3471 46/3280/2746
f 722/4947/4094 4189/4915/4069 723/4945/4093
f 721/4948/4095 4190/4913/4067 722/4947/4094
f 720/4949/4088 4191/4916/4070 721/4948/4095
f 4189/4915/4069 743/4950/3473 744/4946/3471
f 4193/4914/4068 742/4951/3474 743/4950/3473
f 4197/4920/4074 741/4952/3486 742/4951/3474
f 4203/4953/4096 4206/4954/4097 4202/4955/4098
f 4204/4956/4099 4207/4957/4100 4203/4953/4096
f 4205/4958/4101 4208/4959/4102 4204/4956/4099
f 4207/4957/4100 4210/4960/4103 4206/4954/4097
f 4208/4959/4102 4211/4961/4104 4207/4957/4100
f 4209/4962/4105 4212/4963/4106 4208/4959/4102
f 4215/4964/4107 4218/4965/4108 4214/4966/4109
f 4216/4967/4110 4219/4968/4111 4215/4964/4107
f 4217/4969/4112 4220/4970/4113 4216/4967/4110
f 4219/4968/4111 4222/4971/4114 4218/4965/4108
f 4220/4970/4113 4223/4972/4115 4219/4968/4111
f 4220/4970/4113 4225/4973/4116 4224/4974/4117
f 4227/4975/4118 4230/4976/4119 4226/4977/4120
f 4228/4978/4121 4231/4979/4122 4227/4975/4118
f 4229/4980/4123 4232/4981/4124 4228/4978/4121
f 4231/4979/4122 4234/4982/4125 4230/4976/4119
f 4232/4981/4124 4235/4983/4126 4231/4979/4122
f 4232/4981/4124 4237/4984/4127 4236/4985/4128
f 4223/4972/4115 4205/4986/4101 4222/4971/4114
f 4223/4972/4115 4213/4987/4129 4209/4988/4105
f 4235/4983/4126 4217/4969/4112 4234/4982/4125
f 4235/4983/4126 4225/4973/4116 4221/4989/4130
f 4211/4961/4104 4229/4990/4123 4210/4960/4103
f 4212/4963/4106 4233/4991/4131 4211/4961/4104
f 4212/4963/4106 4201/4992/4132 4237/4984/4127
f 4224/4974/4117 4201/4992/4132 4213/4987/4129
f 4236/4985/4128 4201/4992/4132 4225/4973/4116
f 983/4993/3376 976/4994/4082 45/4026/3377
f 984/4995/3380 4202/4955/4098 983/4993/3376
f 985/4996/3381 4203/4953/4096 984/4995/3380
f 986/4032/3373 4204/4956/4099 985/4996/3381
f 4202/4955/4098 977/4997/4084 976/4994/4082
f 4206/4954/4097 978/4934/4085 977/4997/4084
f 4210/4960/4103 979/4944/4092 978/4934/4085
f 996/4998/4133 989/4017/3371 41/3845/3220
f 995/4999/4134 4214/4966/4109 996/4998/4133
f 994/5000/4135 4215/4964/4107 995/4999/4134
f 993/5001/4136 4216/4967/4110 994/5000/4135
f 4214/4966/4109 988/5002/3372 989/4017/3371
f 4218/4965/4108 987/4021/3374 988/5002/3372
f 4222/4971/4114 986/4032/3373 987/4021/3374
f 982/5003/4089 990/5004/4137 50/4147/3480
f 981/5005/4090 4226/4977/4120 982/5003/4089
f 980/5006/4091 4227/4975/4118 981/5005/4090
f 979/4944/4092 4228/4978/4121 980/5006/4091
f 4226/4977/4120 991/5007/4138 990/5004/4137
f 4230/4976/4119 992/5008/4139 991/5007/4138
f 4234/4982/4125 993/5009/4136 992/5008/4139
f 4240/5010/4140 4243/5011/4141 4239/5012/4142
f 4241/5013/4143 4244/5014/4144 4240/5010/4140
f 4241/5013/4143 4246/5015/4145 4245/5016/4146
f 4244/5014/4144 4247/5017/4147 4243/5011/4141
f 4245/5016/4146 4248/5018/4148 4244/5014/4144
f 4245/5016/4146 4250/5019/4149 4249/5020/4150
f 4252/5021/4151 4255/5022/4152 4251/5023/4153
f 4253/5024/4154 4256/5025/4155 4252/5021/4151
f 4254/5026/4156 4257/5027/4157 4253/5024/4154
f 4256/5025/4155 4259/5028/4158 4255/5022/4152
f 4257/5027/4157 4260/5029/4159 4256/5025/4155
f 4257/5027/4157 4262/5030/4160 4261/5031/4161
f 4264/5032/4162 4267/5033/4163 4263/5034/4164
f 4265/5035/4165 4268/5036/4166 4264/5032/4162
f 4266/5037/4167 4269/5038/4168 4265/5035/4165
f 4268/5036/4166 4271/5039/4169 4267/5033/4163
f 4269/5038/4168 4272/5040/4170 4268/5036/4166
f 4269/5038/4168 4274/5041/4171 4273/5042/4172
f 4260/5029/4159 4242/5043/4173 4259/5028/4158
f 4260/5029/4159 4250/5019/4149 4246/5044/4145
f 4271/5039/4169 4258/5045/4174 4254/5026/4156
f 4272/5040/4170 4262/5030/4160 4258/5045/4174
f 4248/5018/4148 4266/5046/4167 4247/5017/4147
f 4248/5018/4148 4274/5041/4171 4270/5047/4175
f 4249/5020/4150 4238/5048/4176 4274/5041/4171
f 4261/5031/4161 4238/5048/4176 4250/5019/4149
f 4273/5042/4172 4238/5048/4176 4262/5030/4160
f 821/5049/4177 996/4998/4133 41/3845/3220
f 820/5050/4178 4239/5012/4142 821/5049/4177
f 820/5050/4178 4241/5013/4143 4240/5010/4140
f 819/5051/4179 4242/5043/4173 4241/5013/4143
f 4239/5012/4142 995/4999/4134 996/4998/4133
f 995/4999/4134 4247/5017/4147 994/5052/4135
f 994/5052/4135 4266/5046/4167 993/5053/4136
f 857/4701/3903 815/5054/4180 43/4262/3576
f 858/4706/3904 4251/5023/4153 857/4701/3903
f 859/5055/3905 4252/5021/4151 858/4706/3904
f 860/4708/3902 4253/5024/4154 859/5055/3905
f 4251/5023/4153 816/5056/4181 815/5054/4180
f 4255/5022/4152 817/5057/4182 816/5056/4181
f 4259/5028/4158 818/5058/4183 817/5057/4182
f 990/5004/4137 863/4694/3899 50/4147/3480
f 991/5059/4138 4263/5034/4164 990/5004/4137
f 991/5059/4138 4265/5035/4165 4264/5032/4162
f 992/5060/4139 4266/5037/4167 4265/5035/4165
f 4263/5034/4164 862/4695/3900 863/4694/3899
f 862/4695/3900 4271/5039/4169 861/4696/3901
f 861/4696/3901 4254/5026/4156 860/5061/3902
f 4277/5062/4184 4280/5063/4185 4276/5064/4186
f 4278/5065/4187 4281/5066/4188 4277/5062/4184
f 4279/5067/4189 4282/5068/4190 4278/5065/4187
f 4281/5066/4188 4284/5069/4191 4280/5063/4185
f 4282/5068/4190 4285/5070/4192 4281/5066/4188
f 4283/5071/4193 4286/5072/4194 4282/5068/4190
f 4288/5073/4195 4293/5074/4196 4292/5075/4197
f 4290/5076/4198 4293/5074/4196 4289/5077/4199
f 4291/5078/4200 4294/5079/4201 4290/5076/4198
f 4292/5075/4197 4297/5080/4202 4296/5081/4203
f 4293/5074/4196 4298/5082/4204 4297/5080/4202
f 4295/5083/4205 4298/5082/4204 4294/5079/4201
f 4300/5084/4206 4305/5085/4207 4304/5086/4208
f 4301/5087/4209 4306/5088/4210 4305/5085/4207
f 4302/5089/4211 4307/5090/4212 4306/5088/4210
f 4304/5086/4208 4309/5091/4213 4308/5092/4214
f 4305/5085/4207 4310/5093/4215 4309/5091/4213
f 4306/5088/4210 4311/5094/4216 4310/5093/4215
f 4296/5081/4203 4283/5095/4193 4279/5096/4189
f 4297/5080/4202 4287/5097/4217 4283/5095/4193
f 4308/5092/4214 4295/5083/4205 4291/5098/4200
f 4309/5091/4213 4299/5099/4218 4295/5083/4205
f 4285/5070/4192 4303/5100/4219 4284/5069/4191
f 4286/5072/4194 4307/5090/4212 4285/5070/4192
f 4287/5097/4217 4311/5094/4216 4286/5072/4194
f 4298/5082/4204 4275/5101/4220 4287/5097/4217
f 4310/5093/4215 4275/5101/4220 4299/5099/4218
f 997/5102/4221 849/4876/4038 47/3963/3325
f 998/5103/4222 4276/5064/4186 997/5102/4221
f 999/5104/4223 4277/5062/4184 998/5103/4222
f 1000/5105/4224 4278/5065/4187 999/5104/4223
f 4276/5064/4186 848/5106/4039 849/4876/4038
f 4280/5063/4185 847/5107/4040 848/5106/4039
f 4284/5069/4191 846/4886/4044 847/5107/4040
f 48/1717/1411 4288/5073/4195 1003/5108/4225
f 731/1715/1409 4289/5077/4199 4288/5073/4195
f 733/1713/1407 4289/5077/4199 732/1714/1408
f 734/1712/1406 4290/5076/4198 733/1713/1407
f 1003/5108/4225 4292/5075/4197 1002/5109/4226
f 1002/5109/4226 4296/5081/4203 1001/5110/4227
f 1001/5110/4227 4279/5096/4189 1000/5111/4224
f 49/2443/2046 4300/5084/4206 737/5112/1403
f 843/5113/4041 4301/5087/4209 4300/5084/4206
f 844/5114/4042 4302/5089/4211 4301/5087/4209
f 845/4885/4043 4303/5115/4219 4302/5089/4211
f 737/5112/1403 4304/5086/4208 736/5116/1404
f 736/5116/1404 4308/5092/4214 735/5117/1405
f 735/5117/1405 4291/5098/4200 734/5118/1406
f 4314/5119/4228 4317/5120/4229 4313/5121/4230
f 4315/5122/4231 4318/5123/4232 4314/5119/4228
f 4316/5124/4233 4319/5125/4234 4315/5122/4231
f 4318/5123/4232 4321/5126/4235 4317/5120/4229
f 4319/5125/4234 4322/5127/4236 4318/5123/4232
f 4320/5128/4237 4323/5129/4238 4319/5125/4234
f 4326/5130/4239 4329/5131/4240 4325/5132/4241
f 4327/5133/4242 4330/5134/4243 4326/5130/4239
f 4328/5135/4244 4331/5136/4245 4327/5133/4242
f 4330/5134/4243 4333/5137/4246 4329/5131/4240
f 4331/5136/4245 4334/5138/4247 4330/5134/4243
f 4331/5136/4245 4336/5139/4248 4335/5140/4249
f 4338/5141/4250 4341/5142/4251 4337/5143/4252
f 4339/5144/4253 4342/5145/4254 4338/5141/4250
f 4340/5146/4255 4343/5147/4256 4339/5144/4253
f 4342/5145/4254 4345/5148/4257 4341/5142/4251
f 4343/5147/4256 4346/5149/4258 4342/5145/4254
f 4344/5150/4259 4347/5151/4260 4343/5147/4256
f 4334/5138/4247 4316/5152/4233 4333/5137/4246
f 4335/5140/4249 4320/5153/4237 4334/5138/4247
f 4346/5149/4258 4328/5154/4244 4345/5148/4257
f 4347/5151/4260 4332/5155/4261 4346/5149/4258
f 4321/5126/4235 4344/5150/4259 4340/5156/4255
f 4322/5127/4236 4348/5157/4262 4344/5150/4259
f 4323/5129/4238 4312/5158/4263 4348/5157/4262
f 4335/5140/4249 4312/5158/4263 4324/5159/4264
f 4347/5151/4260 4312/5158/4263 4336/5139/4248
f 1004/5160/3324 997/5161/4221 47/3963/3325
f 1005/5162/3328 4313/5121/4230 1004/5160/3324
f 1006/3967/3329 4314/5119/4228 1005/5162/3328
f 1007/5163/3319 4315/5122/4231 1006/3967/3329
f 4313/5121/4230 998/5164/4222 997/5161/4221
f 4317/5120/4229 999/5104/4223 998/5164/4222
f 999/5104/4223 4340/5156/4255 1000/5165/4224
f 1017/5166/4265 1010/5167/3315 40/2374/1981
f 1016/5168/4266 4325/5132/4241 1017/5166/4265
f 1015/5169/4267 4326/5130/4239 1016/5168/4266
f 1014/5170/4268 4327/5133/4242 1015/5169/4267
f 4325/5132/4241 1009/5171/3317 1010/5167/3315
f 1009/5171/3317 4333/5137/4246 1008/5172/3318
f 1008/5172/3318 4316/5152/4233 1007/5173/3319
f 1003/5174/4225 1011/5175/4269 48/1717/1411
f 1002/5109/4226 4337/5143/4252 1003/5174/4225
f 1001/5176/4227 4338/5141/4250 1002/5109/4226
f 1000/5165/4224 4339/5144/4253 1001/5176/4227
f 4337/5143/4252 1012/5177/4270 1011/5175/4269
f 4341/5142/4251 1013/5178/4271 1012/5177/4270
f 4345/5148/4257 1014/5179/4268 1013/5178/4271
f 4350/5180/4272 4355/5181/4273 4354/5182/4274
f 4351/5183/4275 4356/5184/4276 4355/5181/4273
f 4352/5185/4277 4357/5186/4278 4356/5184/4276
f 4354/5182/4274 4359/5187/4279 4358/5188/4280
f 4355/5181/4273 4360/5189/4281 4359/5187/4279
f 4356/5184/4276 4361/5190/4282 4360/5189/4281
f 4363/5191/4283 4366/5192/4284 4362/5193/4285
f 4364/5194/4286 4367/5195/4287 4363/5191/4283
f 4365/5196/4288 4368/5197/4289 4364/5194/4286
f 4367/5195/4287 4370/5198/4290 4366/5192/4284
f 4368/5197/4289 4371/5199/4291 4367/5195/4287
f 4369/5200/4292 4372/5201/4293 4368/5197/4289
f 4374/5202/4294 4379/5203/4295 4378/5204/4296
f 4375/5205/4297 4380/5206/4298 4379/5203/4295
f 4376/5207/4299 4381/5208/4300 4380/5206/4298
f 4378/5204/4296 4383/5209/4301 4382/5210/4302
f 4379/5203/4295 4384/5211/4303 4383/5209/4301
f 4380/5206/4298 4385/5212/4304 4384/5211/4303
f 4371/5199/4291 4353/5213/4305 4370/5198/4290
f 4372/5201/4293 4357/5214/4278 4371/5199/4291
f 4382/5210/4302 4369/5215/4292 4365/5216/4288
f 4383/5209/4301 4373/5217/4306 4369/5215/4292
f 4359/5187/4279 4377/5218/4307 4358/5188/4280
f 4359/5187/4279 4385/5212/4304 4381/5208/4300
f 4360/5189/4281 4349/5219/4308 4385/5212/4304
f 4373/5217/4306 4361/5190/4282 4372/5201/4293
f 4384/5211/4303 4349/5219/4308 4373/5217/4306
f 40/2374/1981 4350/5180/4272 1017/5166/4265
f 814/2373/1980 4351/5183/4275 4350/5180/4272
f 813/2372/1979 4352/5185/4277 4351/5183/4275
f 812/2371/1978 4353/5220/4305 4352/5185/4277
f 1017/5166/4265 4354/5182/4274 1016/5221/4266
f 1016/5221/4266 4358/5188/4280 1015/5222/4267
f 1015/5222/4267 4377/5218/4307 1014/5223/4268
f 850/3405/2858 808/5224/1974 57/2366/1973
f 851/3404/2857 4362/5193/4285 850/3405/2858
f 852/3403/2856 4363/5191/4283 851/3404/2857
f 853/3402/2855 4364/5194/4286 852/3403/2856
f 4362/5193/4285 809/5225/1975 808/5224/1974
f 4366/5192/4284 810/5226/1976 809/5225/1975
f 4370/5198/4290 811/5227/1977 810/5226/1976
f 48/1717/1411 4374/5202/4294 856/5228/2852
f 1011/5229/4269 4375/5205/4297 4374/5202/4294
f 1012/5177/4270 4376/5207/4299 4375/5205/4297
f 1013/5230/4271 4377/5231/4307 4376/5207/4299
f 856/5228/2852 4378/5204/4296 855/5232/2853
f 855/5232/2853 4382/5210/4302 854/3401/2854
f 854/3401/2854 4365/5216/4288 853/5233/2855
f 4387/5234/4309 4392/5235/4310 4391/5236/4311
f 4388/5237/4312 4393/5238/4313 4392/5235/4310
f 4389/5239/4314 4394/5240/4315 4393/5238/4313
f 4392/5235/4310 4395/5241/4316 4391/5236/4311
f 4392/5235/4310 4397/5242/4317 4396/5243/4318
f 4393/5238/4313 4398/5244/4319 4397/5242/4317
f 4400/5245/4320 4403/5246/4321 4399/5247/4322
f 4401/5248/4323 4404/5249/4324 4400/5245/4320
f 4402/5250/4325 4405/5251/4326 4401/5248/4323
f 4404/5249/4324 4407/5252/4327 4403/5246/4321
f 4405/5251/4326 4408/5253/4328 4404/5249/4324
f 4406/5254/4329 4409/5255/4330 4405/5251/4326
f 4411/5256/4331 4416/5257/4332 4415/5258/4333
f 4412/5259/4334 4417/5260/4335 4416/5257/4332
f 4413/5261/4336 4418/5262/4337 4417/5260/4335
f 4415/5258/4333 4420/5263/4338 4419/5264/4339
f 4416/5257/4332 4421/5265/4340 4420/5263/4338
f 4417/5260/4335 4422/5266/4341 4421/5265/4340
f 4408/5253/4328 4390/5267/4342 4407/5252/4327
f 4409/5255/4330 4394/5268/4315 4408/5253/4328
f 4419/5264/4339 4406/5254/4329 4402/5269/4325
f 4420/5263/4338 4410/5270/4343 4406/5254/4329
f 4396/5243/4318 4414/5271/4344 4395/5241/4316
f 4397/5242/4317 4418/5262/4337 4396/5243/4318
f 4397/5242/4317 4386/5272/4345 4422/5266/4341
f 4410/5270/4343 4398/5244/4319 4409/5255/4330
f 4421/5265/4340 4386/5272/4345 4410/5270/4343
f 44/3529/2952 4387/5234/4309 835/5273/2739
f 1018/5274/4346 4388/5237/4312 4387/5234/4309
f 1019/5275/4347 4389/5239/4314 4388/5237/4312
f 1020/5276/4348 4390/5277/4342 4389/5239/4314
f 835/5273/2739 4391/5236/4311 834/3274/2740
f 4391/5236/4311 833/5278/2741 834/3274/2740
f 4395/5241/4316 832/5279/2742 833/5278/2741
f 717/4932/4083 1024/5280/4349 45/4026/3377
f 718/5281/4086 4399/5247/4322 717/4932/4083
f 719/5282/4087 4400/5245/4320 718/5281/4086
f 720/5283/4088 4401/5248/4323 719/5282/4087
f 4399/5247/4322 1023/5284/4350 1024/5280/4349
f 4403/5246/4321 1022/5285/4351 1023/5284/4350
f 4407/5252/4327 1021/5286/4352 1022/5285/4351
f 46/3280/2746 4411/5256/4331 723/5287/4093
f 829/3279/2745 4412/5259/4334 4411/5256/4331
f 830/3278/2744 4413/5261/4336 4412/5259/4334
f 831/3277/2743 4414/5288/4344 4413/5261/4336
f 723/5287/4093 4415/5258/4333 722/4947/4094
f 722/4947/4094 4419/5264/4339 721/5289/4095
f 721/5289/4095 4402/5269/4325 720/4949/4088
f 4425/5290/4353 4428/5291/4354 4424/5292/4355
f 4426/5293/4356 4429/5294/4357 4425/5290/4353
f 4427/5295/4358 4430/5296/4359 4426/5293/4356
f 4429/5294/4357 4432/5297/4360 4428/5291/4354
f 4430/5296/4359 4433/5298/4361 4429/5294/4357
f 4431/5299/4362 4434/5300/4363 4430/5296/4359
f 4437/5301/4364 4440/5302/4365 4436/5303/4366
f 4438/5304/4367 4441/5305/4368 4437/5301/4364
f 4438/5304/4367 4443/5306/4369 4442/5307/4370
f 4441/5305/4368 4444/5308/4371 4440/5302/4365
f 4441/5305/4368 4446/5309/4372 4445/5310/4373
f 4442/5307/4370 4447/5311/4374 4446/5309/4372
f 4449/5312/4375 4452/5313/4376 4448/5314/4377
f 4450/5315/4378 4453/5316/4379 4449/5312/4375
f 4450/5315/4378 4455/5317/4380 4454/5318/4381
f 4453/5316/4379 4456/5319/4382 4452/5313/4376
f 4454/5318/4381 4457/5320/4383 4453/5316/4379
f 4454/5318/4381 4459/5321/4384 4458/5322/4385
f 4444/5308/4371 4431/5323/4362 4427/5295/4358
f 4445/5310/4373 4435/5324/4386 4431/5323/4362
f 4457/5320/4383 4439/5325/4387 4456/5319/4382
f 4458/5322/4385 4443/5306/4369 4457/5320/4383
f 4433/5298/4361 4451/5326/4388 4432/5297/4360
f 4434/5300/4363 4455/5327/4380 4433/5298/4361
f 4434/5300/4363 4423/5328/4389 4459/5321/4384
f 4446/5309/4372 4423/5328/4389 4435/5324/4386
f 4458/5322/4385 4423/5328/4389 4447/5311/4374
f 1025/3900/3267 1018/5274/4346 44/3529/2952
f 1026/5329/3268 4424/5292/4355 1025/3900/3267
f 1027/5330/3269 4425/5290/4353 1026/5329/3268
f 1028/5331/3265 4426/5293/4356 1027/5330/3269
f 4424/5292/4355 1019/5332/4347 1018/5274/4346
f 4428/5291/4354 1020/5333/4348 1019/5332/4347
f 4432/5297/4360 1021/5334/4352 1020/5333/4348
f 1038/5335/4390 1031/5336/3263 34/2790/2374
f 1038/5335/4390 4437/5301/4364 4436/5303/4366
f 1037/5337/4391 4438/5304/4367 4437/5301/4364
f 1036/5338/4392 4439/5339/4387 4438/5304/4367
f 4436/5303/4366 1030/5340/3264 1031/5336/3263
f 4440/5302/4365 1029/3897/3266 1030/5340/3264
f 1029/3897/3266 4427/5295/4358 1028/3896/3265
f 1024/5341/4349 1032/5342/4393 45/4026/3377
f 1023/5343/4350 4448/5314/4377 1024/5341/4349
f 1022/5344/4351 4449/5312/4375 1023/5343/4350
f 1022/5344/4351 4451/5326/4388 4450/5315/4378
f 4448/5314/4377 1033/5345/4394 1032/5342/4393
f 4452/5313/4376 1034/5346/4395 1033/5345/4394
f 4456/5319/4382 1035/5347/4396 1034/5346/4395
f 4462/5348/4397 4465/5349/4398 4461/5350/4399
f 4463/5351/4400 4466/5352/4401 4462/5348/4397
f 4464/5353/4402 4467/5354/4403 4463/5351/4400
f 4466/5352/4401 4469/5355/4404 4465/5349/4398
f 4467/5354/4403 4470/5356/4405 4466/5352/4401
f 4468/5357/4406 4471/5358/4407 4467/5354/4403
f 4474/5359/4408 4477/5360/4409 4473/5361/4410
f 4475/5362/4411 4478/5363/4412 4474/5359/4408
f 4476/5364/4413 4479/5365/4414 4475/5362/4411
f 4478/5363/4412 4481/5366/4415 4477/5360/4409
f 4479/5365/4414 4482/5367/4416 4478/5363/4412
f 4480/5368/4417 4483/5369/4418 4479/5365/4414
f 4486/5370/4419 4489/5371/4420 4485/5372/4421
f 4486/5370/4419 4491/5373/4422 4490/5374/4423
f 4487/5375/4424 4492/5376/4425 4491/5373/4422
f 4489/5371/4420 4494/5377/4426 4493/5378/4427
f 4490/5374/4423 4495/5379/4428 4494/5377/4426
f 4491/5373/4422 4496/5380/4429 4495/5379/4428
f 4481/5366/4415 4468/5381/4406 4464/5382/4402
f 4482/5367/4416 4472/5383/4430 4468/5381/4406
f 4493/5378/4427 4480/5384/4417 4476/5385/4413
f 4494/5377/4426 4484/5386/4431 4480/5384/4417
f 4470/5356/4405 4488/5387/4432 4469/5355/4404
f 4471/5358/4407 4492/5388/4425 4470/5356/4405
f 4471/5358/4407 4460/5389/4433 4496/5380/4429
f 4483/5369/4418 4460/5389/4433 4472/5383/4430
f 4495/5379/4428 4460/5389/4433 4484/5386/4431
f 793/5390/4434 1038/5391/4390 34/2790/2374
f 792/5392/4435 4461/5350/4399 793/5390/4434
f 791/5393/4436 4462/5348/4397 792/5392/4435
f 790/5394/4437 4463/5351/4400 791/5393/4436
f 4461/5350/4399 1037/5395/4391 1038/5391/4390
f 4465/5349/4398 1036/5396/4392 1037/5395/4391
f 4469/5355/4404 1035/5397/4396 1036/5396/4392
f 836/5398/3367 787/5399/4438 33/3701/3101
f 837/5400/3368 4473/5361/4410 836/5398/3367
f 838/4015/3369 4474/5359/4408 837/5400/3368
f 839/5401/3370 4475/5362/4411 838/4015/3369
f 4473/5361/4410 788/5402/4439 787/5399/4438
f 4477/5360/4409 789/5403/4440 788/5402/4439
f 4481/5366/4415 790/5404/4437 789/5403/4440
f 1032/5405/4393 842/5406/3375 45/4026/3377
f 1032/5405/4393 4486/5370/4419 4485/5372/4421
f 1034/5346/4395 4486/5370/4419 1033/5407/4394
f 1034/5346/4395 4488/5408/4432 4487/5375/4424
f 4485/5372/4421 841/5409/3378 842/5406/3375
f 4489/5371/4420 840/4029/3379 841/5409/3378
f 840/4029/3379 4476/5385/4413 839/5410/3370
f 4499/5411/4441 4502/5412/4442 4498/5413/4443
f 4500/5414/4444 4503/5415/4445 4499/5411/4441
f 4501/5416/4446 4504/5417/4447 4500/5414/4444
f 4503/5415/4445 4506/5418/4448 4502/5412/4442
f 4504/5417/4447 4507/5419/4449 4503/5415/4445
f 4505/5420/4450 4508/5421/4451 4504/5417/4447
f 4511/5422/4452 4514/5423/4453 4510/5424/4454
f 4512/5425/4455 4515/5426/4456 4511/5422/4452
f 4513/5427/4457 4516/5428/4458 4512/5425/4455
f 4514/5423/4453 4519/5429/4459 4518/5430/4460
f 4515/5426/4456 4520/5431/4461 4519/5429/4459
f 4517/5432/4462 4520/5431/4461 4516/5428/4458
f 4522/5433/4463 4527/5434/4464 4526/5435/4465
f 4523/5436/4466 4528/5437/4467 4527/5434/4464
f 4524/5438/4468 4529/5439/4469 4528/5437/4467
f 4526/5435/4465 4531/5440/4470 4530/5441/4471
f 4527/5434/4464 4532/5442/4472 4531/5440/4470
f 4528/5437/4467 4533/5443/4473 4532/5442/4472
f 4518/5430/4460 4505/5420/4450 4501/5444/4446
f 4519/5429/4459 4509/5445/4474 4505/5420/4450
f 4530/5441/4471 4517/5446/4462 4513/5447/4457
f 4531/5440/4470 4521/5448/4475 4517/5446/4462
f 4507/5419/4449 4525/5449/4476 4506/5418/4448
f 4508/5421/4451 4529/5450/4469 4507/5419/4449
f 4508/5421/4451 4497/5451/4477 4533/5443/4473
f 4521/5448/4475 4509/5445/4474 4520/5431/4461
f 4532/5442/4472 4497/5451/4477 4521/5448/4475
f 1039/5452/4478 821/5049/4177 41/3845/3220
f 1040/5453/4479 4498/5413/4443 1039/5452/4478
f 1041/5454/4480 4499/5411/4441 1040/5453/4479
f 1042/5455/4481 4500/5414/4444 1041/5454/4480
f 4498/5413/4443 820/5050/4178 821/5049/4177
f 4502/5412/4442 819/5456/4179 820/5050/4178
f 4506/5418/4448 818/5457/4183 819/5456/4179
f 703/5458/3944 1045/5459/4482 42/4090/3429
f 704/5460/3947 4510/5424/4454 703/5458/3944
f 705/5461/3948 4511/5422/4452 704/5460/3947
f 706/5462/3949 4512/5425/4455 705/5461/3948
f 1045/5459/4482 4514/5423/4453 1044/5463/4483
f 1044/5463/4483 4518/5430/4460 1043/5464/4484
f 1043/5464/4484 4501/5444/4446 1042/5465/4481
f 43/4262/3576 4522/5433/4463 709/5466/3954
f 815/5054/4180 4523/5436/4466 4522/5433/4463
f 816/5467/4181 4524/5438/4468 4523/5436/4466
f 817/5057/4182 4525/5449/4476 4524/5438/4468
f 709/5466/3954 4526/5435/4465 708/5468/3955
f 708/5468/3955 4530/5441/4471 707/5469/3956
f 707/5469/3956 4513/5447/4457 706/4764/3949
f 4536/5470/4485 4539/5471/4486 4535/5472/4487
f 4537/5473/4488 4540/5474/4489 4536/5470/4485
f 4537/5473/4488 4542/5475/4490 4541/5476/4491
f 4540/5474/4489 4543/5477/4492 4539/5471/4486
f 4540/5474/4489 4545/5478/4493 4544/5479/4494
f 4541/5476/4491 4546/5480/4495 4545/5478/4493
f 4548/5481/4496 4551/5482/4497 4547/5483/4498
f 4549/5484/4499 4552/5485/4500 4548/5481/4496
f 4549/5484/4499 4554/5486/4501 4553/5487/4502
f 4552/5485/4500 4555/5488/4503 4551/5482/4497
f 4553/5487/4502 4556/5489/4504 4552/5485/4500
f 4553/5487/4502 4558/5490/4505 4557/5491/4506
f 4560/5492/4507 4563/5493/4508 4559/5494/4509
f 4561/5495/4510 4564/5496/4511 4560/5492/4507
f 4562/5497/4512 4565/5498/4513 4561/5495/4510
f 4564/5496/4511 4567/5499/4514 4563/5493/4508
f 4565/5498/4513 4568/5500/4515 4564/5496/4511
f 4566/5501/4516 4569/5502/4517 4565/5498/4513
f 4556/5489/4504 4538/5503/4518 4555/5488/4503
f 4557/5491/4506 4542/5504/4490 4556/5489/4504
f 4568/5500/4515 4550/5505/4519 4567/5499/4514
f 4569/5502/4517 4554/5506/4501 4568/5500/4515
f 4543/5477/4492 4566/5507/4516 4562/5497/4512
f 4544/5479/4494 4570/5508/4520 4566/5507/4516
f 4545/5478/4493 4534/5509/4521 4570/5508/4520
f 4557/5491/4506 4534/5509/4521 4546/5480/4495
f 4569/5502/4517 4534/5509/4521 4558/5490/4505
f 1046/5510/3219 1039/5511/4478 41/3845/3220
f 1047/5512/3223 4535/5472/4487 1046/5510/3219
f 1048/3849/3224 4536/5470/4485 1047/5512/3223
f 1048/3849/3224 4538/5513/4518 4537/5473/4488
f 4535/5472/4487 1040/5514/4479 1039/5511/4478
f 1040/5514/4479 4543/5477/4492 1041/5454/4480
f 1041/5454/4480 4562/5497/4512 1042/5515/4481
f 1059/5516/4522 1052/3836/3215 36/3719/3117
f 1058/5517/4523 4547/5483/4498 1059/5516/4522
f 1057/5518/4524 4548/5481/4496 1058/5517/4523
f 1057/5518/4524 4550/5519/4519 4549/5484/4499
f 4547/5483/4498 1051/5520/3216 1052/3836/3215
f 4551/5482/4497 1050/5521/3217 1051/5520/3216
f 4555/5488/4503 1049/5522/3225 1050/5521/3217
f 1045/5523/4482 1053/5524/4525 42/4090/3429
f 1044/5525/4483 4559/5494/4509 1045/5523/4482
f 1043/5526/4484 4560/5492/4507 1044/5525/4483
f 1042/5515/4481 4561/5495/4510 1043/5526/4484
f 4559/5494/4509 1054/5527/4526 1053/5524/4525
f 4563/5493/4508 1055/5528/4527 1054/5527/4526
f 4567/5499/4514 1056/5529/4528 1055/5528/4527
f 4573/5530/4529 4576/5531/4530 4572/5532/4531
f 4574/5533/4532 4577/5534/4533 4573/5530/4529
f 4575/5535/4534 4578/5536/4535 4574/5533/4532
f 4577/5534/4533 4580/5537/4536 4576/5531/4530
f 4578/5536/4535 4581/5538/4537 4577/5534/4533
f 4579/5539/4538 4582/5540/4539 4578/5536/4535
f 4584/5541/4540 4589/5542/4541 4588/5543/4542
f 4585/5544/4543 4590/5545/4544 4589/5542/4541
f 4586/5546/4545 4591/5547/4546 4590/5545/4544
f 4589/5542/4541 4592/5548/4547 4588/5543/4542
f 4589/5542/4541 4594/5549/4548 4593/5550/4549
f 4590/5545/4544 4595/5551/4550 4594/5549/4548
f 4597/5552/4551 4600/5553/4552 4596/5554/4553
f 4597/5552/4551 4602/5555/4554 4601/5556/4555
f 4598/5557/4556 4603/5558/4557 4602/5555/4554
f 4601/5556/4555 4604/5559/4558 4600/5553/4552
f 4601/5556/4555 4606/5560/4559 4605/5561/4560
f 4602/5555/4554 4607/5562/4561 4606/5560/4559
f 4592/5548/4547 4579/5539/4538 4575/5563/4534
f 4593/5550/4549 4583/5564/4562 4579/5539/4538
f 4605/5561/4560 4587/5565/4563 4604/5559/4558
f 4605/5561/4560 4595/5551/4550 4591/5566/4546
f 4581/5538/4537 4599/5567/4564 4580/5537/4536
f 4582/5540/4539 4603/5568/4557 4581/5538/4537
f 4582/5540/4539 4571/5569/4565 4607/5562/4561
f 4594/5549/4548 4571/5569/4565 4583/5564/4562
f 4606/5560/4559 4571/5569/4565 4595/5551/4550
f 800/5570/4566 1059/5516/4522 36/3719/3117
f 799/5571/4567 4572/5532/4531 800/5570/4566
f 798/5572/4568 4573/5530/4529 799/5571/4567
f 797/5573/4569 4574/5533/4532 798/5572/4568
f 4572/5532/4531 1058/5574/4523 1059/5516/4522
f 4576/5531/4530 1057/5575/4524 1058/5574/4523
f 4580/5537/4536 1056/5576/4528 1057/5575/4524
f 822/5577/3419 794/5578/4570 38/3946/3309
f 822/5577/3419 4585/5544/4543 4584/5541/4540
f 823/4078/3420 4586/5546/4545 4585/5544/4543
f 824/5579/3421 4587/5580/4563 4586/5546/4545
f 794/5578/4570 4588/5543/4542 795/5581/4571
f 4588/5543/4542 796/5582/4572 795/5581/4571
f 4592/5548/4547 797/5583/4569 796/5582/4572
f 1053/5524/4525 828/4088/3427 42/4090/3429
f 1054/5584/4526 4596/5554/4553 1053/5524/4525
f 1054/5584/4526 4598/5557/4556 4597/5552/4551
f 1055/5528/4527 4599/5585/4564 4598/5557/4556
f 4596/5554/4553 827/5586/3430 828/4088/3427
f 4600/5553/4552 826/4092/3431 827/5586/3430
f 4604/5559/4558 825/5587/3422 826/4092/3431
f 4610/5588/4573 4613/5589/4574 4609/5590/4575
f 4611/5591/4576 4614/5592/4577 4610/5588/4573
f 4611/5591/4576 4616/5593/4578 4615/5594/4579
f 4614/5592/4577 4617/5595/4580 4613/5589/4574
f 4615/5594/4579 4618/5596/4581 4614/5592/4577
f 4615/5594/4579 4620/5597/4582 4619/5598/4583
f 4622/5599/4584 4625/5600/4585 4621/5601/4586
f 4623/5602/4587 4626/5603/4588 4622/5599/4584
f 4623/5602/4587 4628/5604/4589 4627/5605/4590
f 4626/5603/4588 4629/5606/4591 4625/5600/4585
f 4627/5605/4590 4630/5607/4592 4626/5603/4588
f 4628/5604/4589 4631/5608/4593 4627/5605/4590
f 4634/5609/4594 4637/5610/4595 4633/5611/4596
f 4635/5612/4597 4638/5613/4598 4634/5609/4594
f 4636/5614/4599 4639/5615/4600 4635/5612/4597
f 4638/5613/4598 4641/5616/4601 4637/5610/4595
f 4639/5615/4600 4642/5617/4602 4638/5613/4598
f 4639/5615/4600 4644/5618/4603 4643/5619/4604
f 4630/5607/4592 4612/5620/4605 4629/5606/4591
f 4631/5608/4593 4616/5593/4578 4630/5607/4592
f 4642/5617/4602 4624/5621/4606 4641/5616/4601
f 4643/5619/4604 4628/5622/4589 4642/5617/4602
f 4618/5596/4581 4636/5623/4599 4617/5595/4580
f 4619/5598/4583 4640/5624/4607 4618/5596/4581
f 4619/5598/4583 4608/5625/4608 4644/5618/4603
f 4631/5608/4593 4608/5625/4608 4620/5597/4582
f 4643/5619/4604 4608/5625/4608 4632/5626/4609
f 1060/5627/4610 675/5628/4611 37/3784/3168
f 1061/5629/4612 4609/5590/4575 1060/5627/4610
f 1061/5629/4612 4611/5591/4576 4610/5588/4573
f 1062/5630/4613 4612/5620/4605 4611/5591/4576
f 4609/5590/4575 676/5631/4614 675/5628/4611
f 676/5631/4614 4617/5595/4580 677/5632/4615
f 677/5632/4615 4636/5623/4599 678/5633/4616
f 689/3954/3316 1066/5634/4617 40/2374/1981
f 690/5635/3320 4621/5601/4586 689/3954/3316
f 691/3959/3321 4622/5599/4584 690/5635/3320
f 692/3960/3322 4623/5602/4587 691/3959/3321
f 4621/5601/4586 1065/5636/4618 1066/5634/4617
f 4625/5600/4585 1064/5637/4619 1065/5636/4618
f 4629/5606/4591 1063/5638/4620 1064/5637/4619
f 681/5639/4621 695/5640/3307 38/3946/3309
f 680/5641/4622 4633/5611/4596 681/5639/4621
f 679/5642/4623 4634/5609/4594 680/5641/4622
f 678/5643/4616 4635/5612/4597 679/5642/4623
f 695/5640/3307 4637/5610/4595 694/3947/3310
f 694/3947/3310 4641/5616/4601 693/5644/3311
f 693/5644/3311 4624/5621/4606 692/5645/3322
f 4647/5646/4624 4650/5647/4625 4646/5648/4626
f 4648/5649/4627 4651/5650/4628 4647/5646/4624
f 4649/5651/4629 4652/5652/4630 4648/5649/4627
f 4651/5650/4628 4654/5653/4631 4650/5647/4625
f 4652/5652/4630 4655/5654/4632 4651/5650/4628
f 4653/5655/4633 4656/5656/4634 4652/5652/4630
f 4659/5657/4635 4662/5658/4636 4658/5659/4637
f 4660/5660/4638 4663/5661/4639 4659/5657/4635
f 4661/5662/4640 4664/5663/4641 4660/5660/4638
f 4663/5661/4639 4666/5664/4642 4662/5658/4636
f 4664/5663/4641 4667/5665/4643 4663/5661/4639
f 4665/5666/4644 4668/5667/4645 4664/5663/4641
f 4670/5668/4646 4675/5669/4647 4674/5670/4648
f 4671/5671/4649 4676/5672/4650 4675/5669/4647
f 4672/5673/4651 4677/5674/4652 4676/5672/4650
f 4674/5670/4648 4679/5675/4653 4678/5676/4654
f 4675/5669/4647 4680/5677/4655 4679/5675/4653
f 4676/5672/4650 4681/5678/4656 4680/5677/4655
f 4667/5665/4643 4649/5679/4629 4666/5664/4642
f 4667/5665/4643 4657/5680/4657 4653/5655/4633
f 4678/5676/4654 4665/5681/4644 4661/5682/4640
f 4679/5675/4653 4669/5683/4658 4665/5681/4644
f 4655/5654/4632 4673/5684/4659 4654/5653/4631
f 4656/5656/4634 4677/5674/4652 4655/5654/4632
f 4657/5680/4657 4681/5678/4656 4656/5656/4634
f 4668/5667/4645 4645/5685/4660 4657/5680/4657
f 4680/5677/4655 4645/5685/4660 4669/5683/4658
f 1067/3783/3167 1060/5686/4610 37/3784/3168
f 1068/5687/3171 4646/5648/4626 1067/3783/3167
f 1069/5688/3172 4647/5646/4624 1068/5687/3171
f 1069/5688/3172 4649/5651/4629 4648/5649/4627
f 4646/5648/4626 1061/5689/4612 1060/5686/4610
f 4650/5647/4625 1062/5690/4613 1061/5689/4612
f 4654/5653/4631 1063/5691/4620 1062/5690/4613
f 1080/1795/1488 1073/5692/3163 39/1773/1489
f 1079/1794/1487 4658/5659/4637 1080/1795/1488
f 1078/1793/1486 4659/5657/4635 1079/1794/1487
f 1077/1792/1485 4660/5660/4638 1078/1793/1486
f 4658/5659/4637 1072/5693/3164 1073/5692/3163
f 4662/5658/4636 1071/3778/3165 1072/5693/3164
f 4666/5664/4642 1070/5694/3173 1071/3778/3165
f 40/2374/1981 4670/5668/4646 1074/5695/1482
f 1066/5634/4617 4671/5671/4649 4670/5668/4646
f 1065/5696/4618 4672/5673/4651 4671/5671/4649
f 1064/5697/4619 4673/5684/4659 4672/5673/4651
f 1074/5695/1482 4674/5670/4648 1075/5698/1483
f 1075/5698/1483 4678/5676/4654 1076/5699/1484
f 1076/5699/1484 4661/5682/4640 1077/5700/1485
f 4684/5701/4661 4687/5702/4662 4683/5703/4663
f 4685/5704/4664 4688/5705/4665 4684/5701/4661
f 4686/5706/4666 4689/5707/4667 4685/5704/4664
f 4688/5705/4665 4691/5708/4668 4687/5702/4662
f 4689/5707/4667 4692/5709/4669 4688/5705/4665
f 4690/5710/4670 4693/5711/4671 4689/5707/4667
f 4696/5712/4672 4699/5713/4673 4695/5714/4674
f 4697/5715/4675 4700/5716/4676 4696/5712/4672
f 4698/5717/4677 4701/5718/4678 4697/5715/4675
f 4700/5716/4676 4703/5719/4679 4699/5713/4673
f 4701/5718/4678 4704/5720/4680 4700/5716/4676
f 4702/5721/4681 4705/5722/4682 4701/5718/4678
f 4708/5723/4683 4711/5724/4684 4707/5725/4685
f 4708/5723/4683 4713/5726/4686 4712/5727/4687
f 4709/5728/4688 4714/5729/4689 4713/5726/4686
f 4712/5727/4687 4715/5730/4690 4711/5724/4684
f 4712/5727/4687 4717/5731/4691 4716/5732/4692
f 4713/5726/4686 4718/5733/4693 4717/5731/4691
f 4704/5720/4680 4686/5734/4666 4703/5719/4679
f 4704/5720/4680 4694/5735/4694 4690/5736/4670
f 4715/5730/4690 4702/5737/4681 4698/5738/4677
f 4716/5732/4692 4706/5739/4695 4702/5737/4681
f 4692/5709/4669 4710/5740/4696 4691/5708/4668
f 4693/5711/4671 4714/5741/4689 4692/5709/4669
f 4694/5735/4694 4718/5733/4693 4693/5711/4671
f 4705/5722/4682 4682/5742/4697 4694/5735/4694
f 4717/5731/4691 4682/5742/4697 4706/5739/4695
f 1081/5743/4698 800/5744/4566 36/3719/3117
f 1082/5745/4699 4683/5703/4663 1081/5743/4698
f 1083/5746/4700 4684/5701/4661 1082/5745/4699
f 1084/5747/4701 4685/5704/4664 1083/5746/4700
f 4683/5703/4663 799/5571/4567 800/5744/4566
f 4687/5702/4662 798/5748/4568 799/5571/4567
f 4691/5708/4668 797/5749/4569 798/5748/4568
f 675/5750/4611 1087/5751/4702 37/5752/3168
f 676/5753/4614 4695/5714/4674 675/5750/4611
f 677/5754/4615 4696/5712/4672 676/5753/4614
f 678/5755/4616 4697/5715/4675 677/5754/4615
f 4695/5714/4674 1086/5756/4703 1087/5751/4702
f 4699/5713/4673 1085/5757/4704 1086/5756/4703
f 4703/5719/4679 1084/5758/4701 1085/5757/4704
f 794/5759/4570 681/5760/4621 38/3946/3309
f 795/5581/4571 4707/5725/4685 794/5759/4570
f 795/5581/4571 4709/5728/4688 4708/5723/4683
f 796/5761/4572 4710/5762/4696 4709/5728/4688
f 4707/5725/4685 680/5763/4622 681/5760/4621
f 680/5763/4622 4715/5730/4690 679/5764/4623
f 679/5764/4623 4698/5738/4677 678/5765/4616
f 4721/5766/4705 4724/5767/4706 4720/5768/4707
f 4722/5769/4708 4725/5770/4709 4721/5766/4705
f 4723/5771/4710 4726/5772/4711 4722/5769/4708
f 4725/5770/4709 4728/5773/4712 4724/5767/4706
f 4726/5772/4711 4729/5774/4713 4725/5770/4709
f 4726/5772/4711 4731/5775/4714 4730/5776/4715
f 4733/5777/4716 4736/5778/4717 4732/5779/4718
f 4734/5780/4719 4737/5781/4720 4733/5777/4716
f 4735/5782/4721 4738/5783/4722 4734/5780/4719
f 4737/5781/4720 4740/5784/4723 4736/5778/4717
f 4738/5783/4722 4741/5785/4724 4737/5781/4720
f 4739/5786/4725 4742/5787/4726 4738/5783/4722
f 4745/5788/4727 4748/5789/4728 4744/5790/4729
f 4746/5791/4730 4749/5792/4731 4745/5788/4727
f 4746/5791/4730 4751/5793/4732 4750/5794/4733
f 4749/5792/4731 4752/5795/4734 4748/5789/4728
f 4749/5792/4731 4754/5796/4735 4753/5797/4736
f 4750/5794/4733 4755/5798/4737 4754/5796/4735
f 4741/5785/4724 4723/5771/4710 4740/5784/4723
f 4741/5785/4724 4731/5775/4714 4727/5799/4738
f 4752/5795/4734 4739/5800/4725 4735/5782/4721
f 4753/5797/4736 4743/5801/4739 4739/5800/4725
f 4729/5774/4713 4747/5802/4740 4728/5773/4712
f 4730/5776/4715 4751/5803/4732 4729/5774/4713
f 4730/5776/4715 4719/5804/4741 4755/5798/4737
f 4742/5787/4726 4719/5804/4741 4731/5775/4714
f 4754/5796/4735 4719/5804/4741 4743/5801/4739
f 1088/5805/3116 1081/5806/4698 36/3719/3117
f 1089/5807/3120 4720/5768/4707 1088/5805/3116
f 1090/3723/3121 4721/5766/4705 1089/5807/3120
f 1091/5808/3111 4722/5769/4708 1090/3723/3121
f 4720/5768/4707 1082/5809/4699 1081/5806/4698
f 4724/5767/4706 1083/5810/4700 1082/5809/4699
f 1083/5810/4700 4747/5802/4740 1084/5747/4701
f 1101/5811/4742 1094/3708/3107 32/3710/3052
f 1100/5812/4743 4732/5779/4718 1101/5811/4742
f 1099/5813/4744 4733/5777/4716 1100/5812/4743
f 1098/5814/4745 4734/5780/4719 1099/5813/4744
f 4732/5779/4718 1093/5815/3109 1094/3708/3107
f 4736/5778/4717 1092/5816/3110 1093/5815/3109
f 4740/5784/4723 1091/3713/3111 1092/5816/3110
f 1087/5817/4702 1095/5818/4746 37/5752/3168
f 1086/5819/4703 4744/5790/4729 1087/5817/4702
f 1086/5819/4703 4746/5791/4730 4745/5788/4727
f 1085/5757/4704 4747/5820/4740 4746/5791/4730
f 4744/5790/4729 1096/5821/4747 1095/5818/4746
f 4748/5789/4728 1097/5822/4748 1096/5821/4747
f 1097/5822/4748 4735/5782/4721 1098/5814/4745
f 4758/5823/4749 4761/5824/4750 4757/5825/4751
f 4758/5823/4749 4763/5826/4752 4762/5827/4753
f 4759/5828/4754 4764/5829/4755 4763/5826/4752
f 4762/5827/4753 4765/5830/4756 4761/5824/4750
f 4762/5827/4753 4767/5831/4757 4766/5832/4758
f 4763/5826/4752 4768/5833/4759 4767/5831/4757
f 4770/5834/4760 4773/5835/4761 4769/5836/4762
f 4771/5837/4763 4774/5838/4764 4770/5834/4760
f 4772/5839/4765 4775/5840/4766 4771/5837/4763
f 4774/5838/4764 4777/5841/4767 4773/5835/4761
f 4775/5840/4766 4778/5842/4768 4774/5838/4764
f 4776/5843/4769 4779/5844/4770 4775/5840/4766
f 4782/5845/4771 4785/5846/4772 4781/5847/4773
f 4783/5848/4774 4786/5849/4775 4782/5845/4771
f 4784/5850/4776 4787/5851/4777 4783/5848/4774
f 4785/5846/4772 4790/5852/4778 4789/5853/4779
f 4786/5849/4775 4791/5854/4780 4790/5852/4778
f 4787/5851/4777 4792/5855/4781 4791/5854/4780
f 4778/5842/4768 4760/5856/4782 4777/5841/4767
f 4779/5844/4770 4764/5829/4755 4778/5842/4768
f 4789/5853/4779 4776/5857/4769 4772/5858/4765
f 4790/5852/4778 4780/5859/4783 4776/5857/4769
f 4765/5830/4756 4788/5860/4784 4784/5861/4776
f 4766/5832/4758 4792/5855/4781 4788/5860/4784
f 4767/5831/4757 4756/5862/4785 4792/5855/4781
f 4779/5844/4770 4756/5862/4785 4768/5833/4759
f 4791/5854/4780 4756/5862/4785 4780/5859/4783
f 786/5863/3051 1101/5864/4742 32/3710/3052
f 785/5865/3056 4757/5825/4751 786/5863/3051
f 785/5865/3056 4759/5828/4754 4758/5823/4749
f 784/5866/3057 4760/5867/4782 4759/5828/4754
f 4757/5825/4751 1100/5868/4743 1101/5864/4742
f 1100/5868/4743 4765/5830/4756 1099/5869/4744
f 1099/5869/4744 4784/5861/4776 1098/5814/4745
f 801/5870/3159 780/5871/3047 31/5872/2239
f 802/5873/3160 4769/5836/4762 801/5870/3159
f 803/5874/3161 4770/5834/4760 802/5873/3160
f 804/5875/3162 4771/5837/4763 803/5874/3161
f 4769/5836/4762 781/5876/3048 780/5871/3047
f 4773/5835/4761 782/5877/3049 781/5876/3048
f 4777/5841/4767 783/5878/3058 782/5877/3049
f 1095/5879/4746 807/5880/3166 37/5752/3168
f 1096/5821/4747 4781/5847/4773 1095/5879/4746
f 1097/5881/4748 4782/5845/4771 1096/5821/4747
f 1098/5882/4745 4783/5848/4774 1097/5881/4748
f 4781/5847/4773 806/5883/3169 807/5880/3166
f 806/5883/3169 4789/5853/4779 805/5884/3170
f 805/5884/3170 4772/5858/4765 804/5875/3162
f 4795/5885/4786 4798/5886/4787 4794/5887/4788
f 4796/5888/4789 4799/5889/4790 4795/5885/4786
f 4797/5890/4791 4800/5891/4792 4796/5888/4789
f 4799/5889/4790 4802/5892/4793 4798/5886/4787
f 4800/5891/4792 4803/5893/4794 4799/5889/4790
f 4800/5891/4792 4805/5894/4795 4804/5895/4796
f 4807/5896/4797 4810/5897/4798 4806/5898/4799
f 4808/5899/4800 4811/5900/4801 4807/5896/4797
f 4809/5901/4802 4812/5902/4803 4808/5899/4800
f 4811/5900/4801 4814/5903/4804 4810/5897/4798
f 4812/5902/4803 4815/5904/4805 4811/5900/4801
f 4813/5905/4806 4816/5906/4807 4812/5902/4803
f 4818/5907/4808 4823/5908/4809 4822/5909/4810
f 4819/5910/4811 4824/5911/4812 4823/5908/4809
f 4820/5912/4813 4825/5913/4814 4824/5911/4812
f 4822/5909/4810 4827/5914/4815 4826/5915/4816
f 4823/5908/4809 4828/5916/4817 4827/5914/4815
f 4824/5911/4812 4829/5917/4818 4828/5916/4817
f 4815/5904/4805 4797/5918/4791 4814/5903/4804
f 4816/5906/4807 4801/5919/4819 4815/5904/4805
f 4826/5915/4816 4813/5920/4806 4809/5921/4802
f 4827/5914/4815 4817/5922/4820 4813/5920/4806
f 4803/5893/4794 4821/5923/4821 4802/5892/4793
f 4804/5895/4796 4825/5924/4814 4803/5893/4794
f 4804/5895/4796 4793/5925/4822 4829/5917/4818
f 4817/5922/4820 4805/5894/4795 4816/5906/4807
f 4828/5916/4817 4793/5925/4822 4817/5922/4820
f 1109/5926/3059 1102/5927/2367 30/2782/2113
f 1110/5928/3060 4794/5887/4788 1109/5926/3059
f 1111/3656/3061 4795/5885/4786 1110/5928/3060
f 1112/3657/3055 4796/5888/4789 1111/3656/3061
f 4794/5887/4788 1103/5929/2368 1102/5927/2367
f 4798/5886/4787 1104/5930/2369 1103/5929/2368
f 4802/5892/4793 1105/2786/2370 1104/5930/2369
f 1122/5931/4823 1115/5932/3050 32/3644/3052
f 1121/5933/4824 4806/5898/4799 1122/5931/4823
f 1120/5934/4825 4807/5896/4797 1121/5933/4824
f 1119/5935/4826 4808/5899/4800 1120/5934/4825
f 4806/5898/4799 1114/3645/3053 1115/5932/3050
f 4810/5897/4798 1113/3646/3054 1114/3645/3053
f 4814/5903/4804 1112/5936/3055 1113/3646/3054
f 34/2790/2374 4818/5907/4808 1116/5937/4827
f 1108/2789/2373 4819/5910/4811 4818/5907/4808
f 1107/2788/2372 4820/5912/4813 4819/5910/4811
f 1106/2787/2371 4821/5938/4821 4820/5912/4813
f 1116/5937/4827 4822/5909/4810 1117/5939/4828
f 1117/5939/4828 4826/5915/4816 1118/5940/4829
f 1118/5940/4829 4809/5921/4802 1119/5941/4826
f 4832/5942/4830 4835/5943/4831 4831/5944/4832
f 4833/5945/4833 4836/5946/4834 4832/5942/4830
f 4834/5947/4835 4837/5948/4836 4833/5945/4833
f 4836/5946/4834 4839/5949/4837 4835/5943/4831
f 4837/5948/4836 4840/5950/4838 4836/5946/4834
f 4838/5951/4839 4841/5952/4840 4837/5948/4836
f 4844/5953/4841 4847/5954/4842 4843/5955/4843
f 4844/5953/4841 4849/5956/4844 4848/5957/4845
f 4845/5958/4846 4850/5959/4847 4849/5956/4844
f 4848/5957/4845 4851/5960/4848 4847/5954/4842
f 4848/5957/4845 4853/5961/4849 4852/5962/4850
f 4849/5956/4844 4854/5963/4851 4853/5961/4849
f 4856/5964/4852 4859/5965/4853 4855/5966/4854
f 4857/5967/4855 4860/5968/4856 4856/5964/4852
f 4858/5969/4857 4861/5970/4858 4857/5967/4855
f 4860/5968/4856 4863/5971/4859 4859/5965/4853
f 4861/5970/4858 4864/5972/4860 4860/5968/4856
f 4862/5973/4861 4865/5974/4862 4861/5970/4858
f 4852/5962/4850 4834/5975/4835 4851/5960/4848
f 4852/5962/4850 4842/5976/4863 4838/5977/4839
f 4864/5972/4860 4846/5978/4864 4863/5971/4859
f 4865/5974/4862 4850/5979/4847 4864/5972/4860
f 4839/5949/4837 4862/5980/4861 4858/5981/4857
f 4840/5950/4838 4866/5982/4865 4862/5980/4861
f 4841/5952/4840 4830/5983/4866 4866/5982/4865
f 4853/5961/4849 4830/5983/4866 4842/5976/4863
f 4865/5974/4862 4830/5983/4866 4854/5963/4851
f 654/5984/3108 1122/5985/4823 32/3644/3052
f 655/5986/3112 4831/5944/4832 654/5984/3108
f 656/5987/3113 4832/5942/4830 655/5986/3112
f 657/5988/3114 4833/5945/4833 656/5987/3113
f 4831/5944/4832 1121/5989/4824 1122/5985/4823
f 1121/5989/4824 4839/5949/4837 1120/5990/4825
f 1120/5990/4825 4858/5981/4857 1119/5991/4826
f 787/5399/4438 660/5992/3099 33/3701/3101
f 788/5402/4439 4843/5955/4843 787/5399/4438
f 788/5402/4439 4845/5958/4846 4844/5953/4841
f 789/5993/4440 4846/5994/4864 4845/5958/4846
f 4843/5955/4843 659/5995/3102 660/5992/3099
f 4847/5954/4842 658/5996/3103 659/5995/3102
f 4851/5960/4848 657/5997/3114 658/5996/3103
f 1116/5937/4827 793/5998/4434 34/2790/2374
f 1117/5939/4828 4855/5966/4854 1116/5937/4827
f 1118/5940/4829 4856/5964/4852 1117/5939/4828
f 1119/5991/4826 4857/5967/4855 1118/5940/4829
f 4855/5966/4854 792/5999/4435 793/5998/4434
f 4859/5965/4853 791/5393/4436 792/5999/4435
f 4863/5971/4859 790/6000/4437 791/5393/4436
f 1124/1/1 1125/5/5 1129/2/2
f 1126/4/4 1130/7/7 1129/2/2
f 1127/6/6 1131/11/11 1130/7/7
f 1128/3/3 1129/2/2 1133/8/8
f 1129/2/2 1130/7/7 1134/10/10
f 1131/11/11 1135/35/34 1134/10/10
f 1136/12/12 1137/15/15 1141/13/13
f 1137/15/15 1138/17/17 1142/16/16
f 1138/17/17 1139/55/35 1143/18/18
f 1140/14/14 1141/13/13 1145/19/19
f 1141/13/13 1142/16/16 1146/21/21
f 1142/16/16 1143/18/18 1147/22/22
f 1149/23/23 1153/27/27 1152/24/24
f 1150/26/26 1154/29/29 1153/27/27
f 1151/28/28 1155/32/32 1154/29/29
f 1153/27/27 1157/31/31 1156/30/30
f 1154/29/29 1158/33/33 1157/31/31
f 1155/32/32 1159/39/36 1158/33/33
f 1144/20/20 1145/19/19 1131/34/11
f 1145/19/19 1146/21/21 1135/35/34
f 1157/31/31 1143/18/18 1139/36/35
f 1158/33/33 1147/22/22 1143/18/18
f 1132/9/9 1133/8/8 1155/37/32
f 1133/8/8 1134/10/10 1159/39/36
f 1134/10/10 1135/35/34 1123/40/37
f 1146/21/21 1147/22/22 1123/40/37
f 1159/39/36 1123/40/37 1147/22/22
f 1/41/38 65/44/41 1124/1/1
f 64/43/40 1125/5/5 1124/1/1
f 63/45/42 1126/4/4 1125/5/5
f 62/46/43 1127/6/6 1126/4/4
f 79/42/39 1124/1/1 1128/3/3
f 78/47/44 1128/3/3 1132/9/9
f 77/48/45 1132/9/9 1151/38/28
f 10/50/47 597/52/49 1136/12/12
f 597/52/49 596/53/50 1137/15/15
f 596/53/50 595/54/51 1138/17/17
f 595/54/51 594/6001/61 1139/55/35
f 59/51/48 1136/12/12 1140/14/14
f 60/56/52 1140/14/14 1144/20/20
f 61/57/53 1144/20/20 1127/6/6
f 73/59/54 1148/25/25 591/60/55
f 74/62/57 1149/23/23 1148/25/25
f 75/63/58 1150/26/26 1149/23/23
f 76/49/46 1151/28/28 1150/26/26
f 1148/25/25 1152/24/24 592/64/59
f 1152/24/24 1156/30/30 593/65/60
f 1156/30/30 1139/36/35 594/66/61
f 1162/67/62 1166/71/66 1165/68/63
f 1162/67/62 1163/72/67 1167/70/65
f 1163/72/67 1164/113/95 1168/73/68
f 1166/71/66 1170/76/71 1169/74/69
f 1166/71/66 1167/70/65 1171/75/70
f 1167/70/65 1168/73/68 1172/77/72
f 1174/78/73 1178/82/77 1177/79/74
f 1175/81/76 1179/84/79 1178/82/77
f 1176/83/78 1180/87/82 1179/84/79
f 1178/82/77 1182/86/81 1181/85/80
f 1179/84/79 1183/88/83 1182/86/81
f 1180/87/82 1184/104/96 1183/88/83
f 1185/89/84 1186/92/87 1190/90/85
f 1186/92/87 1187/94/89 1191/93/88
f 1187/94/89 1188/131/97 1192/95/90
f 1189/91/86 1190/90/85 1194/96/91
f 1190/90/85 1191/93/88 1195/98/93
f 1191/93/88 1192/95/90 1196/99/94
f 1182/86/81 1168/101/68 1164/100/95
f 1183/88/83 1172/77/72 1168/101/68
f 1193/97/92 1194/96/91 1180/102/82
f 1194/96/91 1195/98/93 1184/104/96
f 1170/76/71 1192/106/90 1188/105/97
f 1171/75/70 1196/99/94 1192/106/90
f 1171/75/70 1172/77/72 1160/107/98
f 1184/104/96 1160/107/98 1172/77/72
f 1195/98/93 1196/99/94 1160/107/98
f 79/108/39 1161/69/64 93/109/99
f 78/111/44 1162/67/62 1161/69/64
f 77/112/45 1163/72/67 1162/67/62
f 77/112/45 76/125/46 1164/113/95
f 1161/69/64 1165/68/63 92/114/100
f 1165/68/63 1169/74/69 91/115/101
f 1169/74/69 1188/105/97 90/116/102
f 576/117/103 1173/80/75 73/118/54
f 575/120/104 1174/78/73 1173/80/75
f 574/121/105 1175/81/76 1174/78/73
f 573/122/106 1176/83/78 1175/81/76
f 1173/80/75 1177/79/74 74/123/57
f 1177/79/74 1181/85/80 75/124/58
f 1181/85/80 1164/100/95 76/125/46
f 14/126/107 87/128/109 1185/89/84
f 87/128/109 88/129/110 1186/92/87
f 88/129/110 89/130/111 1187/94/89
f 89/130/111 90/6002/102 1188/131/97
f 570/127/108 1185/89/84 1189/91/86
f 571/132/112 1189/91/86 1193/97/92
f 572/133/113 1193/97/92 1176/103/78
f 1199/135/114 1203/139/118 1202/136/115
f 1200/138/117 1204/141/120 1203/139/118
f 1200/138/117 1201/6003/147 1205/140/119
f 1202/136/115 1203/139/118 1207/142/121
f 1203/139/118 1204/141/120 1208/144/123
f 1204/141/120 1205/140/119 1209/145/124
f 1211/146/125 1215/150/129 1214/147/126
f 1212/149/128 1216/152/131 1215/150/129
f 1213/151/130 1217/171/148 1216/152/131
f 1215/150/129 1219/154/133 1218/153/132
f 1216/152/131 1220/156/135 1219/154/133
f 1216/152/131 1217/171/148 1221/155/134
f 1223/157/136 1227/161/140 1226/158/137
f 1224/160/139 1228/163/142 1227/161/140
f 1225/162/141 1229/166/145 1228/163/142
f 1227/161/140 1231/165/144 1230/164/143
f 1228/163/142 1232/167/146 1231/165/144
f 1229/166/145 1233/174/149 1232/167/146
f 1219/154/133 1205/169/119 1201/168/147
f 1220/156/135 1209/145/124 1205/169/119
f 1231/165/144 1217/171/148 1213/170/130
f 1232/167/146 1221/155/134 1217/171/148
f 1206/143/122 1207/142/121 1229/172/145
f 1207/142/121 1208/144/123 1233/174/149
f 1208/144/123 1209/145/124 1197/175/150
f 1220/156/135 1221/155/134 1197/175/150
f 1232/167/146 1233/174/149 1197/175/150
f 86/176/151 1198/137/116 114/177/152
f 85/179/154 1199/135/114 1198/137/116
f 84/180/155 1200/138/117 1199/135/114
f 83/181/156 1201/6003/147 1200/138/117
f 1198/137/116 1202/136/115 113/182/157
f 113/182/157 1202/136/115 1206/143/122
f 112/183/158 1206/143/122 1225/173/141
f 492/185/160 1210/148/127 80/186/161
f 491/188/163 1211/146/125 1210/148/127
f 490/189/164 1212/149/128 1211/146/125
f 490/189/164 489/199/174 1213/151/130
f 1210/148/127 1214/147/126 81/190/165
f 81/190/165 1214/147/126 1218/153/132
f 82/191/166 1218/153/132 1201/168/147
f 108/192/167 1222/159/138 486/193/168
f 109/195/170 1223/157/136 1222/159/138
f 110/196/171 1224/160/139 1223/157/136
f 111/184/159 1225/162/141 1224/160/139
f 1222/159/138 1226/158/137 487/197/172
f 1226/158/137 1230/164/143 488/198/173
f 1230/164/143 1213/170/130 489/199/174
f 1236/200/175 1240/204/179 1239/201/176
f 1237/203/178 1241/206/181 1240/204/179
f 1238/205/180 1242/209/184 1241/206/181
f 1240/204/179 1244/208/183 1243/207/182
f 1241/206/181 1245/210/185 1244/208/183
f 1242/209/184 1246/234/208 1245/210/185
f 1248/211/186 1252/215/190 1251/212/187
f 1249/214/189 1253/217/192 1252/215/190
f 1250/216/191 1254/220/195 1253/217/192
f 1252/215/190 1256/219/194 1255/218/193
f 1253/217/192 1257/221/196 1256/219/194
f 1254/220/195 1258/238/211 1257/221/196
f 1260/222/197 1264/226/201 1263/223/198
f 1261/225/200 1265/228/203 1264/226/201
f 1261/225/200 1262/260/209 1266/227/202
f 1264/226/201 1268/230/205 1267/229/204
f 1265/228/203 1269/232/207 1268/230/205
f 1265/228/203 1266/227/202 1270/231/206
f 1255/218/193 1256/219/194 1242/233/184
f 1256/219/194 1257/221/196 1246/234/208
f 1268/230/205 1254/220/195 1250/235/191
f 1269/232/207 1258/238/211 1254/220/195
f 1244/208/183 1266/227/202 1262/236/209
f 1245/210/185 1270/231/206 1266/227/202
f 1245/210/185 1246/234/208 1234/237/210
f 1257/221/196 1258/238/211 1234/237/210
f 1269/232/207 1270/231/206 1234/237/210
f 100/239/212 1235/202/177 128/240/213
f 99/242/215 1236/200/175 1235/202/177
f 98/243/216 1237/203/178 1236/200/175
f 97/244/217 1238/205/180 1237/203/178
f 1235/202/177 1239/201/176 127/245/218
f 1239/201/176 1243/207/182 126/246/219
f 1243/207/182 1262/236/209 125/247/220
f 471/248/221 1247/213/188 94/249/222
f 470/251/224 1248/211/186 1247/213/188
f 469/252/225 1249/214/189 1248/211/186
f 469/252/225 468/6004/235 1250/216/191
f 1247/213/188 1251/212/187 95/253/226
f 1251/212/187 1255/218/193 96/254/227
f 96/254/227 1255/218/193 1238/205/180
f 122/255/228 1259/224/199 465/256/229
f 123/258/231 1260/222/197 1259/224/199
f 123/258/231 124/259/232 1261/225/200
f 124/259/232 125/6005/220 1262/260/209
f 1259/224/199 1263/223/198 466/261/233
f 1263/223/198 1267/229/204 467/262/234
f 1267/229/204 1250/235/191 468/263/235
f 1272/264/236 1273/267/239 1277/265/237
f 1273/267/239 1274/269/241 1278/268/240
f 1274/269/241 1275/309/269 1279/270/242
f 1276/266/238 1277/265/237 1281/271/243
f 1277/265/237 1278/268/240 1282/273/245
f 1278/268/240 1279/270/242 1283/274/246
f 1284/275/247 1285/278/250 1289/276/248
f 1285/278/250 1286/280/252 1290/279/251
f 1286/280/252 1287/318/270 1291/281/253
f 1289/276/248 1293/284/256 1292/282/254
f 1289/276/248 1290/279/251 1294/283/255
f 1290/279/251 1291/281/253 1295/285/257
f 1297/286/258 1301/290/262 1300/287/259
f 1298/289/261 1302/292/264 1301/290/262
f 1299/291/263 1303/295/267 1302/292/264
f 1301/290/262 1305/294/266 1304/293/265
f 1302/292/264 1306/296/268 1305/294/266
f 1303/295/267 1307/302/271 1306/296/268
f 1293/284/256 1279/298/242 1275/297/269
f 1294/283/255 1283/274/246 1279/298/242
f 1305/294/266 1291/300/253 1287/299/270
f 1306/296/268 1295/285/257 1291/300/253
f 1280/272/244 1281/271/243 1303/295/267
f 1281/271/243 1282/273/245 1307/302/271
f 1282/273/245 1283/274/246 1271/303/272
f 1294/283/255 1295/285/257 1271/303/272
f 1307/302/271 1271/303/272 1295/285/257
f 2/304/273 107/306/275 1272/264/236
f 107/306/275 106/307/276 1273/267/239
f 106/307/276 105/308/277 1274/269/241
f 105/308/277 104/6006/288 1275/309/269
f 234/305/274 1272/264/236 1276/266/238
f 235/310/278 1276/266/238 1280/272/244
f 236/311/279 1280/272/244 1299/301/263
f 17/313/281 429/315/283 1284/275/247
f 429/315/283 428/316/284 1285/278/250
f 428/316/284 427/317/285 1286/280/252
f 427/317/285 426/6007/296 1287/318/270
f 101/314/282 1284/275/247 1288/277/249
f 1288/277/249 1292/282/254 103/320/287
f 1292/282/254 1275/297/269 104/321/288
f 240/322/289 1296/288/260 423/323/290
f 239/325/292 1297/286/258 1296/288/260
f 238/326/293 1298/289/261 1297/286/258
f 237/312/280 1299/291/263 1298/289/261
f 1296/288/260 1300/287/259 424/327/294
f 1300/287/259 1304/293/265 425/328/295
f 1304/293/265 1287/299/270 426/329/296
f 1310/330/297 1314/334/301 1313/331/298
f 1311/333/300 1315/336/303 1314/334/301
f 1311/333/300 1312/6008/329 1316/335/302
f 1314/334/301 1318/338/305 1317/337/304
f 1315/336/303 1319/340/307 1318/338/305
f 1315/336/303 1316/335/302 1320/339/306
f 1322/341/308 1326/345/312 1325/342/309
f 1323/344/311 1327/347/314 1326/345/312
f 1324/346/313 1328/350/317 1327/347/314
f 1326/345/312 1330/349/316 1329/348/315
f 1327/347/314 1331/351/318 1330/349/316
f 1328/350/317 1332/366/330 1331/351/318
f 1334/352/319 1338/356/323 1337/353/320
f 1335/355/322 1339/358/325 1338/356/323
f 1335/355/322 1336/390/331 1340/357/324
f 1337/353/320 1338/356/323 1342/359/326
f 1339/358/325 1343/361/328 1342/359/326
f 1340/357/324 1344/368/332 1343/361/328
f 1330/349/316 1316/363/302 1312/362/329
f 1331/351/318 1320/339/306 1316/363/302
f 1341/360/327 1342/359/326 1328/364/317
f 1342/359/326 1343/361/328 1332/366/330
f 1318/338/305 1340/357/324 1336/367/331
f 1318/338/305 1319/340/307 1344/368/332
f 1319/340/307 1320/339/306 1308/369/333
f 1331/351/318 1332/366/330 1308/369/333
f 1343/361/328 1344/368/332 1308/369/333
f 114/370/152 1309/332/299 248/371/334
f 113/372/157 1310/330/297 1309/332/299
f 112/183/158 1311/333/300 1310/330/297
f 111/373/159 1312/6008/329 1311/333/300
f 1309/332/299 1313/331/298 249/374/335
f 1313/331/298 1317/337/304 250/375/336
f 1317/337/304 1336/367/331 251/376/337
f 408/377/338 1321/343/310 108/378/167
f 407/379/339 1322/341/308 1321/343/310
f 406/380/340 1323/344/311 1322/341/308
f 405/381/341 1324/346/313 1323/344/311
f 1321/343/310 1325/342/309 109/382/170
f 1325/342/309 1329/348/315 110/383/171
f 1329/348/315 1312/362/329 111/384/159
f 254/385/342 1333/354/321 402/386/343
f 253/388/345 1334/352/319 1333/354/321
f 253/388/345 252/389/346 1335/355/322
f 252/389/346 251/2045/337 1336/390/331
f 402/386/343 1333/354/321 1337/353/320
f 403/391/347 1337/353/320 1341/360/327
f 404/392/348 1341/360/327 1324/365/313
f 1346/394/349 1347/397/352 1351/395/350
f 1347/397/352 1348/399/354 1352/398/353
f 1348/399/354 1349/427/382 1353/400/355
f 1350/396/351 1351/395/350 1355/401/356
f 1351/395/350 1352/398/353 1356/403/358
f 1352/398/353 1353/400/355 1357/404/359
f 1359/405/360 1363/409/364 1362/406/361
f 1360/408/363 1364/411/366 1363/409/364
f 1361/410/365 1365/414/369 1364/411/366
f 1363/409/364 1367/413/368 1366/412/367
f 1364/411/366 1368/415/370 1367/413/368
f 1365/414/369 1369/431/383 1368/415/370
f 1370/416/371 1371/420/375 1375/417/372
f 1372/419/374 1376/422/377 1375/417/372
f 1373/421/376 1377/426/381 1376/422/377
f 1374/418/373 1375/417/372 1379/423/378
f 1375/417/372 1376/422/377 1380/425/380
f 1377/426/381 1381/434/384 1380/425/380
f 1367/413/368 1353/428/355 1349/427/382
f 1368/415/370 1357/404/359 1353/428/355
f 1378/424/379 1379/423/378 1365/429/369
f 1379/423/378 1380/425/380 1369/431/383
f 1354/402/357 1355/401/356 1377/432/381
f 1355/401/356 1356/403/358 1381/434/384
f 1356/403/358 1357/404/359 1345/435/385
f 1369/431/383 1345/435/385 1357/404/359
f 1380/425/380 1381/434/384 1345/435/385
f 4/241/214 128/240/213 1346/394/349
f 128/240/213 127/437/218 1347/397/352
f 127/437/218 126/438/219 1348/399/354
f 126/438/219 125/6009/220 1349/427/382
f 255/436/386 1346/394/349 1350/396/351
f 256/439/387 1350/396/351 1354/402/357
f 257/440/388 1354/402/357 1373/433/376
f 387/442/390 1358/407/362 122/255/228
f 386/443/391 1359/405/360 1358/407/362
f 385/444/392 1360/408/363 1359/405/360
f 384/445/393 1361/410/365 1360/408/363
f 1358/407/362 1362/406/361 123/446/231
f 1362/406/361 1366/412/367 124/447/232
f 1366/412/367 1349/427/382 125/247/220
f 22/448/394 261/450/396 1370/416/371
f 261/450/396 260/452/398 1371/420/375
f 259/451/397 1372/419/374 1371/420/375
f 258/453/389 1373/421/376 1372/419/374
f 381/449/395 1370/416/371 1374/418/373
f 382/454/399 1374/418/373 1378/424/379
f 383/455/400 1378/424/379 1361/430/365
f 1384/457/401 1388/461/405 1387/458/402
f 1384/457/401 1385/462/406 1389/460/404
f 1385/462/406 1386/503/434 1390/463/407
f 1387/458/402 1388/461/405 1392/464/408
f 1388/461/405 1389/460/404 1393/466/410
f 1389/460/404 1390/463/407 1394/467/411
f 1396/468/412 1400/472/416 1399/469/413
f 1397/471/415 1401/474/418 1400/472/416
f 1398/473/417 1402/477/421 1401/474/418
f 1400/472/416 1404/476/420 1403/475/419
f 1401/474/418 1405/478/422 1404/476/420
f 1402/477/421 1406/494/435 1405/478/422
f 1408/479/423 1412/483/427 1411/480/424
f 1409/482/426 1413/485/429 1412/483/427
f 1410/484/428 1414/495/436 1413/485/429
f 1411/480/424 1412/483/427 1416/486/430
f 1412/483/427 1413/485/429 1417/488/432
f 1413/485/429 1414/495/436 1418/489/433
f 1404/476/420 1390/491/407 1386/490/434
f 1405/478/422 1394/467/411 1390/491/407
f 1415/487/431 1416/486/430 1402/492/421
f 1416/486/430 1417/488/432 1406/494/435
f 1391/465/409 1392/464/408 1414/495/436
f 1392/464/408 1393/466/410 1418/489/433
f 1393/466/410 1394/467/411 1382/497/437
f 1405/478/422 1406/494/435 1382/497/437
f 1417/488/432 1418/489/433 1382/497/437
f 149/498/438 1383/459/403 170/499/439
f 148/501/441 1384/457/401 1383/459/403
f 148/501/441 147/502/442 1385/462/406
f 147/502/442 146/6010/454 1386/503/434
f 1383/459/403 1387/458/402 169/504/443
f 1387/458/402 1391/465/409 168/505/444
f 168/505/444 1391/465/409 1410/496/428
f 366/507/446 1395/470/414 143/508/447
f 365/510/449 1396/468/412 1395/470/414
f 364/511/450 1397/471/415 1396/468/412
f 363/512/451 1398/473/417 1397/471/415
f 1395/470/414 1399/469/413 144/513/452
f 1399/469/413 1403/475/419 145/514/453
f 1403/475/419 1386/490/434 146/515/454
f 164/516/455 1407/481/425 360/517/456
f 165/519/458 1408/479/423 1407/481/425
f 166/520/459 1409/482/426 1408/479/423
f 167/521/445 1410/484/428 1409/482/426
f 1407/481/425 1411/480/424 361/522/460
f 361/522/460 1411/480/424 1415/487/431
f 362/523/461 1415/487/431 1398/493/417
f 1421/525/462 1425/529/466 1424/526/463
f 1422/528/465 1426/531/468 1425/529/466
f 1422/528/465 1423/570/495 1427/530/467
f 1425/529/466 1429/534/471 1428/532/469
f 1425/529/466 1426/531/468 1430/533/470
f 1426/531/468 1427/530/467 1431/535/472
f 1433/536/473 1437/540/477 1436/537/474
f 1434/539/476 1438/542/479 1437/540/477
f 1435/541/478 1439/545/482 1438/542/479
f 1437/540/477 1441/544/481 1440/543/480
f 1438/542/479 1442/546/483 1441/544/481
f 1439/545/482 1443/562/496 1442/546/483
f 1445/547/484 1449/551/488 1448/548/485
f 1446/550/487 1450/553/490 1449/551/488
f 1446/550/487 1447/588/497 1451/552/489
f 1448/548/485 1449/551/488 1453/554/491
f 1449/551/488 1450/553/490 1454/556/493
f 1450/553/490 1451/552/489 1455/557/494
f 1441/544/481 1427/559/467 1423/558/495
f 1442/546/483 1431/535/472 1427/559/467
f 1452/555/492 1453/554/491 1439/560/482
f 1453/554/491 1454/556/493 1443/562/496
f 1429/534/471 1451/552/489 1447/563/497
f 1429/534/471 1430/533/470 1455/557/494
f 1430/533/470 1431/535/472 1419/564/498
f 1442/546/483 1443/562/496 1419/564/498
f 1454/556/493 1455/557/494 1419/564/498
f 156/565/499 1420/527/464 177/566/500
f 155/568/502 1421/525/462 1420/527/464
f 154/569/503 1422/528/465 1421/525/462
f 154/569/503 153/6011/515 1423/570/495
f 1420/527/464 1424/526/463 176/571/504
f 1424/526/463 1428/532/469 175/572/505
f 175/572/505 1428/532/469 1447/563/497
f 345/574/507 1432/538/475 150/575/508
f 344/577/510 1433/536/473 1432/538/475
f 343/578/511 1434/539/476 1433/536/473
f 342/579/512 1435/541/478 1434/539/476
f 1432/538/475 1436/537/474 151/580/513
f 1436/537/474 1440/543/480 152/581/514
f 1440/543/480 1423/558/495 153/582/515
f 171/583/516 1444/549/486 339/584/517
f 172/586/519 1445/547/484 1444/549/486
f 173/587/520 1446/550/487 1445/547/484
f 173/587/520 174/6012/506 1447/588/497
f 1444/549/486 1448/548/485 340/589/521
f 340/589/521 1448/548/485 1452/555/492
f 341/590/522 1452/555/492 1435/561/478
f 1457/592/523 1458/595/526 1462/593/524
f 1458/595/526 1459/597/528 1463/596/527
f 1459/597/528 1460/625/556 1464/598/529
f 1462/593/524 1466/601/532 1465/599/530
f 1462/593/524 1463/596/527 1467/600/531
f 1463/596/527 1464/598/529 1468/602/533
f 1470/603/534 1474/607/538 1473/604/535
f 1471/606/537 1475/609/540 1474/607/538
f 1472/608/539 1476/612/543 1475/609/540
f 1474/607/538 1478/611/542 1477/610/541
f 1475/609/540 1479/613/544 1478/611/542
f 1476/612/543 1480/628/557 1479/613/544
f 1481/614/545 1482/617/548 1486/615/546
f 1482/617/548 1483/619/550 1487/618/549
f 1483/619/550 1484/653/558 1488/620/551
f 1485/616/547 1486/615/546 1490/621/552
f 1486/615/546 1487/618/549 1491/623/554
f 1487/618/549 1488/620/551 1492/624/555
f 1478/611/542 1464/626/529 1460/625/556
f 1479/613/544 1468/602/533 1464/626/529
f 1489/622/553 1490/621/552 1476/612/543
f 1490/621/552 1491/623/554 1480/628/557
f 1466/601/532 1488/620/551 1484/629/558
f 1467/600/531 1492/624/555 1488/620/551
f 1467/600/531 1468/602/533 1456/630/559
f 1480/628/557 1456/630/559 1468/602/533
f 1491/623/554 1492/624/555 1456/630/559
f 29/631/560 311/633/562 1457/592/523
f 311/633/562 312/634/563 1458/595/526
f 312/634/563 313/635/564 1459/597/528
f 313/635/564 314/6013/575 1460/625/556
f 310/632/561 1457/592/523 1461/594/525
f 309/636/565 1461/594/525 1465/599/530
f 1465/599/530 1484/629/558 307/638/567
f 303/639/568 1469/605/536 317/640/569
f 302/642/570 1470/603/534 1469/605/536
f 301/643/571 1471/606/537 1470/603/534
f 300/644/572 1472/608/539 1471/606/537
f 1469/605/536 1473/604/535 316/645/573
f 1473/604/535 1477/610/541 315/646/574
f 1477/610/541 1460/625/556 314/647/575
f 9/648/576 304/650/578 1481/614/545
f 304/650/578 305/651/579 1482/617/548
f 305/651/579 306/652/580 1483/619/550
f 306/652/580 307/2560/567 1484/653/558
f 297/649/577 1481/614/545 1485/616/547
f 298/654/581 1485/616/547 1489/622/553
f 299/655/582 1489/622/553 1472/627/539
f 1495/656/583 1499/660/587 1498/657/584
f 1496/659/586 1500/662/589 1499/660/587
f 1497/661/588 1501/665/592 1500/662/589
f 1499/660/587 1503/664/591 1502/663/590
f 1500/662/589 1504/666/593 1503/664/591
f 1501/665/592 1505/691/616 1504/666/593
f 1506/667/594 1507/670/597 1511/668/595
f 1507/670/597 1508/672/599 1512/671/598
f 1508/672/599 1509/711/617 1513/673/600
f 1510/669/596 1511/668/595 1515/674/601
f 1511/668/595 1512/671/598 1516/676/603
f 1512/671/598 1513/673/600 1517/677/604
f 1519/678/605 1523/682/609 1522/679/606
f 1520/681/608 1524/684/611 1523/682/609
f 1521/683/610 1525/687/614 1524/684/611
f 1523/682/609 1527/686/613 1526/685/612
f 1524/684/611 1528/688/615 1527/686/613
f 1525/687/614 1529/696/619 1528/688/615
f 1514/675/602 1515/674/601 1501/689/592
f 1515/674/601 1516/676/603 1505/691/616
f 1527/686/613 1513/693/600 1509/692/617
f 1528/688/615 1517/677/604 1513/693/600
f 1503/664/591 1525/694/614 1521/683/610
f 1504/666/593 1529/696/619 1525/694/614
f 1504/666/593 1505/691/616 1493/695/618
f 1516/676/603 1517/677/604 1493/695/618
f 1529/696/619 1493/695/618 1517/677/604
f 318/697/620 1494/658/585 311/698/562
f 319/700/621 1495/656/583 1494/658/585
f 320/701/622 1496/659/586 1495/656/583
f 321/702/623 1497/661/588 1496/659/586
f 1494/658/585 1498/657/584 312/703/563
f 1498/657/584 1502/663/590 313/704/564
f 1502/663/590 1521/683/610 314/705/575
f 25/706/624 331/708/626 1506/667/594
f 331/708/626 330/709/627 1507/670/597
f 330/709/627 329/710/628 1508/672/599
f 329/710/628 328/721/634 1509/711/617
f 324/707/625 1506/667/594 1510/669/596
f 323/712/629 1510/669/596 1514/675/602
f 322/713/630 1514/675/602 1497/690/588
f 317/715/569 1518/680/607 325/716/631
f 316/717/573 1519/678/605 1518/680/607
f 315/718/574 1520/681/608 1519/678/605
f 315/718/574 314/6014/575 1521/683/610
f 1518/680/607 1522/679/606 326/719/632
f 1522/679/606 1526/685/612 327/720/633
f 1526/685/612 1509/692/617 328/721/634
f 1532/722/635 1536/726/639 1535/723/636
f 1533/725/638 1537/728/641 1536/726/639
f 1534/727/640 1538/731/644 1537/728/641
f 1536/726/639 1540/730/643 1539/729/642
f 1537/728/641 1541/732/645 1540/730/643
f 1538/731/644 1542/757/668 1541/732/645
f 1544/733/646 1548/737/650 1547/734/647
f 1544/733/646 1545/738/651 1549/736/649
f 1545/738/651 1546/773/669 1550/739/652
f 1547/734/647 1548/737/650 1552/740/653
f 1548/737/650 1549/736/649 1553/742/655
f 1549/736/649 1550/739/652 1554/743/656
f 1556/744/657 1560/748/661 1559/745/658
f 1557/747/660 1561/750/663 1560/748/661
f 1557/747/660 1558/779/670 1562/749/662
f 1560/748/661 1564/752/665 1563/751/664
f 1561/750/663 1565/754/667 1564/752/665
f 1561/750/663 1562/749/662 1566/753/666
f 1551/741/654 1552/740/653 1538/755/644
f 1552/740/653 1553/742/655 1542/757/668
f 1564/752/665 1550/739/652 1546/758/669
f 1565/754/667 1554/743/656 1550/739/652
f 1540/730/643 1562/760/662 1558/759/670
f 1541/732/645 1566/753/666 1562/760/662
f 1542/757/668 1530/761/671 1566/753/666
f 1553/742/655 1554/743/656 1530/761/671
f 1565/754/667 1566/753/666 1530/761/671
f 282/762/672 1531/724/637 331/763/626
f 281/764/673 1532/722/635 1531/724/637
f 280/765/674 1533/725/638 1532/722/635
f 279/766/675 1534/727/640 1533/725/638
f 1531/724/637 1535/723/636 330/709/627
f 1535/723/636 1539/729/642 329/767/628
f 1539/729/642 1558/759/670 328/768/634
f 177/769/500 1543/735/648 276/770/676
f 176/771/504 1544/733/646 1543/735/648
f 176/771/504 175/772/505 1545/738/651
f 175/772/505 174/6015/506 1546/773/669
f 1543/735/648 1547/734/647 277/774/677
f 277/774/677 1547/734/647 1551/741/654
f 278/775/678 1551/741/654 1534/756/640
f 325/716/631 1555/746/659 171/777/516
f 326/719/632 1556/744/657 1555/746/659
f 326/719/632 327/778/633 1557/747/660
f 327/778/633 328/6016/634 1558/779/670
f 1555/746/659 1559/745/658 172/780/519
f 1559/745/658 1563/751/664 173/781/520
f 1563/751/664 1546/758/669 174/782/506
f 1569/783/679 1573/787/683 1572/784/680
f 1569/783/679 1570/788/684 1574/786/682
f 1570/788/684 1571/828/712 1575/789/685
f 1573/787/683 1577/792/688 1576/790/686
f 1573/787/683 1574/786/682 1578/791/687
f 1574/786/682 1575/789/685 1579/793/689
f 1581/794/690 1585/798/694 1584/795/691
f 1582/797/693 1586/800/696 1585/798/694
f 1582/797/693 1583/837/713 1587/799/695
f 1585/798/694 1589/802/698 1588/801/697
f 1586/800/696 1590/804/700 1589/802/698
f 1586/800/696 1587/799/695 1591/803/699
f 1593/805/701 1597/809/705 1596/806/702
f 1594/808/704 1598/811/707 1597/809/705
f 1595/810/706 1599/814/710 1598/811/707
f 1597/809/705 1601/813/709 1600/812/708
f 1598/811/707 1602/815/711 1601/813/709
f 1599/814/710 1603/822/714 1602/815/711
f 1589/802/698 1575/817/685 1571/816/712
f 1590/804/700 1579/793/689 1575/817/685
f 1601/813/709 1587/819/695 1583/818/713
f 1602/815/711 1591/803/699 1587/819/695
f 1576/790/686 1577/792/688 1599/820/710
f 1577/792/688 1578/791/687 1603/822/714
f 1578/791/687 1579/793/689 1567/823/715
f 1590/804/700 1591/803/699 1567/823/715
f 1603/822/714 1567/823/715 1591/803/699
f 332/824/716 1568/785/681 303/825/568
f 333/826/717 1569/783/679 1568/785/681
f 333/826/717 334/827/718 1570/788/684
f 334/827/718 335/840/725 1571/828/712
f 1568/785/681 1572/784/680 302/829/570
f 302/829/570 1572/784/680 1576/790/686
f 301/830/571 1576/790/686 1595/821/706
f 296/832/719 1580/796/692 338/833/720
f 295/835/721 1581/794/690 1580/796/692
f 295/835/721 294/836/722 1582/797/693
f 294/836/722 293/848/729 1583/837/713
f 1580/796/692 1584/795/691 337/838/723
f 1584/795/691 1588/801/697 336/839/724
f 1588/801/697 1571/816/712 335/840/725
f 297/841/577 1592/807/703 290/842/726
f 298/844/581 1593/805/701 1592/807/703
f 299/845/582 1594/808/704 1593/805/701
f 300/831/572 1595/810/706 1594/808/704
f 1592/807/703 1596/806/702 291/846/727
f 1596/806/702 1600/812/708 292/847/728
f 1600/812/708 1583/818/713 293/848/729
f 1606/849/730 1610/853/734 1609/850/731
f 1607/852/733 1611/855/736 1610/853/734
f 1608/854/735 1612/858/739 1611/855/736
f 1610/853/734 1614/857/738 1613/856/737
f 1611/855/736 1615/859/740 1614/857/738
f 1612/858/739 1616/884/763 1615/859/740
f 1618/860/741 1622/864/745 1621/861/742
f 1619/863/744 1623/866/747 1622/864/745
f 1620/865/746 1624/6017/764 1623/866/747
f 1622/864/745 1626/868/749 1625/867/748
f 1623/866/747 1627/870/751 1626/868/749
f 1623/866/747 1624/6017/764 1628/869/750
f 1630/871/752 1634/875/756 1633/872/753
f 1631/874/755 1635/877/758 1634/875/756
f 1631/874/755 1632/906/765 1636/876/757
f 1634/875/756 1638/880/761 1637/878/759
f 1634/875/756 1635/877/758 1639/879/760
f 1635/877/758 1636/876/757 1640/881/762
f 1625/867/748 1626/868/749 1612/882/739
f 1626/868/749 1627/870/751 1616/884/763
f 1638/880/761 1624/886/764 1620/885/746
f 1638/880/761 1639/879/760 1628/869/750
f 1614/857/738 1636/876/757 1632/887/765
f 1615/859/740 1640/881/762 1636/876/757
f 1615/859/740 1616/884/763 1604/888/766
f 1627/870/751 1628/869/750 1604/888/766
f 1639/879/760 1640/881/762 1604/888/766
f 339/889/517 1605/851/732 332/890/716
f 340/589/521 1606/849/730 1605/851/732
f 341/891/522 1607/852/733 1606/849/730
f 342/892/512 1608/854/735 1607/852/733
f 1605/851/732 1609/850/731 333/893/717
f 1609/850/731 1613/856/737 334/827/718
f 1613/856/737 1632/887/765 335/894/725
f 352/895/767 1617/862/743 345/896/507
f 351/897/768 1618/860/741 1617/862/743
f 350/898/769 1619/863/744 1618/860/741
f 349/899/770 1620/865/746 1619/863/744
f 1617/862/743 1621/861/742 344/577/510
f 1621/861/742 1625/867/748 343/900/511
f 343/900/511 1625/867/748 1608/883/735
f 338/902/720 1629/873/754 346/903/771
f 337/904/723 1630/871/752 1629/873/754
f 337/904/723 336/905/724 1631/874/755
f 336/905/724 335/6018/725 1632/906/765
f 1629/873/754 1633/872/753 347/907/772
f 1633/872/753 1637/878/759 348/908/773
f 1637/878/759 1620/885/746 349/909/770
f 1643/910/774 1647/914/778 1646/911/775
f 1644/913/777 1648/916/780 1647/914/778
f 1645/915/779 1649/919/783 1648/916/780
f 1647/914/778 1651/918/782 1650/917/781
f 1648/916/780 1652/920/784 1651/918/782
f 1649/919/783 1653/943/807 1652/920/784
f 1655/921/785 1659/925/789 1658/922/786
f 1655/921/785 1656/926/790 1660/924/788
f 1656/926/790 1657/961/808 1661/927/791
f 1658/922/786 1659/925/789 1663/928/792
f 1659/925/789 1660/924/788 1664/930/794
f 1660/924/788 1661/927/791 1665/931/795
f 1667/932/796 1671/936/800 1670/933/797
f 1668/935/799 1672/938/802 1671/936/800
f 1669/937/801 1673/6019/809 1672/938/802
f 1671/936/800 1675/940/804 1674/939/803
f 1672/938/802 1676/942/806 1675/940/804
f 1672/938/802 1673/6019/809 1677/941/805
f 1662/929/793 1663/928/792 1649/919/783
f 1663/928/792 1664/930/794 1653/943/807
f 1675/940/804 1661/945/791 1657/944/808
f 1676/942/806 1665/931/795 1661/945/791
f 1651/918/782 1673/946/809 1669/937/801
f 1651/918/782 1652/920/784 1677/941/805
f 1652/920/784 1653/943/807 1641/947/810
f 1664/930/794 1665/931/795 1641/947/810
f 1676/942/806 1677/941/805 1641/947/810
f 275/948/811 1642/912/776 352/949/767
f 274/950/812 1643/910/774 1642/912/776
f 273/951/813 1644/913/777 1643/910/774
f 272/952/814 1645/915/779 1644/913/777
f 1642/912/776 1646/911/775 351/953/768
f 1646/911/775 1650/917/781 350/954/769
f 350/954/769 1650/917/781 1669/937/801
f 170/956/439 1654/923/787 269/957/815
f 169/959/443 1655/921/785 1654/923/787
f 169/959/443 168/960/444 1656/926/790
f 168/960/444 167/6020/445 1657/961/808
f 1654/923/787 1658/922/786 270/962/816
f 270/962/816 1658/922/786 1662/929/793
f 271/963/817 1662/929/793 1645/915/779
f 346/964/771 1666/934/798 164/965/455
f 347/966/772 1667/932/796 1666/934/798
f 348/908/773 1668/935/799 1667/932/796
f 349/967/770 1669/937/801 1668/935/799
f 1666/934/798 1670/933/797 165/968/458
f 1670/933/797 1674/939/803 166/969/459
f 1674/939/803 1657/944/808 167/970/445
f 1680/971/818 1684/975/822 1683/972/819
f 1681/974/821 1685/977/824 1684/975/822
f 1682/976/823 1686/980/827 1685/977/824
f 1684/975/822 1688/979/826 1687/978/825
f 1685/977/824 1689/981/828 1688/979/826
f 1686/980/827 1690/1005/851 1689/981/828
f 1691/982/829 1692/986/833 1696/983/830
f 1693/985/832 1697/988/835 1696/983/830
f 1694/987/834 1698/992/839 1697/988/835
f 1695/984/831 1696/983/830 1700/989/836
f 1696/983/830 1697/988/835 1701/991/838
f 1698/992/839 1702/1008/852 1701/991/838
f 1703/993/840 1704/996/843 1708/994/841
f 1704/996/843 1705/998/845 1709/997/844
f 1705/998/845 1706/1033/853 1710/999/846
f 1707/995/842 1708/994/841 1712/1000/847
f 1708/994/841 1709/997/844 1713/1002/849
f 1709/997/844 1710/999/846 1714/1003/850
f 1699/990/837 1700/989/836 1686/1004/827
f 1700/989/836 1701/991/838 1690/1005/851
f 1711/1001/848 1712/1000/847 1698/1006/839
f 1712/1000/847 1713/1002/849 1702/1008/852
f 1688/979/826 1710/1010/846 1706/1009/853
f 1689/981/828 1714/1003/850 1710/1010/846
f 1690/1005/851 1678/1011/854 1714/1003/850
f 1701/991/838 1702/1008/852 1678/1011/854
f 1713/1002/849 1714/1003/850 1678/1011/854
f 353/1012/855 1679/973/820 296/1013/719
f 354/1014/856 1680/971/818 1679/973/820
f 355/1015/857 1681/974/821 1680/971/818
f 356/1016/858 1682/976/823 1681/974/821
f 1679/973/820 1683/972/819 295/1017/721
f 1683/972/819 1687/978/825 294/1018/722
f 1687/978/825 1706/1009/853 293/1019/729
f 26/1020/859 289/1022/861 1691/982/829
f 289/1022/861 288/1023/862 1692/986/833
f 288/1023/862 287/1025/864 1693/985/832
f 286/1024/863 1694/987/834 1693/985/832
f 359/1021/860 1691/982/829 1695/984/831
f 358/1026/865 1695/984/831 1699/990/837
f 357/1027/866 1699/990/837 1682/976/823
f 9/1028/576 290/1030/726 1703/993/840
f 290/1030/726 291/1031/727 1704/996/843
f 291/1031/727 292/1032/728 1705/998/845
f 292/1032/728 293/1019/729 1706/1033/853
f 283/1029/867 1703/993/840 1707/995/842
f 284/1034/868 1707/995/842 1711/1001/848
f 285/1035/869 1711/1001/848 1694/1007/834
f 1717/1037/870 1721/1041/874 1720/1038/871
f 1718/1040/873 1722/1043/876 1721/1041/874
f 1719/1042/875 1723/1046/879 1722/1043/876
f 1721/1041/874 1725/1045/878 1724/1044/877
f 1722/1043/876 1726/1047/880 1725/1045/878
f 1723/1046/879 1727/1072/903 1726/1047/880
f 1728/1048/881 1729/1051/884 1733/1049/882
f 1729/1051/884 1730/1053/886 1734/1052/885
f 1730/1053/886 1731/1090/904 1735/1054/887
f 1732/1050/883 1733/1049/882 1737/1055/888
f 1733/1049/882 1734/1052/885 1738/1057/890
f 1734/1052/885 1735/1054/887 1739/1058/891
f 1741/1059/892 1745/1063/896 1744/1060/893
f 1742/1062/895 1746/1065/898 1745/1063/896
f 1743/1064/897 1747/1068/901 1746/1065/898
f 1745/1063/896 1749/1067/900 1748/1066/899
f 1746/1065/898 1750/1069/902 1749/1067/900
f 1747/1068/901 1751/1077/905 1750/1069/902
f 1736/1056/889 1737/1055/888 1723/1070/879
f 1737/1055/888 1738/1057/890 1727/1072/903
f 1749/1067/900 1735/1074/887 1731/1073/904
f 1750/1069/902 1739/1058/891 1735/1074/887
f 1724/1044/877 1725/1045/878 1747/1075/901
f 1726/1047/880 1751/1077/905 1747/1075/901
f 1727/1072/903 1715/1078/906 1751/1077/905
f 1738/1057/890 1739/1058/891 1715/1078/906
f 1751/1077/905 1715/1078/906 1739/1058/891
f 360/1079/456 1716/1039/872 353/1080/855
f 361/1081/460 1717/1037/870 1716/1039/872
f 362/1082/461 1718/1040/873 1717/1037/870
f 363/512/451 1719/1042/875 1718/1040/873
f 1716/1039/872 1720/1038/871 354/1083/856
f 354/1083/856 1720/1038/871 1724/1044/877
f 355/1084/857 1724/1044/877 1743/1076/897
f 23/509/448 373/1087/907 1728/1048/881
f 373/1087/907 372/1088/908 1729/1051/884
f 372/1088/908 371/1089/909 1730/1053/886
f 371/1089/909 370/6021/913 1731/1090/904
f 366/1086/446 1728/1048/881 1732/1050/883
f 365/1091/449 1732/1050/883 1736/1056/889
f 364/1092/450 1736/1056/889 1719/1071/875
f 359/1093/860 1740/1061/894 367/1094/910
f 358/1096/865 1741/1059/892 1740/1061/894
f 357/1027/866 1742/1062/895 1741/1059/892
f 356/1097/858 1743/1064/897 1742/1062/895
f 1740/1061/894 1744/1060/893 368/1098/911
f 1744/1060/893 1748/1066/899 369/1099/912
f 1748/1066/899 1731/1073/904 370/1100/913
f 1753/1101/914 1754/1104/917 1758/1102/915
f 1754/1104/917 1755/1106/919 1759/1105/918
f 1755/1106/919 1756/1144/947 1760/1107/920
f 1757/1103/916 1758/1102/915 1762/1108/921
f 1758/1102/915 1759/1105/918 1763/1110/923
f 1759/1105/918 1760/1107/920 1764/1111/924
f 1765/1112/925 1766/1115/928 1770/1113/926
f 1766/1115/928 1767/1117/930 1771/1116/929
f 1767/1117/930 1768/1152/948 1772/1118/931
f 1769/1114/927 1770/1113/926 1774/1119/932
f 1770/1113/926 1771/1116/929 1775/1121/934
f 1771/1116/929 1772/1118/931 1776/1122/935
f 1778/1123/936 1782/1127/940 1781/1124/937
f 1779/1126/939 1783/1129/942 1782/1127/940
f 1780/1128/941 1784/1132/945 1783/1129/942
f 1782/1127/940 1786/1131/944 1785/1130/943
f 1783/1129/942 1787/1133/946 1786/1131/944
f 1784/1132/945 1788/1138/949 1787/1133/946
f 1773/1120/933 1774/1119/932 1760/1134/920
f 1774/1119/932 1775/1121/934 1764/1111/924
f 1786/1131/944 1772/1118/931 1768/1136/948
f 1787/1133/946 1776/1122/935 1772/1118/931
f 1761/1109/922 1762/1108/921 1784/1132/945
f 1762/1108/921 1763/1110/923 1788/1138/949
f 1763/1110/923 1764/1111/924 1752/1139/950
f 1775/1121/934 1776/1122/935 1752/1139/950
f 1788/1138/949 1752/1139/950 1776/1122/935
f 22/448/394 374/1141/952 1753/1101/914
f 374/1141/952 375/1142/953 1754/1104/917
f 375/1142/953 376/1143/954 1755/1106/919
f 376/1143/954 377/6022/964 1756/1144/947
f 136/1140/951 1753/1101/914 1757/1103/916
f 137/1145/955 1757/1103/916 1761/1109/922
f 138/1146/956 1761/1109/922 1780/1137/941
f 25/706/624 157/1149/959 1765/1112/925
f 157/1149/959 158/1150/960 1766/1115/928
f 158/1150/960 159/1151/961 1767/1117/930
f 159/1151/961 160/6023/972 1768/1152/948
f 380/1148/958 1765/1112/925 1769/1114/927
f 379/1153/962 1769/1114/927 1773/1120/933
f 1773/1120/933 1756/1135/947 377/1155/964
f 142/1156/965 1777/1125/938 163/1157/966
f 141/1159/968 1778/1123/936 1777/1125/938
f 140/1160/969 1779/1126/939 1778/1123/936
f 139/1161/957 1780/1128/941 1779/1126/939
f 1777/1125/938 1781/1124/937 162/1162/970
f 1781/1124/937 1785/1130/943 161/1163/971
f 1785/1130/943 1768/1136/948 160/1164/972
f 1791/1165/973 1795/1169/977 1794/1166/974
f 1792/1168/976 1796/1171/979 1795/1169/977
f 1793/1170/978 1797/1174/982 1796/1171/979
f 1795/1169/977 1799/1173/981 1798/1172/980
f 1796/1171/979 1800/1175/983 1799/1173/981
f 1797/1174/982 1801/1199/1006 1800/1175/983
f 1803/1176/984 1807/1180/988 1806/1177/985
f 1804/1179/987 1808/1182/990 1807/1180/988
f 1805/1181/989 1809/1185/993 1808/1182/990
f 1807/1180/988 1811/1184/992 1810/1183/991
f 1808/1182/990 1812/1186/994 1811/1184/992
f 1809/1185/993 1813/1202/1007 1812/1186/994
f 1815/1187/995 1819/1191/999 1818/1188/996
f 1816/1190/998 1820/1193/1001 1819/1191/999
f 1816/1190/998 1817/1221/1008 1821/1192/1000
f 1819/1191/999 1823/1195/1003 1822/1194/1002
f 1820/1193/1001 1824/1197/1005 1823/1195/1003
f 1820/1193/1001 1821/1192/1000 1825/1196/1004
f 1810/1183/991 1811/1184/992 1797/1174/982
f 1811/1184/992 1812/1186/994 1801/1199/1006
f 1822/1194/1002 1823/1195/1003 1809/1200/993
f 1823/1195/1003 1824/1197/1005 1813/1202/1007
f 1799/1173/981 1821/1204/1000 1817/1203/1008
f 1800/1175/983 1825/1196/1004 1821/1204/1000
f 1800/1175/983 1801/1199/1006 1789/1205/1009
f 1812/1186/994 1813/1202/1007 1789/1205/1009
f 1824/1197/1005 1825/1196/1004 1789/1205/1009
f 381/1206/395 1790/1167/975 374/1141/952
f 382/1207/399 1791/1165/973 1790/1167/975
f 383/1208/400 1792/1168/976 1791/1165/973
f 384/456/393 1793/1170/978 1792/1168/976
f 1790/1167/975 1794/1166/974 375/1142/953
f 1794/1166/974 1798/1172/980 376/1209/954
f 1798/1172/980 1817/1203/1008 377/1210/964
f 394/1211/1010 1802/1178/986 387/1212/390
f 393/1213/1011 1803/1176/984 1802/1178/986
f 392/1214/1012 1804/1179/987 1803/1176/984
f 391/1215/1013 1805/1181/989 1804/1179/987
f 1802/1178/986 1806/1177/985 386/443/391
f 1806/1177/985 1810/1183/991 385/1216/392
f 385/1216/392 1810/1183/991 1793/1198/978
f 380/1148/958 1814/1189/997 388/1218/1014
f 379/1219/962 1815/1187/995 1814/1189/997
f 378/1220/963 1816/1190/998 1815/1187/995
f 378/1220/963 377/6024/964 1817/1221/1008
f 1814/1189/997 1818/1188/996 389/1222/1015
f 389/1222/1015 1818/1188/996 1822/1194/1002
f 390/1223/1016 1822/1194/1002 1805/1201/989
f 1828/1225/1017 1832/1229/1021 1831/1226/1018
f 1829/1228/1020 1833/1231/1023 1832/1229/1021
f 1830/1230/1022 1834/1235/1027 1833/1231/1023
f 1832/1229/1021 1836/1234/1026 1835/1232/1024
f 1832/1229/1021 1833/1231/1023 1837/1233/1025
f 1834/1235/1027 1838/1260/1050 1837/1233/1025
f 1840/1236/1028 1844/1240/1032 1843/1237/1029
f 1840/1236/1028 1841/1241/1033 1845/1239/1031
f 1841/1241/1033 1842/1261/1051 1846/1242/1034
f 1844/1240/1032 1848/1245/1037 1847/1243/1035
f 1844/1240/1032 1845/1239/1031 1849/1244/1036
f 1845/1239/1031 1846/1242/1034 1850/1246/1038
f 1852/1247/1039 1856/1251/1043 1855/1248/1040
f 1853/1250/1042 1857/1253/1045 1856/1251/1043
f 1854/1252/1044 1858/1256/1048 1857/1253/1045
f 1856/1251/1043 1860/1255/1047 1859/1254/1046
f 1857/1253/1045 1861/1257/1049 1860/1255/1047
f 1858/1256/1048 1862/1263/1052 1861/1257/1049
f 1847/1243/1035 1848/1245/1037 1834/1258/1027
f 1848/1245/1037 1849/1244/1036 1838/1260/1050
f 1860/1255/1047 1846/1242/1034 1842/1261/1051
f 1861/1257/1049 1850/1246/1038 1846/1242/1034
f 1835/1232/1024 1836/1234/1026 1858/1256/1048
f 1836/1234/1026 1837/1233/1025 1862/1263/1052
f 1837/1233/1025 1838/1260/1050 1826/1264/1053
f 1849/1244/1036 1850/1246/1038 1826/1264/1053
f 1862/1263/1052 1826/1264/1053 1850/1246/1038
f 247/1265/1054 1827/1227/1019 394/1266/1010
f 246/1267/1055 1828/1225/1017 1827/1227/1019
f 245/1268/1056 1829/1228/1020 1828/1225/1017
f 245/1268/1056 244/1276/1060 1830/1230/1022
f 1827/1227/1019 1831/1226/1018 393/1269/1011
f 393/1269/1011 1831/1226/1018 1835/1232/1024
f 392/1270/1012 1835/1232/1024 1854/1262/1044
f 276/770/676 1839/1238/1030 241/1271/1057
f 277/1272/677 1840/1236/1028 1839/1238/1030
f 278/1273/678 1841/1241/1033 1840/1236/1028
f 278/1273/678 279/6025/675 1842/1261/1051
f 1839/1238/1030 1843/1237/1029 242/1274/1058
f 1843/1237/1029 1847/1243/1035 243/1275/1059
f 1847/1243/1035 1830/1259/1022 244/1276/1060
f 388/1277/1014 1851/1249/1041 282/1278/672
f 389/1279/1015 1852/1247/1039 1851/1249/1041
f 390/1280/1016 1853/1250/1042 1852/1247/1039
f 391/1215/1013 1854/1252/1044 1853/1250/1042
f 1851/1249/1041 1855/1248/1040 281/1281/673
f 1855/1248/1040 1859/1254/1046 280/1282/674
f 1859/1254/1046 1842/1261/1051 279/1283/675
f 1865/1284/1061 1869/1288/1065 1868/1285/1062
f 1865/1284/1061 1866/1289/1066 1870/1287/1064
f 1866/1289/1066 1867/1329/1094 1871/1290/1067
f 1869/1288/1065 1873/1293/1070 1872/1291/1068
f 1869/1288/1065 1870/1287/1064 1874/1292/1069
f 1870/1287/1064 1871/1290/1067 1875/1294/1071
f 1877/1295/1072 1881/1299/1076 1880/1296/1073
f 1878/1298/1075 1882/1301/1078 1881/1299/1076
f 1879/1300/1077 1883/1304/1081 1882/1301/1078
f 1881/1299/1076 1885/1303/1080 1884/1302/1079
f 1882/1301/1078 1886/1305/1082 1885/1303/1080
f 1883/1304/1081 1887/1321/1095 1886/1305/1082
f 1889/1306/1083 1893/1310/1087 1892/1307/1084
f 1890/1309/1086 1894/1312/1089 1893/1310/1087
f 1891/1311/1088 1895/1323/1096 1894/1312/1089
f 1892/1307/1084 1893/1310/1087 1897/1313/1090
f 1893/1310/1087 1894/1312/1089 1898/1315/1092
f 1894/1312/1089 1895/1323/1096 1899/1316/1093
f 1885/1303/1080 1871/1318/1067 1867/1317/1094
f 1886/1305/1082 1875/1294/1071 1871/1318/1067
f 1896/1314/1091 1897/1313/1090 1883/1319/1081
f 1897/1313/1090 1898/1315/1092 1887/1321/1095
f 1873/1293/1070 1895/1323/1096 1891/1322/1088
f 1873/1293/1070 1874/1292/1069 1899/1316/1093
f 1874/1292/1069 1875/1294/1071 1863/1324/1097
f 1886/1305/1082 1887/1321/1095 1863/1324/1097
f 1898/1315/1092 1899/1316/1093 1863/1324/1097
f 395/1325/1098 1864/1286/1063 129/1326/1099
f 395/1325/1098 396/1327/1100 1865/1284/1061
f 396/1327/1100 397/1328/1101 1866/1289/1066
f 397/1328/1101 398/6026/1108 1867/1329/1094
f 1864/1286/1063 1868/1285/1062 130/1330/1102
f 1868/1285/1062 1872/1291/1068 131/1331/1103
f 131/1331/1103 1872/1291/1068 1891/1322/1088
f 150/1333/508 1876/1297/1074 401/1334/1105
f 151/1335/513 1877/1295/1072 1876/1297/1074
f 152/581/514 1878/1298/1075 1877/1295/1072
f 153/1336/515 1879/1300/1077 1878/1298/1075
f 1876/1297/1074 1880/1296/1073 400/1337/1106
f 1880/1296/1073 1884/1302/1079 399/1338/1107
f 1884/1302/1079 1867/1317/1094 398/1339/1108
f 135/1340/1109 1888/1308/1085 156/1341/499
f 134/1342/1110 1889/1306/1083 1888/1308/1085
f 134/1342/1110 133/1343/1111 1890/1309/1086
f 132/1332/1104 1891/1311/1088 1890/1309/1086
f 1888/1308/1085 1892/1307/1084 155/1344/502
f 1892/1307/1084 1896/1314/1091 154/1345/503
f 154/1345/503 1896/1314/1091 1879/1320/1077
f 1902/1346/1112 1906/1350/1116 1905/1347/1113
f 1903/1349/1115 1907/1352/1118 1906/1350/1116
f 1904/1351/1117 1908/1355/1121 1907/1352/1118
f 1906/1350/1116 1910/1354/1120 1909/1353/1119
f 1907/1352/1118 1911/1356/1122 1910/1354/1120
f 1908/1355/1121 1912/1381/1145 1911/1356/1122
f 1914/1357/1123 1918/1361/1127 1917/1358/1124
f 1915/1360/1126 1919/1363/1129 1918/1361/1127
f 1915/1360/1126 1916/1382/1146 1920/1362/1128
f 1918/1361/1127 1922/1366/1132 1921/1364/1130
f 1918/1361/1127 1919/1363/1129 1923/1365/1131
f 1919/1363/1129 1920/1362/1128 1924/1367/1133
f 1926/1368/1134 1930/1372/1138 1929/1369/1135
f 1927/1371/1137 1931/1374/1140 1930/1372/1138
f 1927/1371/1137 1928/1401/1147 1932/1373/1139
f 1930/1372/1138 1934/1376/1142 1933/1375/1141
f 1931/1374/1140 1935/1378/1144 1934/1376/1142
f 1931/1374/1140 1932/1373/1139 1936/1377/1143
f 1921/1364/1130 1922/1366/1132 1908/1379/1121
f 1922/1366/1132 1923/1365/1131 1912/1381/1145
f 1934/1376/1142 1920/1362/1128 1916/1382/1146
f 1935/1378/1144 1924/1367/1133 1920/1362/1128
f 1910/1354/1120 1932/1384/1139 1928/1383/1147
f 1911/1356/1122 1936/1377/1143 1932/1384/1139
f 1911/1356/1122 1912/1381/1145 1900/1385/1148
f 1923/1365/1131 1924/1367/1133 1900/1385/1148
f 1935/1378/1144 1936/1377/1143 1900/1385/1148
f 402/1386/343 1901/1348/1114 395/1325/1098
f 403/1387/347 1902/1346/1112 1901/1348/1114
f 404/1388/348 1903/1349/1115 1902/1346/1112
f 405/1389/341 1904/1351/1117 1903/1349/1115
f 1901/1348/1114 1905/1347/1113 396/1390/1100
f 1905/1347/1113 1909/1353/1119 397/1391/1101
f 1909/1353/1119 1928/1383/1147 398/1339/1108
f 415/1392/1149 1913/1359/1125 408/1393/338
f 414/1394/1150 1914/1357/1123 1913/1359/1125
f 413/1395/1151 1915/1360/1126 1914/1357/1123
f 413/1395/1151 412/6027/1155 1916/1382/1146
f 1913/1359/1125 1917/1358/1124 407/1396/339
f 407/1396/339 1917/1358/1124 1921/1364/1130
f 406/1397/340 1921/1364/1130 1904/1380/1117
f 401/1398/1105 1925/1370/1136 409/1399/1152
f 400/1400/1106 1926/1368/1134 1925/1370/1136
f 399/1338/1107 1927/1371/1137 1926/1368/1134
f 399/1338/1107 398/1339/1108 1928/1401/1147
f 1925/1370/1136 1929/1369/1135 410/1402/1153
f 1929/1369/1135 1933/1375/1141 411/1403/1154
f 1933/1375/1141 1916/1382/1146 412/1404/1155
f 1939/1405/1156 1943/1409/1160 1942/1406/1157
f 1940/1408/1159 1944/1411/1162 1943/1409/1160
f 1941/1410/1161 1945/1414/1165 1944/1411/1162
f 1943/1409/1160 1947/1413/1164 1946/1412/1163
f 1944/1411/1162 1948/1415/1166 1947/1413/1164
f 1945/1414/1165 1949/1440/1189 1948/1415/1166
f 1951/1416/1167 1955/1420/1171 1954/1417/1168
f 1951/1416/1167 1952/1421/1172 1956/1419/1170
f 1952/1421/1172 1953/1441/1190 1957/1422/1173
f 1954/1417/1168 1955/1420/1171 1959/1423/1174
f 1955/1420/1171 1956/1419/1170 1960/1425/1176
f 1956/1419/1170 1957/1422/1173 1961/1426/1177
f 1963/1427/1178 1967/1431/1182 1966/1428/1179
f 1964/1430/1181 1968/1433/1184 1967/1431/1182
f 1965/1432/1183 1969/6028/1191 1968/1433/1184
f 1967/1431/1182 1971/1435/1186 1970/1434/1185
f 1968/1433/1184 1972/1437/1188 1971/1435/1186
f 1968/1433/1184 1969/6028/1191 1973/1436/1187
f 1958/1424/1175 1959/1423/1174 1945/1438/1165
f 1959/1423/1174 1960/1425/1176 1949/1440/1189
f 1971/1435/1186 1957/1442/1173 1953/1441/1190
f 1972/1437/1188 1961/1426/1177 1957/1442/1173
f 1947/1413/1164 1969/1444/1191 1965/1443/1183
f 1947/1413/1164 1948/1415/1166 1973/1436/1187
f 1948/1415/1166 1949/1440/1189 1937/1445/1192
f 1960/1425/1176 1961/1426/1177 1937/1445/1192
f 1972/1437/1188 1973/1436/1187 1937/1445/1192
f 233/1446/1193 1938/1407/1158 415/1447/1149
f 232/1448/1194 1939/1405/1156 1938/1407/1158
f 231/1449/1195 1940/1408/1159 1939/1405/1156
f 230/1450/1196 1941/1410/1161 1940/1408/1159
f 1938/1407/1158 1942/1406/1157 414/1451/1150
f 1942/1406/1157 1946/1412/1163 413/1452/1151
f 1946/1412/1163 1965/1443/1183 412/1404/1155
f 269/1453/815 1950/1418/1169 227/1454/1197
f 270/1455/816 1951/1416/1167 1950/1418/1169
f 270/1455/816 271/1456/817 1952/1421/1172
f 271/1456/817 272/6029/814 1953/1441/1190
f 1950/1418/1169 1954/1417/1168 228/1457/1198
f 228/1457/1198 1954/1417/1168 1958/1424/1175
f 229/1458/1199 1958/1424/1175 1941/1439/1161
f 409/1459/1152 1962/1429/1180 275/948/811
f 410/1402/1153 1963/1427/1178 1962/1429/1180
f 411/1460/1154 1964/1430/1181 1963/1427/1178
f 411/1460/1154 412/6030/1155 1965/1432/1183
f 1962/1429/1180 1966/1428/1179 274/1461/812
f 1966/1428/1179 1970/1434/1185 273/951/813
f 1970/1434/1185 1953/1441/1190 272/1462/814
f 1976/1463/1200 1980/1467/1204 1979/1464/1201
f 1977/1466/1203 1981/1469/1206 1980/1467/1204
f 1977/1466/1203 1978/1496/1233 1982/1468/1205
f 1980/1467/1204 1984/1472/1209 1983/1470/1207
f 1980/1467/1204 1981/1469/1206 1985/1471/1208
f 1981/1469/1206 1982/1468/1205 1986/1473/1210
f 1988/1474/1211 1992/1478/1215 1991/1475/1212
f 1989/1477/1214 1993/1480/1217 1992/1478/1215
f 1990/1479/1216 1994/1483/1220 1993/1480/1217
f 1992/1478/1215 1996/1482/1219 1995/1481/1218
f 1993/1480/1217 1997/1484/1221 1996/1482/1219
f 1994/1483/1220 1998/1500/1234 1997/1484/1221
f 2000/1485/1222 2004/1489/1226 2003/1486/1223
f 2000/1485/1222 2001/1490/1227 2005/1488/1225
f 2001/1490/1227 2002/1520/1235 2006/1491/1228
f 2003/1486/1223 2004/1489/1226 2008/1492/1229
f 2004/1489/1226 2005/1488/1225 2009/1494/1231
f 2005/1488/1225 2006/1491/1228 2010/1495/1232
f 1996/1482/1219 1982/1497/1205 1978/1496/1233
f 1997/1484/1221 1986/1473/1210 1982/1497/1205
f 2007/1493/1230 2008/1492/1229 1994/1498/1220
f 2008/1492/1229 2009/1494/1231 1998/1500/1234
f 1984/1472/1209 2006/1502/1228 2002/1501/1235
f 1984/1472/1209 1985/1471/1208 2010/1495/1232
f 1985/1471/1208 1986/1473/1210 1974/1503/1236
f 1997/1484/1221 1998/1500/1234 1974/1503/1236
f 2009/1494/1231 2010/1495/1232 1974/1503/1236
f 416/1504/1237 1975/1465/1202 115/1505/1238
f 417/1506/1239 1976/1463/1200 1975/1465/1202
f 417/1506/1239 418/1507/1240 1977/1466/1203
f 418/1507/1240 419/6031/1247 1978/1496/1233
f 1975/1465/1202 1979/1464/1201 116/1508/1241
f 1979/1464/1201 1983/1470/1207 117/1509/1242
f 1983/1470/1207 2002/1501/1235 118/1510/1243
f 143/508/447 1987/1476/1213 422/1511/1244
f 144/1512/452 1988/1474/1211 1987/1476/1213
f 145/1513/453 1989/1477/1214 1988/1474/1211
f 146/515/454 1990/1479/1216 1989/1477/1214
f 1987/1476/1213 1991/1475/1212 421/1514/1245
f 1991/1475/1212 1995/1481/1218 420/1515/1246
f 1995/1481/1218 1978/1496/1233 419/1516/1247
f 121/1517/1248 1999/1487/1224 149/498/438
f 120/1518/1249 2000/1485/1222 1999/1487/1224
f 119/1519/1250 2001/1490/1227 2000/1485/1222
f 119/1519/1250 118/6032/1243 2002/1520/1235
f 1999/1487/1224 2003/1486/1223 148/1521/441
f 148/1521/441 2003/1486/1223 2007/1493/1230
f 147/1522/442 2007/1493/1230 1990/1499/1216
f 2013/1524/1251 2017/1528/1255 2016/1525/1252
f 2014/1527/1254 2018/1530/1257 2017/1528/1255
f 2014/1527/1254 2015/1568/1284 2019/1529/1256
f 2017/1528/1255 2021/1533/1260 2020/1531/1258
f 2017/1528/1255 2018/1530/1257 2022/1532/1259
f 2018/1530/1257 2019/1529/1256 2023/1534/1261
f 2025/1535/1262 2029/1539/1266 2028/1536/1263
f 2026/1538/1265 2030/1541/1268 2029/1539/1266
f 2027/1540/1267 2031/1544/1271 2030/1541/1268
f 2029/1539/1266 2033/1543/1270 2032/1542/1269
f 2030/1541/1268 2034/1545/1272 2033/1543/1270
f 2031/1544/1271 2035/1560/1285 2034/1545/1272
f 2037/1546/1273 2041/1550/1277 2040/1547/1274
f 2038/1549/1276 2042/1552/1279 2041/1550/1277
f 2039/1551/1278 2043/1555/1282 2042/1552/1279
f 2041/1550/1277 2045/1554/1281 2044/1553/1280
f 2042/1552/1279 2046/1556/1283 2045/1554/1281
f 2043/1555/1282 2047/1562/1286 2046/1556/1283
f 2033/1543/1270 2019/1558/1256 2015/1557/1284
f 2034/1545/1272 2023/1534/1261 2019/1558/1256
f 2045/1554/1281 2031/1561/1271 2027/1559/1267
f 2045/1554/1281 2046/1556/1283 2035/1560/1285
f 2021/1533/1260 2043/1555/1282 2039/1551/1278
f 2021/1533/1260 2022/1532/1259 2047/1562/1286
f 2022/1532/1259 2023/1534/1261 2011/1563/1287
f 2034/1545/1272 2035/1560/1285 2011/1563/1287
f 2046/1556/1283 2047/1562/1286 2011/1563/1287
f 423/1564/290 2012/1526/1253 416/1565/1237
f 424/1566/294 2013/1524/1251 2012/1526/1253
f 424/1566/294 425/1567/295 2014/1527/1254
f 425/1567/295 426/6033/296 2015/1568/1284
f 2012/1526/1253 2016/1525/1252 417/1569/1239
f 2016/1525/1252 2020/1531/1258 418/1570/1240
f 2020/1531/1258 2039/1551/1278 419/1571/1247
f 436/1572/1288 2024/1537/1264 429/315/283
f 435/1573/1289 2025/1535/1262 2024/1537/1264
f 434/1574/1290 2026/1538/1265 2025/1535/1262
f 433/1575/1291 2027/1540/1267 2026/1538/1265
f 2024/1537/1264 2028/1536/1263 428/1576/284
f 2028/1536/1263 2032/1542/1269 427/1577/285
f 2032/1542/1269 2015/1557/1284 426/329/296
f 422/1578/1244 2036/1548/1275 430/1579/1292
f 421/1514/1245 2037/1546/1273 2036/1548/1275
f 420/1580/1246 2038/1549/1276 2037/1546/1273
f 420/1580/1246 419/1571/1247 2039/1551/1278
f 2036/1548/1275 2040/1547/1274 431/1581/1293
f 2040/1547/1274 2044/1553/1280 432/1582/1294
f 2044/1553/1280 2027/1559/1267 433/1583/1291
f 2049/1584/1295 2050/1587/1298 2054/1585/1296
f 2050/1587/1298 2051/1589/1300 2055/1588/1299
f 2051/1589/1300 2052/1627/1328 2056/1590/1301
f 2053/1586/1297 2054/1585/1296 2058/1591/1302
f 2054/1585/1296 2055/1588/1299 2059/1593/1304
f 2055/1588/1299 2056/1590/1301 2060/1594/1305
f 2062/1595/1306 2066/1599/1310 2065/1596/1307
f 2063/1598/1309 2067/1601/1312 2066/1599/1310
f 2064/1600/1311 2068/1604/1315 2067/1601/1312
f 2066/1599/1310 2070/1603/1314 2069/1602/1313
f 2067/1601/1312 2071/1605/1316 2070/1603/1314
f 2068/1604/1315 2072/1619/1329 2071/1605/1316
f 2073/1606/1317 2074/1609/1320 2078/1607/1318
f 2074/1609/1320 2075/1611/1322 2079/1610/1321
f 2075/1611/1322 2076/1643/1330 2080/1612/1323
f 2077/1608/1319 2078/1607/1318 2082/1613/1324
f 2078/1607/1318 2079/1610/1321 2083/1615/1326
f 2079/1610/1321 2080/1612/1323 2084/1616/1327
f 2070/1603/1314 2056/1618/1301 2052/1617/1328
f 2071/1605/1316 2060/1594/1305 2056/1618/1301
f 2081/1614/1325 2082/1613/1324 2068/1604/1315
f 2082/1613/1324 2083/1615/1326 2072/1619/1329
f 2057/1592/1303 2058/1591/1302 2080/1620/1323
f 2058/1591/1302 2059/1593/1304 2084/1616/1327
f 2059/1593/1304 2060/1594/1305 2048/1622/1331
f 2072/1619/1329 2048/1622/1331 2060/1594/1305
f 2083/1615/1326 2084/1616/1327 2048/1622/1331
f 17/313/281 226/1624/1332 2049/1584/1295
f 226/1624/1332 225/1625/1333 2050/1587/1298
f 225/1625/1333 224/1626/1334 2051/1589/1300
f 224/1626/1334 223/6034/1343 2052/1627/1328
f 436/1623/1288 2049/1584/1295 2053/1586/1297
f 435/1628/1289 2053/1586/1297 2057/1592/1303
f 434/1629/1290 2057/1592/1303 2076/1621/1330
f 262/1630/1335 2061/1597/1308 220/1631/1336
f 263/1633/1338 2062/1595/1306 2061/1597/1308
f 264/1634/1339 2063/1598/1309 2062/1595/1306
f 265/1635/1340 2064/1600/1311 2063/1598/1309
f 2061/1597/1308 2065/1596/1307 221/1636/1341
f 2065/1596/1307 2069/1602/1313 222/1637/1342
f 2069/1602/1313 2052/1617/1328 223/1638/1343
f 23/509/448 430/1640/1292 2073/1606/1317
f 430/1640/1292 431/1641/1293 2074/1609/1320
f 431/1641/1293 432/1642/1294 2075/1611/1322
f 432/1642/1294 433/1575/1291 2076/1643/1330
f 268/1639/1344 2073/1606/1317 2077/1608/1319
f 267/1644/1345 2077/1608/1319 2081/1614/1325
f 266/1645/1346 2081/1614/1325 2064/1600/1311
f 2086/1647/1347 2093/1651/1351 2092/1648/1348
f 2087/1650/1350 2094/1653/1353 2093/1651/1351
f 2088/1652/1352 2095/1655/1355 2094/1653/1353
f 2089/1654/1354 2096/1657/1357 2095/1655/1355
f 2090/1656/1356 2097/1659/1359 2096/1657/1357
f 2091/1658/1358 2098/1665/1365 2097/1659/1359
f 2093/1651/1351 2100/1661/1361 2099/1660/1360
f 2094/1653/1353 2101/1662/1362 2100/1661/1361
f 2095/1655/1355 2102/1663/1363 2101/1662/1362
f 2096/1657/1357 2103/1664/1364 2102/1663/1363
f 2097/1659/1359 2104/1666/1366 2103/1664/1364
f 2098/1665/1365 2105/1672/1372 2104/1666/1366
f 2100/1661/1361 2107/1668/1368 2106/1667/1367
f 2101/1662/1362 2108/1669/1369 2107/1668/1368
f 2102/1663/1363 2109/1670/1370 2108/1669/1369
f 2103/1664/1364 2110/1671/1371 2109/1670/1370
f 2104/1666/1366 2111/1673/1373 2110/1671/1371
f 2105/1672/1372 2112/1679/1379 2111/1673/1373
f 2107/1668/1368 2114/1675/1375 2113/1674/1374
f 2108/1669/1369 2115/1676/1376 2114/1675/1375
f 2109/1670/1370 2116/1677/1377 2115/1676/1376
f 2110/1671/1371 2117/1678/1378 2116/1677/1377
f 2111/1673/1373 2118/1680/1380 2117/1678/1378
f 2112/1679/1379 2119/1686/1386 2118/1680/1380
f 2114/1675/1375 2121/1682/1382 2120/1681/1381
f 2115/1676/1376 2122/1683/1383 2121/1682/1382
f 2116/1677/1377 2123/1684/1384 2122/1683/1383
f 2117/1678/1378 2124/1685/1385 2123/1684/1384
f 2118/1680/1380 2125/1687/1387 2124/1685/1385
f 2119/1686/1386 2126/1693/1393 2125/1687/1387
f 2121/1682/1382 2128/1689/1389 2127/1688/1388
f 2122/1683/1383 2129/1690/1390 2128/1689/1389
f 2123/1684/1384 2130/1691/1391 2129/1690/1390
f 2124/1685/1385 2131/1692/1392 2130/1691/1391
f 2125/1687/1387 2132/1694/1394 2131/1692/1392
f 2126/1693/1393 2133/1707/1401 2132/1694/1394
f 136/1695/951 2085/1649/1349 605/1696/1395
f 137/1697/955 2086/1647/1347 2085/1649/1349
f 138/1698/956 2087/1650/1350 2086/1647/1347
f 139/1699/957 2088/1652/1352 2087/1650/1350
f 140/1160/969 2089/1654/1354 2088/1652/1352
f 141/1700/968 2090/1656/1356 2089/1654/1354
f 142/1701/965 2091/1658/1358 2090/1656/1356
f 8/1158/967 450/1702/1396 2091/1658/1358
f 450/1702/1396 449/2444/2047 2098/1665/1365
f 2098/1665/1365 449/2444/2047 448/1703/1397
f 2105/1672/1372 448/1703/1397 447/1704/1398
f 2112/1679/1379 447/1704/1398 446/1705/1399
f 2119/1686/1386 446/1705/1399 445/1706/1400
f 445/1706/1400 444/1708/1402 2133/1707/1401
f 444/1708/1402 49/2443/2046 737/1709/1403
f 2133/1707/1401 737/1709/1403 736/1710/1404
f 2132/1694/1394 736/1710/1404 735/1711/1405
f 2131/1692/1392 735/1711/1405 734/1712/1406
f 2130/1691/1391 734/1712/1406 733/1713/1407
f 2129/1690/1390 733/1713/1407 732/1714/1408
f 2128/1689/1389 732/1714/1408 731/1715/1409
f 611/1716/1410 2127/1688/1388 731/1715/1409
f 2120/1681/1381 2127/1688/1388 611/1716/1410
f 2113/1674/1374 2120/1681/1381 610/1718/1412
f 2106/1667/1367 2113/1674/1374 609/1719/1413
f 2099/1660/1360 2106/1667/1367 608/1720/1414
f 2092/1648/1348 2099/1660/1360 607/1721/1415
f 2085/1649/1349 2092/1648/1348 606/1722/1416
f 2135/1723/1417 2142/1727/1421 2141/1724/1418
f 2136/1726/1420 2143/1729/1423 2142/1727/1421
f 2137/1728/1422 2144/1731/1425 2143/1729/1423
f 2138/1730/1424 2145/1733/1427 2144/1731/1425
f 2139/1732/1426 2146/1735/1429 2145/1733/1427
f 2140/1734/1428 2147/1741/1435 2146/1735/1429
f 2142/1727/1421 2149/1737/1431 2148/1736/1430
f 2143/1729/1423 2150/1738/1432 2149/1737/1431
f 2144/1731/1425 2151/1739/1433 2150/1738/1432
f 2145/1733/1427 2152/1740/1434 2151/1739/1433
f 2146/1735/1429 2153/1742/1436 2152/1740/1434
f 2147/1741/1435 2154/1748/1442 2153/1742/1436
f 2149/1737/1431 2156/1744/1438 2155/1743/1437
f 2150/1738/1432 2157/1745/1439 2156/1744/1438
f 2151/1739/1433 2158/1746/1440 2157/1745/1439
f 2152/1740/1434 2159/1747/1441 2158/1746/1440
f 2153/1742/1436 2160/1749/1443 2159/1747/1441
f 2154/1748/1442 2161/1755/1449 2160/1749/1443
f 2156/1744/1438 2163/1751/1445 2162/1750/1444
f 2157/1745/1439 2164/1752/1446 2163/1751/1445
f 2158/1746/1440 2165/1753/1447 2164/1752/1446
f 2159/1747/1441 2166/1754/1448 2165/1753/1447
f 2160/1749/1443 2167/1756/1450 2166/1754/1448
f 2161/1755/1449 2168/1762/1456 2167/1756/1450
f 2163/1751/1445 2170/1758/1452 2169/1757/1451
f 2164/1752/1446 2171/1759/1453 2170/1758/1452
f 2165/1753/1447 2172/1760/1454 2171/1759/1453
f 2166/1754/1448 2173/1761/1455 2172/1760/1454
f 2167/1756/1450 2174/1763/1457 2173/1761/1455
f 2168/1762/1456 2175/1769/1463 2174/1763/1457
f 2170/1758/1452 2177/1765/1459 2176/1764/1458
f 2171/1759/1453 2178/1766/1460 2177/1765/1459
f 2172/1760/1454 2179/1767/1461 2178/1766/1460
f 2173/1761/1455 2180/1768/1462 2179/1767/1461
f 2174/1763/1457 2181/1770/1464 2180/1768/1462
f 2175/1769/1463 2182/1787/1480 2181/1770/1464
f 562/1771/1465 2134/1725/1419 507/1772/1466
f 561/1774/1467 2135/1723/1417 2134/1725/1419
f 560/1775/1468 2136/1726/1420 2135/1723/1417
f 559/1776/1469 2137/1728/1422 2136/1726/1420
f 558/1777/1470 2138/1730/1424 2137/1728/1422
f 557/1778/1471 2139/1732/1426 2138/1730/1424
f 556/1779/1472 2140/1734/1428 2139/1732/1426
f 16/1780/1473 443/1781/1474 2140/1734/1428
f 443/1781/1474 442/1782/1475 2147/1741/1435
f 442/1782/1475 441/1783/1476 2154/1748/1442
f 441/1783/1476 440/1784/1477 2161/1755/1449
f 440/1784/1477 439/1785/1478 2168/1762/1456
f 439/1785/1478 438/1786/1479 2175/1769/1463
f 438/1786/1479 437/1788/1481 2182/1787/1480
f 437/1788/1481 40/2374/1981 1074/1789/1482
f 2182/1787/1480 1074/1789/1482 1075/1790/1483
f 2181/1770/1464 1075/1790/1483 1076/1791/1484
f 2180/1768/1462 1076/1791/1484 1077/1792/1485
f 2179/1767/1461 1077/1792/1485 1078/1793/1486
f 2178/1766/1460 1078/1793/1486 1079/1794/1487
f 2177/1765/1459 1079/1794/1487 1080/1795/1488
f 2176/1764/1458 1080/1795/1488 39/1773/1489
f 2169/1757/1451 2176/1764/1458 513/1796/1490
f 2162/1750/1444 2169/1757/1451 512/1772/1491
f 2155/1743/1437 2162/1750/1444 511/1796/1492
f 2148/1736/1430 2155/1743/1437 510/1772/1493
f 2141/1724/1418 2148/1736/1430 509/1796/1494
f 2134/1725/1419 2141/1724/1418 508/1772/1495
f 2184/1797/1496 2191/1801/1500 2190/1798/1497
f 2185/1800/1499 2192/1803/1502 2191/1801/1500
f 2186/1802/1501 2193/1805/1504 2192/1803/1502
f 2187/1804/1503 2194/1807/1506 2193/1805/1504
f 2188/1806/1505 2195/1809/1508 2194/1807/1506
f 2188/1806/1505 2189/1846/1544 2196/1808/1507
f 2191/1801/1500 2198/1811/1510 2197/1810/1509
f 2192/1803/1502 2199/1812/1511 2198/1811/1510
f 2193/1805/1504 2200/1813/1512 2199/1812/1511
f 2194/1807/1506 2201/1814/1513 2200/1813/1512
f 2195/1809/1508 2202/1815/1514 2201/1814/1513
f 2196/1808/1507 2203/1821/1520 2202/1815/1514
f 2198/1811/1510 2205/1817/1516 2204/1816/1515
f 2199/1812/1511 2206/1818/1517 2205/1817/1516
f 2200/1813/1512 2207/1819/1518 2206/1818/1517
f 2201/1814/1513 2208/1820/1519 2207/1819/1518
f 2202/1815/1514 2209/1822/1521 2208/1820/1519
f 2203/1821/1520 2210/1828/1527 2209/1822/1521
f 2205/1817/1516 2212/1824/1523 2211/1823/1522
f 2206/1818/1517 2213/1825/1524 2212/1824/1523
f 2207/1819/1518 2214/1826/1525 2213/1825/1524
f 2208/1820/1519 2215/1827/1526 2214/1826/1525
f 2209/1822/1521 2216/1829/1528 2215/1827/1526
f 2210/1828/1527 2217/1835/1534 2216/1829/1528
f 2212/1824/1523 2219/1831/1530 2218/1830/1529
f 2213/1825/1524 2220/1832/1531 2219/1831/1530
f 2214/1826/1525 2221/1833/1532 2220/1832/1531
f 2215/1827/1526 2222/1834/1533 2221/1833/1532
f 2216/1829/1528 2223/1836/1535 2222/1834/1533
f 2217/1835/1534 2224/1842/1541 2223/1836/1535
f 2219/1831/1530 2226/1838/1537 2225/1837/1536
f 2220/1832/1531 2227/1839/1538 2226/1838/1537
f 2221/1833/1532 2228/1840/1539 2227/1839/1538
f 2222/1834/1533 2229/1841/1540 2228/1840/1539
f 2223/1836/1535 2230/1843/1542 2229/1841/1540
f 2224/1842/1541 2231/1854/1551 2230/1843/1542
f 283/1844/867 2183/1799/1498 451/1845/1543
f 284/1034/868 2184/1797/1496 2183/1799/1498
f 285/1035/869 2185/1800/1499 2184/1797/1496
f 286/1036/863 2186/1802/1501 2185/1800/1499
f 287/1025/864 2187/1804/1503 2186/1802/1501
f 287/1025/864 288/1023/862 2188/1806/1505
f 288/1023/862 289/1847/861 2189/1846/1544
f 289/1847/861 26/3578/859 639/1848/1545
f 2189/1846/1544 639/1848/1545 638/1849/1546
f 2196/1808/1507 638/1849/1546 637/1850/1547
f 2203/1821/1520 637/1850/1547 636/1851/1548
f 2210/1828/1527 636/1851/1548 635/1852/1549
f 2217/1835/1534 635/1852/1549 634/1853/1550
f 634/1853/1550 633/1855/1552 2231/1854/1551
f 633/1855/1552 53/3593/3009 884/1856/1553
f 2231/1854/1551 884/1856/1553 883/1857/1554
f 2230/1843/1542 883/1857/1554 882/1858/1555
f 2229/1841/1540 882/1858/1555 881/1859/1556
f 2228/1840/1539 881/1859/1556 880/1860/1557
f 2227/1839/1538 880/1860/1557 879/1861/1558
f 2226/1838/1537 879/1861/1558 878/1862/1559
f 457/1863/1560 2225/1837/1536 878/1862/1559
f 2218/1830/1529 2225/1837/1536 457/1863/1560
f 2211/1823/1522 2218/1830/1529 456/1864/1562
f 2204/1816/1515 2211/1823/1522 455/1865/1563
f 2197/1810/1509 2204/1816/1515 454/1845/1564
f 2190/1798/1497 2197/1810/1509 453/1845/1565
f 2183/1799/1498 2190/1798/1497 452/1845/1566
f 2234/1866/1567 2238/1870/1571 2237/1867/1568
f 2235/1869/1570 2239/1872/1573 2238/1870/1571
f 2236/1871/1572 2240/1875/1576 2239/1872/1573
f 2238/1870/1571 2242/1874/1575 2241/1873/1574
f 2239/1872/1573 2243/1876/1577 2242/1874/1575
f 2240/1875/1576 2244/1906/1603 2243/1876/1577
f 2246/1877/1578 2250/1881/1582 2249/1878/1579
f 2247/1880/1581 2251/1883/1584 2250/1881/1582
f 2248/1882/1583 2252/1886/1587 2251/1883/1584
f 2250/1881/1582 2254/1885/1586 2253/1884/1585
f 2251/1883/1584 2255/1887/1588 2254/1885/1586
f 2252/1886/1587 2256/1902/1600 2255/1887/1588
f 2257/1888/1589 2258/1891/1592 2262/1889/1590
f 2258/1891/1592 2259/1893/1594 2263/1892/1593
f 2259/1893/1594 2260/1903/1601 2264/1894/1595
f 2261/1890/1591 2262/1889/1590 2266/1895/1596
f 2262/1889/1590 2263/1892/1593 2267/1897/1598
f 2263/1892/1593 2264/1894/1595 2268/1898/1599
f 2254/1885/1586 2240/1875/1576 2236/1899/1572
f 2255/1887/1588 2244/1906/1603 2240/1875/1576
f 2265/1896/1597 2266/1895/1596 2252/1900/1587
f 2266/1895/1596 2267/1897/1598 2256/1902/1600
f 2242/1874/1575 2264/1904/1595 2260/1903/1601
f 2243/1876/1577 2268/1898/1599 2264/1904/1595
f 2243/1876/1577 2244/1906/1603 2232/1905/1602
f 2255/1887/1588 2256/1902/1600 2232/1905/1602
f 2267/1897/1598 2268/1898/1599 2232/1905/1602
f 458/1907/1604 2233/1868/1569 247/1265/1054
f 459/1908/1605 2234/1866/1567 2233/1868/1569
f 460/1909/1606 2235/1869/1570 2234/1866/1567
f 460/1909/1606 461/6035/1610 2236/1871/1572
f 2233/1868/1569 2237/1867/1568 246/1910/1055
f 2237/1867/1568 2241/1873/1574 245/1911/1056
f 2241/1873/1574 2260/1903/1601 244/1912/1060
f 129/1913/1099 2245/1879/1580 464/1914/1607
f 130/1915/1102 2246/1877/1578 2245/1879/1580
f 131/1916/1103 2247/1880/1581 2246/1877/1578
f 132/1917/1104 2248/1882/1583 2247/1880/1581
f 2245/1879/1580 2249/1878/1579 463/1918/1608
f 2249/1878/1579 2253/1884/1585 462/1919/1609
f 2253/1884/1585 2236/1899/1572 461/1920/1610
f 241/1271/1057 2257/1888/1589 135/1921/1109
f 241/1271/1057 242/1922/1058 2258/1891/1592
f 242/1922/1058 243/1275/1059 2259/1893/1594
f 243/1275/1059 244/6036/1060 2260/1903/1601
f 135/1921/1109 2257/1888/1589 2261/1890/1591
f 134/1923/1110 2261/1890/1591 2265/1896/1597
f 133/1924/1111 2265/1896/1597 2248/1901/1583
f 2271/1926/1611 2275/1930/1615 2274/1927/1612
f 2272/1929/1614 2276/1932/1617 2275/1930/1615
f 2273/1931/1616 2277/6037/1644 2276/1932/1617
f 2275/1930/1615 2279/1934/1619 2278/1933/1618
f 2276/1932/1617 2280/1936/1621 2279/1934/1619
f 2276/1932/1617 2277/6037/1644 2281/1935/1620
f 2283/1937/1622 2287/1941/1626 2286/1938/1623
f 2284/1940/1625 2288/1943/1628 2287/1941/1626
f 2285/1942/1627 2289/1946/1631 2288/1943/1628
f 2287/1941/1626 2291/1945/1630 2290/1944/1629
f 2288/1943/1628 2292/1947/1632 2291/1945/1630
f 2289/1946/1631 2293/1963/1645 2292/1947/1632
f 2295/1948/1633 2299/1952/1637 2298/1949/1634
f 2296/1951/1636 2300/1954/1639 2299/1952/1637
f 2296/1951/1636 2297/6038/1646 2301/1953/1638
f 2299/1952/1637 2303/1956/1641 2302/1955/1640
f 2300/1954/1639 2304/1958/1643 2303/1956/1641
f 2300/1954/1639 2301/1953/1638 2305/1957/1642
f 2291/1945/1630 2277/1960/1644 2273/1959/1616
f 2292/1947/1632 2281/1935/1620 2277/1960/1644
f 2302/1955/1640 2303/1956/1641 2289/1961/1631
f 2303/1956/1641 2304/1958/1643 2293/1963/1645
f 2279/1934/1619 2301/1965/1638 2297/1964/1646
f 2280/1936/1621 2305/1957/1642 2301/1965/1638
f 2280/1936/1621 2281/1935/1620 2269/1966/1647
f 2292/1947/1632 2293/1963/1645 2269/1966/1647
f 2304/1958/1643 2305/1957/1642 2269/1966/1647
f 465/256/229 2270/1928/1613 458/1967/1604
f 466/1968/233 2271/1926/1611 2270/1928/1613
f 467/262/234 2272/1929/1614 2271/1926/1611
f 467/262/234 468/6039/235 2273/1931/1616
f 2270/1928/1613 2274/1927/1612 459/1969/1605
f 2274/1927/1612 2278/1933/1618 460/1909/1606
f 2278/1933/1618 2297/1964/1646 461/1970/1610
f 478/1971/1648 2282/1939/1624 471/1972/221
f 477/1973/1649 2283/1937/1622 2282/1939/1624
f 476/1974/1650 2284/1940/1625 2283/1937/1622
f 475/1975/1651 2285/1942/1627 2284/1940/1625
f 2282/1939/1624 2286/1938/1623 470/1976/224
f 2286/1938/1623 2290/1944/1629 469/252/225
f 2290/1944/1629 2273/1959/1616 468/263/235
f 464/1914/1607 2294/1950/1635 472/1977/1652
f 463/1978/1608 2295/1948/1633 2294/1950/1635
f 462/1979/1609 2296/1951/1636 2295/1948/1633
f 461/1980/1610 2297/6038/1646 2296/1951/1636
f 2294/1950/1635 2298/1949/1634 473/1981/1653
f 473/1981/1653 2298/1949/1634 2302/1955/1640
f 474/1982/1654 2302/1955/1640 2285/1962/1627
f 2308/1984/1655 2312/1988/1659 2311/1985/1656
f 2309/1987/1658 2313/1990/1661 2312/1988/1659
f 2310/1989/1660 2314/1993/1664 2313/1990/1661
f 2312/1988/1659 2316/1992/1663 2315/1991/1662
f 2313/1990/1661 2317/1994/1665 2316/1992/1663
f 2314/1993/1664 2318/2019/1688 2317/1994/1665
f 2319/1995/1666 2320/1998/1669 2324/1996/1667
f 2320/1998/1669 2321/2000/1671 2325/1999/1670
f 2321/2000/1671 2322/2035/1689 2326/2001/1672
f 2323/1997/1668 2324/1996/1667 2328/2002/1673
f 2324/1996/1667 2325/1999/1670 2329/2004/1675
f 2325/1999/1670 2326/2001/1672 2330/2005/1676
f 2332/2006/1677 2336/2010/1681 2335/2007/1678
f 2333/2009/1680 2337/2012/1683 2336/2010/1681
f 2334/2011/1682 2338/2015/1686 2337/2012/1683
f 2336/2010/1681 2340/2014/1685 2339/2013/1684
f 2337/2012/1683 2341/2016/1687 2340/2014/1685
f 2338/2015/1686 2342/2024/1690 2341/2016/1687
f 2327/2003/1674 2328/2002/1673 2314/2017/1664
f 2328/2002/1673 2329/2004/1675 2318/2019/1688
f 2340/2014/1685 2326/2021/1672 2322/2020/1689
f 2341/2016/1687 2330/2005/1676 2326/2021/1672
f 2315/1991/1662 2316/1992/1663 2338/2022/1686
f 2316/1992/1663 2317/1994/1665 2342/2024/1690
f 2317/1994/1665 2318/2019/1688 2306/2025/1691
f 2329/2004/1675 2330/2005/1676 2306/2025/1691
f 2341/2016/1687 2342/2024/1690 2306/2025/1691
f 212/2026/1692 2307/1986/1657 478/1971/1648
f 211/2027/1693 2308/1984/1655 2307/1986/1657
f 210/2028/1694 2309/1987/1658 2308/1984/1655
f 209/2029/1695 2310/1989/1660 2309/1987/1658
f 2307/1986/1657 2311/1985/1656 477/2030/1649
f 477/2030/1649 2311/1985/1656 2315/1991/1662
f 476/2031/1650 2315/1991/1662 2334/2023/1682
f 248/371/334 2319/1995/1666 206/2033/1696
f 248/371/334 249/374/335 2320/1998/1669
f 249/374/335 250/2034/336 2321/2000/1671
f 250/2034/336 251/6040/337 2322/2035/1689
f 206/2033/1696 2319/1995/1666 2323/1997/1668
f 207/2036/1697 2323/1997/1668 2327/2003/1674
f 208/2037/1698 2327/2003/1674 2310/2018/1660
f 472/2039/1652 2331/2008/1679 254/2040/342
f 473/2041/1653 2332/2006/1677 2331/2008/1679
f 474/2042/1654 2333/2009/1680 2332/2006/1677
f 475/2043/1651 2334/2011/1682 2333/2009/1680
f 2331/2008/1679 2335/2007/1678 253/2044/345
f 2335/2007/1678 2339/2013/1684 252/389/346
f 2339/2013/1684 2322/2020/1689 251/2045/337
f 2345/2046/1699 2349/2050/1703 2348/2047/1700
f 2346/2049/1702 2350/2052/1705 2349/2050/1703
f 2346/2049/1702 2347/2089/1732 2351/2051/1704
f 2349/2050/1703 2353/2054/1707 2352/2053/1706
f 2350/2052/1705 2354/2056/1709 2353/2054/1707
f 2350/2052/1705 2351/2051/1704 2355/2055/1708
f 2357/2057/1710 2361/2061/1714 2360/2058/1711
f 2358/2060/1713 2362/2063/1716 2361/2061/1714
f 2359/2062/1715 2363/2066/1719 2362/2063/1716
f 2361/2061/1714 2365/2065/1718 2364/2064/1717
f 2362/2063/1716 2366/2067/1720 2365/2065/1718
f 2363/2066/1719 2367/2082/1733 2366/2067/1720
f 2369/2068/1721 2373/2072/1725 2372/2069/1722
f 2369/2068/1721 2370/2073/1726 2374/2071/1724
f 2370/2073/1726 2371/2102/1734 2375/2074/1727
f 2372/2069/1722 2373/2072/1725 2377/2075/1728
f 2373/2072/1725 2374/2071/1724 2378/2077/1730
f 2374/2071/1724 2375/2074/1727 2379/2078/1731
f 2365/2065/1718 2351/2051/1704 2347/2079/1732
f 2366/2067/1720 2355/2055/1708 2351/2051/1704
f 2376/2076/1729 2377/2075/1728 2363/2080/1719
f 2377/2075/1728 2378/2077/1730 2367/2082/1733
f 2353/2054/1707 2375/2074/1727 2371/2083/1734
f 2354/2056/1709 2379/2078/1731 2375/2074/1727
f 2354/2056/1709 2355/2055/1708 2343/2084/1735
f 2366/2067/1720 2367/2082/1733 2343/2084/1735
f 2378/2077/1730 2379/2078/1731 2343/2084/1735
f 479/2085/1736 2344/2048/1701 233/2086/1193
f 480/2087/1737 2345/2046/1699 2344/2048/1701
f 481/2088/1738 2346/2049/1702 2345/2046/1699
f 481/2088/1738 482/6041/1742 2347/2089/1732
f 2344/2048/1701 2348/2047/1700 232/1448/1194
f 2348/2047/1700 2352/2053/1706 231/1449/1195
f 2352/2053/1706 2371/2083/1734 230/2090/1196
f 115/2091/1238 2356/2059/1712 485/2092/1739
f 116/2094/1241 2357/2057/1710 2356/2059/1712
f 117/2095/1242 2358/2060/1713 2357/2057/1710
f 118/2096/1243 2359/2062/1715 2358/2060/1713
f 2356/2059/1712 2360/2058/1711 484/2097/1740
f 2360/2058/1711 2364/2064/1717 483/2098/1741
f 2364/2064/1717 2347/2079/1732 482/2099/1742
f 227/1454/1197 2368/2070/1723 121/2100/1248
f 228/2101/1198 2369/2068/1721 2368/2070/1723
f 229/1458/1199 2370/2073/1726 2369/2068/1721
f 229/1458/1199 230/2090/1196 2371/2102/1734
f 2368/2070/1723 2372/2069/1722 120/2103/1249
f 120/2103/1249 2372/2069/1722 2376/2076/1729
f 119/2104/1250 2376/2076/1729 2359/2081/1715
f 2382/2105/1743 2386/2109/1747 2385/2106/1744
f 2383/2108/1746 2387/2111/1749 2386/2109/1747
f 2383/2108/1746 2384/2149/1776 2388/2110/1748
f 2386/2109/1747 2390/2113/1751 2389/2112/1750
f 2387/2111/1749 2391/2115/1753 2390/2113/1751
f 2387/2111/1749 2388/2110/1748 2392/2114/1752
f 2394/2116/1754 2398/2120/1758 2397/2117/1755
f 2394/2116/1754 2395/2121/1759 2399/2119/1757
f 2395/2121/1759 2396/2140/1777 2400/2122/1760
f 2397/2117/1755 2398/2120/1758 2402/2123/1761
f 2398/2120/1758 2399/2119/1757 2403/2125/1763
f 2399/2119/1757 2400/2122/1760 2404/2126/1764
f 2406/2127/1765 2410/2131/1769 2409/2128/1766
f 2407/2130/1768 2411/2133/1771 2410/2131/1769
f 2408/2132/1770 2412/2136/1774 2411/2133/1771
f 2410/2131/1769 2414/2135/1773 2413/2134/1772
f 2411/2133/1771 2415/2137/1775 2414/2135/1773
f 2412/2136/1774 2416/2144/1779 2415/2137/1775
f 2402/2123/1761 2388/2139/1748 2384/2138/1776
f 2402/2123/1761 2403/2125/1763 2392/2114/1752
f 2414/2135/1773 2400/2141/1760 2396/2140/1777
f 2415/2137/1775 2404/2126/1764 2400/2141/1760
f 2390/2113/1751 2412/2142/1774 2408/2132/1770
f 2391/2115/1753 2416/2144/1779 2412/2142/1774
f 2391/2115/1753 2392/2114/1752 2380/2143/1778
f 2403/2125/1763 2404/2126/1764 2380/2143/1778
f 2415/2137/1775 2416/2144/1779 2380/2143/1778
f 486/2145/168 2381/2107/1745 479/2146/1736
f 487/2147/172 2382/2105/1743 2381/2107/1745
f 487/2147/172 488/2148/173 2383/2108/1746
f 488/2148/173 489/2157/174 2384/2149/1776
f 2381/2107/1745 2385/2106/1744 480/2150/1737
f 2385/2106/1744 2389/2112/1750 481/2151/1738
f 2389/2112/1750 2408/2132/1770 482/2152/1742
f 499/2153/1780 2393/2118/1756 492/2154/160
f 498/2155/1781 2394/2116/1754 2393/2118/1756
f 498/2155/1781 497/2156/1782 2395/2121/1759
f 497/2156/1782 496/6042/1786 2396/2140/1777
f 2393/2118/1756 2397/2117/1755 491/188/163
f 491/188/163 2397/2117/1755 2401/2124/1762
f 2401/2124/1762 2384/2138/1776 489/2157/174
f 485/2158/1739 2405/2129/1767 493/2159/1783
f 484/2160/1740 2406/2127/1765 2405/2129/1767
f 483/2161/1741 2407/2130/1768 2406/2127/1765
f 483/2161/1741 482/6043/1742 2408/2132/1770
f 2405/2129/1767 2409/2128/1766 494/2162/1784
f 2409/2128/1766 2413/2134/1772 495/2163/1785
f 2413/2134/1772 2396/2140/1777 496/2164/1786
f 2419/2165/1787 2423/2169/1791 2422/2166/1788
f 2420/2168/1790 2424/2171/1793 2423/2169/1791
f 2420/2168/1790 2421/6044/1820 2425/2170/1792
f 2423/2169/1791 2427/2173/1795 2426/2172/1794
f 2424/2171/1793 2428/2175/1797 2427/2173/1795
f 2424/2171/1793 2425/2170/1792 2429/2174/1796
f 2431/2176/1798 2435/2180/1802 2434/2177/1799
f 2432/2179/1801 2436/2182/1804 2435/2180/1802
f 2433/2181/1803 2437/2185/1807 2436/2182/1804
f 2435/2180/1802 2439/2184/1806 2438/2183/1805
f 2436/2182/1804 2440/2186/1808 2439/2184/1806
f 2437/2185/1807 2441/2200/1821 2440/2186/1808
f 2443/2187/1809 2447/2191/1813 2446/2188/1810
f 2443/2187/1809 2444/2192/1814 2448/2190/1812
f 2444/2192/1814 2445/2221/1822 2449/2193/1815
f 2446/2188/1810 2447/2191/1813 2451/2194/1816
f 2447/2191/1813 2448/2190/1812 2452/2196/1818
f 2448/2190/1812 2449/2193/1815 2453/2197/1819
f 2439/2184/1806 2425/2170/1792 2421/2198/1820
f 2440/2186/1808 2429/2174/1796 2425/2170/1792
f 2450/2195/1817 2451/2194/1816 2437/2199/1807
f 2451/2194/1816 2452/2196/1818 2441/2200/1821
f 2427/2173/1795 2449/2193/1815 2445/2201/1822
f 2428/2175/1797 2453/2197/1819 2449/2193/1815
f 2428/2175/1797 2429/2174/1796 2417/2202/1823
f 2440/2186/1808 2441/2200/1821 2417/2202/1823
f 2452/2196/1818 2453/2197/1819 2417/2202/1823
f 198/2203/1824 2418/2167/1789 499/2153/1780
f 197/2204/1825 2419/2165/1787 2418/2167/1789
f 196/2205/1826 2420/2168/1790 2419/2165/1787
f 195/2206/1827 2421/6044/1820 2420/2168/1790
f 2418/2167/1789 2422/2166/1788 498/2207/1781
f 2422/2166/1788 2426/2172/1794 497/2208/1782
f 2426/2172/1794 2445/2201/1822 496/2209/1786
f 234/2210/274 2430/2178/1800 192/2211/1828
f 235/2213/278 2431/2176/1798 2430/2178/1800
f 236/2214/279 2432/2179/1801 2431/2176/1798
f 237/2215/280 2433/2181/1803 2432/2179/1801
f 2430/2178/1800 2434/2177/1799 193/2216/1829
f 2434/2177/1799 2438/2183/1805 194/2217/1830
f 2438/2183/1805 2421/2198/1820 195/2206/1827
f 493/2218/1783 2442/2189/1811 240/2219/289
f 494/2220/1784 2443/2187/1809 2442/2189/1811
f 494/2220/1784 495/2163/1785 2444/2192/1814
f 495/2163/1785 496/2209/1786 2445/2221/1822
f 2442/2189/1811 2446/2188/1810 239/2222/292
f 239/2222/292 2446/2188/1810 2450/2195/1817
f 238/2223/293 2450/2195/1817 2433/2181/1803
f 2455/2224/1831 2462/2228/1835 2461/2225/1832
f 2456/2227/1834 2463/2230/1837 2462/2228/1835
f 2457/2229/1836 2464/2232/1839 2463/2230/1837
f 2458/2231/1838 2465/2234/1841 2464/2232/1839
f 2459/2233/1840 2466/2236/1843 2465/2234/1841
f 2460/2235/1842 2467/2242/1849 2466/2236/1843
f 2462/2228/1835 2469/2238/1845 2468/2237/1844
f 2463/2230/1837 2470/2239/1846 2469/2238/1845
f 2464/2232/1839 2471/2240/1847 2470/2239/1846
f 2465/2234/1841 2472/2241/1848 2471/2240/1847
f 2466/2236/1843 2473/2243/1850 2472/2241/1848
f 2467/2242/1849 2474/2249/1856 2473/2243/1850
f 2469/2238/1845 2476/2245/1852 2475/2244/1851
f 2470/2239/1846 2477/2247/1854 2476/2245/1852
f 2470/2239/1846 2471/2240/1847 2478/2246/1853
f 2472/2241/1848 2479/2248/1855 2478/2246/1853
f 2473/2243/1850 2480/2250/1857 2479/2248/1855
f 2474/2249/1856 2481/2256/1863 2480/2250/1857
f 2476/2245/1852 2483/2252/1859 2482/2251/1858
f 2477/2247/1854 2484/2253/1860 2483/2252/1859
f 2478/2246/1853 2485/2254/1861 2484/2253/1860
f 2479/2248/1855 2486/2255/1862 2485/2254/1861
f 2480/2250/1857 2487/2257/1864 2486/2255/1862
f 2481/2256/1863 2488/2263/1870 2487/2257/1864
f 2483/2252/1859 2490/2259/1866 2489/2258/1865
f 2484/2253/1860 2491/2260/1867 2490/2259/1866
f 2485/2254/1861 2492/2261/1868 2491/2260/1867
f 2486/2255/1862 2493/2262/1869 2492/2261/1868
f 2487/2257/1864 2494/2264/1871 2493/2262/1869
f 2488/2263/1870 2495/2270/1877 2494/2264/1871
f 2490/2259/1866 2497/2266/1873 2496/2265/1872
f 2491/2260/1867 2498/2267/1874 2497/2266/1873
f 2492/2261/1868 2499/2268/1875 2498/2267/1874
f 2493/2262/1869 2500/2269/1876 2499/2268/1875
f 2494/2264/1871 2501/2271/1878 2500/2269/1876
f 2495/2270/1877 2502/2287/1894 2501/2271/1878
f 72/2272/1879 2454/2226/1833 619/2273/1880
f 71/2274/1881 2455/2224/1831 2454/2226/1833
f 70/2275/1882 2456/2227/1834 2455/2224/1831
f 69/2276/1883 2457/2229/1836 2456/2227/1834
f 68/2277/1884 2458/2231/1838 2457/2229/1836
f 67/2278/1885 2459/2233/1840 2458/2231/1838
f 66/2279/1886 2460/2235/1842 2459/2233/1840
f 11/2280/1887 520/2281/1888 2460/2235/1842
f 520/2281/1888 519/2282/1889 2467/2242/1849
f 519/2282/1889 518/2283/1890 2474/2249/1856
f 518/2283/1890 517/2284/1891 2481/2256/1863
f 517/2284/1891 516/2285/1892 2488/2263/1870
f 516/2285/1892 515/2286/1893 2495/2270/1877
f 515/2286/1893 514/2288/1895 2502/2287/1894
f 514/2288/1895 34/2790/2374 661/2289/1896
f 2502/2287/1894 661/2289/1896 662/2290/1897
f 2501/2271/1878 662/2290/1897 663/2291/1898
f 2500/2269/1876 663/2291/1898 664/2292/1899
f 2499/2268/1875 664/2292/1899 665/2293/1900
f 2498/2267/1874 665/2293/1900 666/2294/1901
f 2497/2266/1873 666/2294/1901 667/2295/1902
f 2496/2265/1872 667/2295/1902 35/2296/1903
f 2489/2258/1865 2496/2265/1872 625/2297/1904
f 2482/2251/1858 2489/2258/1865 624/2298/1905
f 2475/2244/1851 2482/2251/1858 623/2299/1906
f 2468/2237/1844 2475/2244/1851 622/2300/1907
f 2461/2225/1832 2468/2237/1844 621/2301/1908
f 2454/2226/1833 2461/2225/1832 620/2302/1909
f 2503/2303/1910 2504/2306/1913 2511/2304/1911
f 2504/2306/1913 2505/2308/1915 2512/2307/1914
f 2505/2308/1915 2506/2310/1917 2513/2309/1916
f 2506/2310/1917 2507/2312/1919 2514/2311/1918
f 2507/2312/1919 2508/2314/1921 2515/2313/1920
f 2508/2314/1921 2509/2357/1964 2516/2315/1922
f 2510/2305/1912 2511/2304/1911 2518/2316/1923
f 2511/2304/1911 2512/2307/1914 2519/2318/1925
f 2512/2307/1914 2513/2309/1916 2520/2319/1926
f 2513/2309/1916 2514/2311/1918 2521/2320/1927
f 2514/2311/1918 2515/2313/1920 2522/2321/1928
f 2515/2313/1920 2516/2315/1922 2523/2322/1929
f 2517/2317/1924 2518/2316/1923 2525/2323/1930
f 2518/2316/1923 2519/2318/1925 2526/2325/1932
f 2519/2318/1925 2520/2319/1926 2527/2326/1933
f 2520/2319/1926 2521/2320/1927 2528/2327/1934
f 2521/2320/1927 2522/2321/1928 2529/2328/1935
f 2522/2321/1928 2523/2322/1929 2530/2329/1936
f 2524/2324/1931 2525/2323/1930 2532/2330/1937
f 2525/2323/1930 2526/2325/1932 2533/2332/1939
f 2526/2325/1932 2527/2326/1933 2534/2333/1940
f 2527/2326/1933 2528/2327/1934 2535/2334/1941
f 2528/2327/1934 2529/2328/1935 2536/2335/1942
f 2529/2328/1935 2530/2329/1936 2537/2336/1943
f 2531/2331/1938 2532/2330/1937 2539/2337/1944
f 2532/2330/1937 2533/2332/1939 2540/2339/1946
f 2533/2332/1939 2534/2333/1940 2541/2340/1947
f 2534/2333/1940 2535/2334/1941 2542/2341/1948
f 2535/2334/1941 2536/2335/1942 2543/2342/1949
f 2536/2335/1942 2537/2336/1943 2544/2343/1950
f 2538/2338/1945 2539/2337/1944 2546/2344/1951
f 2539/2337/1944 2540/2339/1946 2547/2346/1953
f 2540/2339/1946 2541/2340/1947 2548/2347/1954
f 2541/2340/1947 2542/2341/1948 2549/2348/1955
f 2542/2341/1948 2543/2342/1949 2550/2349/1956
f 2543/2342/1949 2544/2343/1950 2551/2350/1957
f 16/1780/1473 219/2351/1958 2503/2303/1910
f 219/2351/1958 218/2352/1959 2504/2306/1913
f 218/2352/1959 217/2353/1960 2505/2308/1915
f 217/2353/1960 216/2354/1961 2506/2310/1917
f 216/2354/1961 215/2355/1962 2507/2312/1919
f 215/2355/1962 214/2356/1963 2508/2314/1921
f 214/2356/1963 213/2358/1965 2509/2357/1964
f 213/2358/1965 4/241/214 555/2359/1966
f 2509/2357/1964 555/2359/1966 554/2360/1967
f 2516/2315/1922 554/2360/1967 553/2361/1968
f 2523/2322/1929 553/2361/1968 552/2362/1969
f 2530/2329/1936 552/2362/1969 551/2363/1970
f 2537/2336/1943 551/2363/1970 550/2364/1971
f 2544/2343/1950 550/2364/1971 549/2365/1972
f 2551/2350/1957 549/2365/1972 57/2366/1973
f 2550/2349/1956 2551/2350/1957 808/2367/1974
f 2549/2348/1955 2550/2349/1956 809/2368/1975
f 2548/2347/1954 2549/2348/1955 810/2369/1976
f 2547/2346/1953 2548/2347/1954 811/2370/1977
f 2546/2344/1951 2547/2346/1953 812/2371/1978
f 2545/2345/1952 2546/2344/1951 813/2372/1979
f 437/1788/1481 2545/2345/1952 814/2373/1980
f 438/1786/1479 2538/2338/1945 2545/2345/1952
f 439/1785/1478 2531/2331/1938 2538/2338/1945
f 440/1784/1477 2524/2324/1931 2531/2331/1938
f 441/1783/1476 2517/2317/1924 2524/2324/1931
f 442/1782/1475 2510/2305/1912 2517/2317/1924
f 443/1781/1474 2503/2303/1910 2510/2305/1912
f 2552/2375/1982 2553/2378/1985 2560/2376/1983
f 2553/2378/1985 2554/2380/1987 2561/2379/1986
f 2554/2380/1987 2555/2382/1989 2562/2381/1988
f 2555/2382/1989 2556/2384/1991 2563/2383/1990
f 2556/2384/1991 2557/2386/1993 2564/2385/1992
f 2557/2386/1993 2558/2426/2030 2565/2387/1994
f 2559/2377/1984 2560/2376/1983 2567/2388/1995
f 2560/2376/1983 2561/2379/1986 2568/2390/1997
f 2561/2379/1986 2562/2381/1988 2569/2391/1998
f 2562/2381/1988 2563/2383/1990 2570/2392/1999
f 2563/2383/1990 2564/2385/1992 2571/2393/2000
f 2564/2385/1992 2565/2387/1994 2572/2394/2001
f 2566/2389/1996 2567/2388/1995 2574/2395/2002
f 2567/2388/1995 2568/2390/1997 2575/2397/2004
f 2568/2390/1997 2569/2391/1998 2576/2398/2005
f 2569/2391/1998 2570/2392/1999 2577/2399/2006
f 2570/2392/1999 2571/2393/2000 2578/2400/2007
f 2571/2393/2000 2572/2394/2001 2579/2401/2008
f 2573/2396/2003 2574/2395/2002 2581/2402/2009
f 2574/2395/2002 2575/2397/2004 2582/2404/2011
f 2575/2397/2004 2576/2398/2005 2583/2405/2012
f 2576/2398/2005 2577/2399/2006 2584/2406/2013
f 2577/2399/2006 2578/2400/2007 2585/2407/2014
f 2578/2400/2007 2579/2401/2008 2586/2408/2015
f 2580/2403/2010 2581/2402/2009 2588/2409/2016
f 2581/2402/2009 2582/2404/2011 2589/2411/2018
f 2582/2404/2011 2583/2405/2012 2590/2412/2019
f 2583/2405/2012 2584/2406/2013 2591/2413/2020
f 2584/2406/2013 2585/2407/2014 2592/2414/2021
f 2585/2407/2014 2586/2408/2015 2593/2415/2022
f 2587/2410/2017 2588/2409/2016 2595/2416/2023
f 2588/2409/2016 2589/2411/2018 2596/2418/2025
f 2589/2411/2018 2590/2412/2019 2597/2419/2026
f 2590/2412/2019 2591/2413/2020 2598/2420/2027
f 2591/2413/2020 2592/2414/2021 2599/2421/2028
f 2592/2414/2021 2593/2415/2022 2600/2422/2029
f 8/1158/967 163/1157/966 2552/2375/1982
f 163/1157/966 162/1162/970 2553/2378/1985
f 162/1162/970 161/2423/971 2554/2380/1987
f 161/2423/971 160/1164/972 2555/2382/1989
f 160/1164/972 159/2424/961 2556/2384/1991
f 159/2424/961 158/2425/960 2557/2386/1993
f 158/2425/960 157/2427/959 2558/2426/2030
f 157/2427/959 25/706/624 541/2428/2031
f 2558/2426/2030 541/2428/2031 540/2429/2032
f 2565/2387/1994 540/2429/2032 539/2430/2033
f 2572/2394/2001 539/2430/2033 538/2431/2034
f 2579/2401/2008 538/2431/2034 537/2432/2035
f 2586/2408/2015 537/2432/2035 536/2433/2036
f 2593/2415/2022 536/2433/2036 535/2434/2037
f 2600/2422/2029 535/2434/2037 51/2435/2038
f 2599/2421/2028 2600/2422/2029 745/2436/2039
f 2598/2420/2027 2599/2421/2028 746/2437/2040
f 2597/2419/2026 2598/2420/2027 747/2438/2041
f 2596/2418/2025 2597/2419/2026 748/2439/2042
f 2595/2416/2023 2596/2418/2025 749/2440/2043
f 2594/2417/2024 2595/2416/2023 750/2441/2044
f 444/1708/1402 2594/2417/2024 751/2442/2045
f 445/1706/1400 2587/2410/2017 2594/2417/2024
f 446/1705/1399 2580/2403/2010 2587/2410/2017
f 447/1704/1398 2573/2396/2003 2580/2403/2010
f 448/1703/1397 2566/2389/1996 2573/2396/2003
f 449/2444/2047 2559/2377/1984 2566/2389/1996
f 450/1702/1396 2552/2375/1982 2559/2377/1984
f 2602/2445/2048 2609/2449/2052 2608/2446/2049
f 2603/2448/2051 2610/2451/2054 2609/2449/2052
f 2604/2450/2053 2611/2453/2056 2610/2451/2054
f 2605/2452/2055 2612/2455/2058 2611/2453/2056
f 2606/2454/2057 2613/2457/2060 2612/2455/2058
f 2607/2456/2059 2614/2463/2066 2613/2457/2060
f 2609/2449/2052 2616/2459/2062 2615/2458/2061
f 2610/2451/2054 2617/2460/2063 2616/2459/2062
f 2611/2453/2056 2618/2461/2064 2617/2460/2063
f 2612/2455/2058 2619/2462/2065 2618/2461/2064
f 2613/2457/2060 2620/2464/2067 2619/2462/2065
f 2614/2463/2066 2621/2470/2073 2620/2464/2067
f 2616/2459/2062 2623/2466/2069 2622/2465/2068
f 2617/2460/2063 2624/2467/2070 2623/2466/2069
f 2618/2461/2064 2625/2468/2071 2624/2467/2070
f 2619/2462/2065 2626/2469/2072 2625/2468/2071
f 2620/2464/2067 2627/2471/2074 2626/2469/2072
f 2621/2470/2073 2628/2477/2080 2627/2471/2074
f 2623/2466/2069 2630/2473/2076 2629/2472/2075
f 2624/2467/2070 2631/2474/2077 2630/2473/2076
f 2625/2468/2071 2632/2475/2078 2631/2474/2077
f 2626/2469/2072 2633/2476/2079 2632/2475/2078
f 2627/2471/2074 2634/2478/2081 2633/2476/2079
f 2628/2477/2080 2635/2484/2087 2634/2478/2081
f 2629/2472/2075 2630/2473/2076 2637/2479/2082
f 2630/2473/2076 2631/2474/2077 2638/2481/2084
f 2632/2475/2078 2639/2482/2085 2638/2481/2084
f 2633/2476/2079 2640/2483/2086 2639/2482/2085
f 2634/2478/2081 2641/2485/2088 2640/2483/2086
f 2635/2484/2087 2642/2491/2094 2641/2485/2088
f 2636/2480/2083 2637/2479/2082 2644/2486/2089
f 2638/2481/2084 2645/2488/2091 2644/2486/2089
f 2639/2482/2085 2646/2489/2092 2645/2488/2091
f 2640/2483/2086 2647/2490/2093 2646/2489/2092
f 2641/2485/2088 2648/2492/2095 2647/2490/2093
f 2642/2491/2094 2649/2500/2103 2648/2492/2095
f 59/51/48 2601/2447/2050 521/2493/2096
f 60/2494/52 2602/2445/2048 2601/2447/2050
f 61/2495/53 2603/2448/2051 2602/2445/2048
f 62/46/43 2604/2450/2053 2603/2448/2051
f 63/2496/42 2605/2452/2055 2604/2450/2053
f 64/2497/40 2606/2454/2057 2605/2452/2055
f 65/2498/41 2607/2456/2059 2606/2454/2057
f 1/41/38 506/2499/2097 2607/2456/2059
f 506/2499/2097 505/2499/2098 2614/2463/2066
f 505/2499/2098 504/2499/2099 2621/2470/2073
f 504/2499/2099 503/2499/2100 2628/2477/2080
f 503/2499/2100 502/2499/2101 2635/2484/2087
f 502/2499/2101 501/2499/2102 2642/2491/2094
f 501/2499/2102 500/2499/2104 2649/2500/2103
f 500/2499/2104 31/2499/2239 653/2501/2105
f 2649/2500/2103 653/2501/2105 652/2502/2106
f 2648/2492/2095 652/2502/2106 651/2503/2107
f 2647/2490/2093 651/2503/2107 650/2504/2108
f 2646/2489/2092 650/2504/2108 649/2505/2109
f 2645/2488/2091 649/2505/2109 648/2506/2110
f 2644/2486/2089 648/2506/2110 647/2507/2111
f 527/2493/2112 2643/2487/2090 647/2507/2111
f 526/2493/2114 2636/2480/2083 2643/2487/2090
f 525/2508/2115 2629/2472/2075 2636/2480/2083
f 524/2493/2116 2622/2465/2068 2629/2472/2075
f 523/2508/2117 2615/2458/2061 2622/2465/2068
f 522/2493/2118 2608/2446/2049 2615/2458/2061
f 2601/2447/2050 2608/2446/2049 522/2493/2118
f 2651/2509/2119 2658/2513/2123 2657/2510/2120
f 2651/2509/2119 2652/2514/2124 2659/2512/2122
f 2652/2514/2124 2653/2516/2126 2660/2515/2125
f 2653/2516/2126 2654/2518/2128 2661/2517/2127
f 2654/2518/2128 2655/2520/2130 2662/2519/2129
f 2655/2520/2130 2656/2563/2168 2663/2521/2131
f 2657/2510/2120 2658/2513/2123 2665/2522/2132
f 2658/2513/2123 2659/2512/2122 2666/2524/2134
f 2659/2512/2122 2660/2515/2125 2667/2525/2135
f 2660/2515/2125 2661/2517/2127 2668/2526/2136
f 2661/2517/2127 2662/2519/2129 2669/2527/2137
f 2662/2519/2129 2663/2521/2131 2670/2528/2138
f 2664/2523/2133 2665/2522/2132 2672/2529/2139
f 2665/2522/2132 2666/2524/2134 2673/2531/2141
f 2666/2524/2134 2667/2525/2135 2674/2532/2142
f 2667/2525/2135 2668/2526/2136 2675/2533/2143
f 2668/2526/2136 2669/2527/2137 2676/2534/2144
f 2669/2527/2137 2670/2528/2138 2677/2535/2145
f 2671/2530/2140 2672/2529/2139 2679/2536/2146
f 2672/2529/2139 2673/2531/2141 2680/2538/2148
f 2673/2531/2141 2674/2532/2142 2681/2539/2149
f 2674/2532/2142 2675/2533/2143 2682/2540/2150
f 2675/2533/2143 2676/2534/2144 2683/2541/2151
f 2676/2534/2144 2677/2535/2145 2684/2542/2152
f 2678/2537/2147 2679/2536/2146 2686/2543/2153
f 2679/2536/2146 2680/2538/2148 2687/2545/2155
f 2680/2538/2148 2681/2539/2149 2688/2546/2156
f 2681/2539/2149 2682/2540/2150 2689/2547/2157
f 2682/2540/2150 2683/2541/2151 2690/2548/2158
f 2683/2541/2151 2684/2542/2152 2691/2549/2159
f 2685/2544/2154 2686/2543/2153 2693/2550/2160
f 2686/2543/2153 2687/2545/2155 2694/2552/2162
f 2687/2545/2155 2688/2546/2156 2695/2553/2163
f 2688/2546/2156 2689/2547/2157 2696/2554/2164
f 2689/2547/2157 2690/2548/2158 2697/2555/2165
f 2690/2548/2158 2691/2549/2159 2698/2556/2166
f 310/2557/561 2650/2511/2121 542/2558/2167
f 309/636/565 2651/2509/2119 2650/2511/2121
f 308/2559/566 2652/2514/2124 2651/2509/2119
f 308/2559/566 307/2560/567 2653/2516/2126
f 307/2560/567 306/2561/580 2654/2518/2128
f 306/2561/580 305/2562/579 2655/2520/2130
f 305/2562/579 304/2564/578 2656/2563/2168
f 304/2564/578 9/648/576 451/2565/1543
f 2656/2563/2168 451/2565/1543 452/2565/1566
f 2663/2521/2131 452/2565/1566 453/2565/1565
f 2670/2528/2138 453/2565/1565 454/2565/1564
f 2677/2535/2145 454/2565/1564 455/2566/1563
f 2684/2542/2152 455/2566/1563 456/2567/1562
f 2691/2549/2159 456/2567/1562 457/2568/1560
f 2698/2556/2166 457/2568/1560 55/2565/1561
f 2697/2555/2165 2698/2556/2166 892/2569/2169
f 2696/2554/2164 2697/2555/2165 893/2570/2170
f 2695/2553/2163 2696/2554/2164 894/2571/2171
f 2694/2552/2162 2695/2553/2163 895/2572/2172
f 2693/2550/2160 2694/2552/2162 896/2573/2173
f 2692/2551/2161 2693/2550/2160 897/2574/2174
f 548/2576/2176 2692/2551/2161 898/2575/2175
f 547/2578/2178 2685/2544/2154 2692/2551/2161
f 2678/2537/2147 2685/2544/2154 547/2578/2178
f 2671/2530/2140 2678/2537/2147 546/2579/2179
f 2664/2523/2133 2671/2530/2140 545/2580/2180
f 2657/2510/2120 2664/2523/2133 544/2581/2181
f 2650/2511/2121 2657/2510/2120 543/2582/2182
f 2699/2583/2183 2700/2586/2186 2707/2584/2184
f 2700/2586/2186 2701/2588/2188 2708/2587/2187
f 2701/2588/2188 2702/2590/2190 2709/2589/2189
f 2702/2590/2190 2703/2592/2192 2710/2591/2191
f 2703/2592/2192 2704/2594/2194 2711/2593/2193
f 2704/2594/2194 2705/2635/2230 2712/2595/2195
f 2706/2585/2185 2707/2584/2184 2714/2596/2196
f 2707/2584/2184 2708/2587/2187 2715/2598/2198
f 2708/2587/2187 2709/2589/2189 2716/2599/2199
f 2709/2589/2189 2710/2591/2191 2717/2600/2200
f 2710/2591/2191 2711/2593/2193 2718/2601/2201
f 2711/2593/2193 2712/2595/2195 2719/2602/2202
f 2713/2597/2197 2714/2596/2196 2721/2603/2203
f 2714/2596/2196 2715/2598/2198 2722/2605/2205
f 2715/2598/2198 2716/2599/2199 2723/2606/2206
f 2716/2599/2199 2717/2600/2200 2724/2607/2207
f 2717/2600/2200 2718/2601/2201 2725/2608/2208
f 2718/2601/2201 2719/2602/2202 2726/2609/2209
f 2720/2604/2204 2721/2603/2203 2728/2610/2210
f 2721/2603/2203 2722/2605/2205 2729/2612/2212
f 2722/2605/2205 2723/2606/2206 2730/2613/2213
f 2723/2606/2206 2724/2607/2207 2731/2614/2214
f 2724/2607/2207 2725/2608/2208 2732/2615/2215
f 2726/2609/2209 2733/2622/2222 2732/2615/2215
f 2727/2611/2211 2728/2610/2210 2735/2616/2216
f 2728/2610/2210 2729/2612/2212 2736/2618/2218
f 2729/2612/2212 2730/2613/2213 2737/2619/2219
f 2730/2613/2213 2731/2614/2214 2738/2620/2220
f 2731/2614/2214 2732/2615/2215 2739/2621/2221
f 2733/2622/2222 2740/2629/2229 2739/2621/2221
f 2734/2617/2217 2735/2616/2216 2742/2623/2223
f 2735/2616/2216 2736/2618/2218 2743/2625/2225
f 2736/2618/2218 2737/2619/2219 2744/2626/2226
f 2737/2619/2219 2738/2620/2220 2745/2627/2227
f 2738/2620/2220 2739/2621/2221 2746/2628/2228
f 2740/2629/2229 2747/2638/2231 2746/2628/2228
f 93/109/99 2699/2583/2183 506/2630/2097
f 93/109/99 92/2631/100 2700/2586/2186
f 92/2631/100 91/2632/101 2701/2588/2188
f 91/2632/101 90/2633/102 2702/2590/2190
f 90/2633/102 89/130/111 2703/2592/2192
f 89/130/111 88/2634/110 2704/2594/2194
f 88/2634/110 87/128/109 2705/2635/2230
f 87/128/109 14/126/107 507/2636/1466
f 2705/2635/2230 507/2636/1466 508/2636/1495
f 508/2636/1495 509/2637/1494 2719/2602/2202
f 509/2637/1494 510/2636/1493 2726/2609/2209
f 510/2636/1493 511/2637/1492 2733/2622/2222
f 511/2637/1492 512/2636/1491 2740/2629/2229
f 512/2636/1491 513/2636/1490 2747/2638/2231
f 513/2636/1490 39/2637/1489 682/2639/2232
f 2747/2638/2231 682/2639/2232 683/2640/2233
f 2745/2627/2227 2746/2628/2228 683/2640/2233
f 2744/2626/2226 2745/2627/2227 684/2641/2234
f 2743/2625/2225 2744/2626/2226 685/2642/2235
f 2742/2623/2223 2743/2625/2225 686/2643/2236
f 2741/2624/2224 2742/2623/2223 687/2644/2237
f 500/2630/2104 2741/2624/2224 688/2645/2238
f 501/2630/2102 2734/2617/2217 2741/2624/2224
f 502/2646/2101 2727/2611/2211 2734/2617/2217
f 503/2630/2100 2720/2604/2204 2727/2611/2211
f 504/2646/2099 2713/2597/2197 2720/2604/2204
f 505/2630/2098 2706/2585/2185 2713/2597/2197
f 2699/2583/2183 2706/2585/2185 505/2630/2098
f 2749/2647/2240 2756/2651/2244 2755/2648/2241
f 2750/2650/2243 2757/2653/2246 2756/2651/2244
f 2751/2652/2245 2758/2655/2248 2757/2653/2246
f 2752/2654/2247 2759/2657/2250 2758/2655/2248
f 2753/2656/2249 2760/2659/2252 2759/2657/2250
f 2754/2658/2251 2761/2665/2258 2760/2659/2252
f 2756/2651/2244 2763/2661/2254 2762/2660/2253
f 2757/2653/2246 2764/2662/2255 2763/2661/2254
f 2758/2655/2248 2765/2663/2256 2764/2662/2255
f 2759/2657/2250 2766/2664/2257 2765/2663/2256
f 2760/2659/2252 2767/2666/2259 2766/2664/2257
f 2761/2665/2258 2768/2672/2265 2767/2666/2259
f 2763/2661/2254 2770/2668/2261 2769/2667/2260
f 2764/2662/2255 2771/2669/2262 2770/2668/2261
f 2765/2663/2256 2772/2670/2263 2771/2669/2262
f 2766/2664/2257 2773/2671/2264 2772/2670/2263
f 2767/2666/2259 2774/2673/2266 2773/2671/2264
f 2768/2672/2265 2775/2679/2272 2774/2673/2266
f 2770/2668/2261 2777/2676/2269 2776/2674/2267
f 2770/2668/2261 2771/2669/2262 2778/2675/2268
f 2771/2669/2262 2772/2670/2263 2779/2677/2270
f 2773/2671/2264 2780/2678/2271 2779/2677/2270
f 2774/2673/2266 2781/2680/2273 2780/2678/2271
f 2775/2679/2272 2782/2686/2279 2781/2680/2273
f 2777/2676/2269 2784/2682/2275 2783/2681/2274
f 2778/2675/2268 2785/2683/2276 2784/2682/2275
f 2779/2677/2270 2786/2684/2277 2785/2683/2276
f 2780/2678/2271 2787/2685/2278 2786/2684/2277
f 2781/2680/2273 2788/2687/2280 2787/2685/2278
f 2782/2686/2279 2789/2693/2286 2788/2687/2280
f 2784/2682/2275 2791/2689/2282 2790/2688/2281
f 2785/2683/2276 2792/2690/2283 2791/2689/2282
f 2786/2684/2277 2793/2691/2284 2792/2690/2283
f 2787/2685/2278 2794/2692/2285 2793/2691/2284
f 2788/2687/2280 2795/2694/2287 2794/2692/2285
f 2789/2693/2286 2796/2708/2295 2795/2694/2287
f 268/2695/1344 2748/2649/2242 640/2696/2288
f 267/2697/1345 2749/2647/2240 2748/2649/2242
f 266/2698/1346 2750/2650/2243 2749/2647/2240
f 265/1646/1340 2751/2652/2245 2750/2650/2243
f 264/2699/1339 2752/2654/2247 2751/2652/2245
f 263/2700/1338 2753/2656/2249 2752/2654/2247
f 262/2701/1335 2754/2658/2251 2753/2656/2249
f 5/1632/1337 534/2702/2289 2754/2658/2251
f 534/2702/2289 533/2703/2290 2761/2665/2258
f 533/2703/2290 532/2704/2291 2768/2672/2265
f 532/2704/2291 531/2705/2292 2775/2679/2272
f 531/2705/2292 530/2706/2293 2782/2686/2279
f 530/2706/2293 529/2707/2294 2789/2693/2286
f 529/2707/2294 528/2709/2296 2796/2708/2295
f 528/2709/2296 46/3280/2746 864/2710/2297
f 2796/2708/2295 864/2710/2297 865/2711/2298
f 2795/2694/2287 865/2711/2298 866/2712/2299
f 2794/2692/2285 866/2712/2299 867/2713/2300
f 2793/2691/2284 867/2713/2300 868/2714/2301
f 2792/2690/2283 868/2714/2301 869/2715/2302
f 2791/2689/2282 869/2715/2302 870/2716/2303
f 2790/2688/2281 870/2716/2303 58/2717/2304
f 2783/2681/2274 2790/2688/2281 646/2718/2305
f 2776/2674/2267 2783/2681/2274 645/2719/2306
f 2769/2667/2260 2776/2674/2267 644/2720/2307
f 2762/2660/2253 2769/2667/2260 643/2721/2308
f 2755/2648/2241 2762/2660/2253 642/2722/2309
f 2748/2649/2242 2755/2648/2241 641/2723/2310
f 2797/2724/2311 2798/2727/2314 2805/2725/2312
f 2798/2727/2314 2799/2729/2316 2806/2728/2315
f 2799/2729/2316 2800/2731/2318 2807/2730/2317
f 2800/2731/2318 2801/2733/2320 2808/2732/2319
f 2801/2733/2320 2802/2735/2322 2809/2734/2321
f 2802/2735/2322 2803/2778/2365 2810/2736/2323
f 2804/2726/2313 2805/2725/2312 2812/2737/2324
f 2805/2725/2312 2806/2728/2315 2813/2739/2326
f 2806/2728/2315 2807/2730/2317 2814/2740/2327
f 2807/2730/2317 2808/2732/2319 2815/2741/2328
f 2808/2732/2319 2809/2734/2321 2816/2742/2329
f 2809/2734/2321 2810/2736/2323 2817/2743/2330
f 2811/2738/2325 2812/2737/2324 2819/2744/2331
f 2812/2737/2324 2813/2739/2326 2820/2746/2333
f 2813/2739/2326 2814/2740/2327 2821/2747/2334
f 2814/2740/2327 2815/2741/2328 2822/2748/2335
f 2815/2741/2328 2816/2742/2329 2823/2749/2336
f 2816/2742/2329 2817/2743/2330 2824/2750/2337
f 2818/2745/2332 2819/2744/2331 2826/2751/2338
f 2819/2744/2331 2820/2746/2333 2827/2753/2340
f 2820/2746/2333 2821/2747/2334 2828/2754/2341
f 2821/2747/2334 2822/2748/2335 2829/2755/2342
f 2822/2748/2335 2823/2749/2336 2830/2756/2343
f 2823/2749/2336 2824/2750/2337 2831/2757/2344
f 2825/2752/2339 2826/2751/2338 2833/2758/2345
f 2826/2751/2338 2827/2753/2340 2834/2760/2347
f 2827/2753/2340 2828/2754/2341 2835/2761/2348
f 2828/2754/2341 2829/2755/2342 2836/2762/2349
f 2829/2755/2342 2830/2756/2343 2837/2763/2350
f 2830/2756/2343 2831/2757/2344 2838/2764/2351
f 2832/2759/2346 2833/2758/2345 2840/2765/2352
f 2833/2758/2345 2834/2760/2347 2841/2767/2354
f 2834/2760/2347 2835/2761/2348 2842/2768/2355
f 2835/2761/2348 2836/2762/2349 2843/2769/2356
f 2836/2762/2349 2837/2763/2350 2844/2770/2357
f 2837/2763/2350 2838/2764/2351 2845/2771/2358
f 11/2280/1887 632/2772/2359 2797/2724/2311
f 632/2772/2359 631/2773/2360 2798/2727/2314
f 631/2773/2360 630/2774/2361 2799/2729/2316
f 630/2774/2361 629/2775/2362 2800/2731/2318
f 629/2775/2362 628/2776/2363 2801/2733/2320
f 628/2776/2363 627/2777/2364 2802/2735/2322
f 627/2777/2364 626/2779/2366 2803/2778/2365
f 626/2779/2366 10/2782/47 521/2780/2096
f 2803/2778/2365 521/2780/2096 522/2780/2118
f 2810/2736/2323 522/2780/2118 523/2781/2117
f 2817/2743/2330 523/2781/2117 524/2780/2116
f 2824/2750/2337 524/2780/2116 525/2781/2115
f 2831/2757/2344 525/2781/2115 526/2780/2114
f 2838/2764/2351 526/2780/2114 527/2781/2112
f 2845/2771/2358 527/2781/2112 30/2782/2113
f 2844/2770/2357 2845/2771/2358 1102/2783/2367
f 2843/2769/2356 2844/2770/2357 1103/2784/2368
f 2842/2768/2355 2843/2769/2356 1104/2785/2369
f 2841/2767/2354 2842/2768/2355 1105/2786/2370
f 2840/2765/2352 2841/2767/2354 1106/2787/2371
f 2839/2766/2353 2840/2765/2352 1107/2788/2372
f 514/2288/1895 2839/2766/2353 1108/2789/2373
f 515/2286/1893 2832/2759/2346 2839/2766/2353
f 516/2285/1892 2825/2752/2339 2832/2759/2346
f 517/2284/1891 2818/2745/2332 2825/2752/2339
f 518/2283/1890 2811/2738/2325 2818/2745/2332
f 519/2282/1889 2804/2726/2313 2811/2738/2325
f 520/2281/1888 2797/2724/2311 2804/2726/2313
f 2847/2791/2375 2848/2794/2378 2852/2792/2376
f 2848/2794/2378 2849/2796/2380 2853/2795/2379
f 2849/2796/2380 2850/2824/2408 2854/2797/2381
f 2851/2793/2377 2852/2792/2376 2856/2798/2382
f 2852/2792/2376 2853/2795/2379 2857/2800/2384
f 2853/2795/2379 2854/2797/2381 2858/2801/2385
f 2859/2802/2386 2860/2805/2389 2864/2803/2387
f 2860/2805/2389 2861/2807/2391 2865/2806/2390
f 2861/2807/2391 2862/2841/2409 2866/2808/2392
f 2863/2804/2388 2864/2803/2387 2868/2809/2393
f 2864/2803/2387 2865/2806/2390 2869/2811/2395
f 2865/2806/2390 2866/2808/2392 2870/2812/2396
f 2872/2813/2397 2876/2817/2401 2875/2814/2398
f 2873/2816/2400 2877/2819/2403 2876/2817/2401
f 2874/2818/2402 2878/2822/2406 2877/2819/2403
f 2876/2817/2401 2880/2821/2405 2879/2820/2404
f 2877/2819/2403 2881/2823/2407 2880/2821/2405
f 2878/2822/2406 2882/2829/2410 2881/2823/2407
f 2867/2810/2394 2868/2809/2393 2854/2797/2381
f 2868/2809/2393 2869/2811/2395 2858/2801/2385
f 2880/2821/2405 2866/2826/2392 2862/2825/2409
f 2881/2823/2407 2870/2812/2396 2866/2826/2392
f 2855/2799/2383 2856/2798/2382 2878/2827/2406
f 2856/2798/2382 2857/2800/2384 2882/2829/2410
f 2857/2800/2384 2858/2801/2385 2846/2830/2411
f 2869/2811/2395 2870/2812/2396 2846/2830/2411
f 2882/2829/2410 2846/2830/2411 2870/2812/2396
f 14/1773/107 205/2832/2412 2847/2791/2375
f 205/2832/2412 204/2833/2413 2848/2794/2378
f 204/2833/2413 203/2834/2414 2849/2796/2380
f 203/2834/2414 202/6045/2418 2850/2824/2408
f 562/2831/1465 2847/2791/2375 2851/2793/2377
f 561/2835/1467 2851/2793/2377 2855/2799/2383
f 560/1775/1468 2855/2799/2383 2874/2828/2402
f 4/241/214 213/2838/1965 2859/2802/2386
f 213/2838/1965 214/2839/1963 2860/2805/2389
f 214/2839/1963 215/2840/1962 2861/2807/2391
f 215/2840/1962 216/2354/1961 2862/2841/2409
f 199/2837/2415 2859/2802/2386 2863/2804/2388
f 200/2842/2416 2863/2804/2388 2867/2810/2394
f 201/2843/2417 2867/2810/2394 2850/2824/2408
f 556/2845/1472 2871/2815/2399 219/2846/1958
f 557/1778/1471 2872/2813/2397 2871/2815/2399
f 558/2847/1470 2873/2816/2400 2872/2813/2397
f 559/2848/1469 2874/2818/2402 2873/2816/2400
f 2871/2815/2399 2875/2814/2398 218/2352/1959
f 2875/2814/2398 2879/2820/2404 217/2353/1960
f 2879/2820/2404 2862/2825/2409 216/2849/1961
f 2885/2850/2419 2889/2854/2423 2888/2851/2420
f 2886/2853/2422 2890/2856/2425 2889/2854/2423
f 2887/2855/2424 2891/2859/2428 2890/2856/2425
f 2889/2854/2423 2893/2858/2427 2892/2857/2426
f 2890/2856/2425 2894/2860/2429 2893/2858/2427
f 2891/2859/2428 2895/2885/2452 2894/2860/2429
f 2897/2861/2430 2901/2865/2434 2900/2862/2431
f 2898/2864/2433 2902/2867/2436 2901/2865/2434
f 2899/2866/2435 2903/2886/2453 2902/2867/2436
f 2901/2865/2434 2905/2869/2438 2904/2868/2437
f 2902/2867/2436 2906/2871/2440 2905/2869/2438
f 2902/2867/2436 2903/2886/2453 2907/2870/2439
f 2909/2872/2441 2913/2876/2445 2912/2873/2442
f 2910/2875/2444 2914/2878/2447 2913/2876/2445
f 2911/2877/2446 2915/2881/2450 2914/2878/2447
f 2913/2876/2445 2917/2880/2449 2916/2879/2448
f 2914/2878/2447 2918/2882/2451 2917/2880/2449
f 2915/2881/2450 2919/2890/2455 2918/2882/2451
f 2904/2868/2437 2905/2869/2438 2891/2883/2428
f 2905/2869/2438 2906/2871/2440 2895/2885/2452
f 2917/2880/2449 2903/2886/2453 2899/2866/2435
f 2918/2882/2451 2907/2870/2439 2903/2886/2453
f 2893/2858/2427 2915/2888/2450 2911/2887/2446
f 2894/2860/2429 2919/2890/2455 2915/2888/2450
f 2894/2860/2429 2895/2885/2452 2883/2889/2454
f 2906/2871/2440 2907/2870/2439 2883/2889/2454
f 2918/2882/2451 2919/2890/2455 2883/2889/2454
f 563/2891/2456 2884/2852/2421 205/2892/2412
f 564/2893/2457 2885/2850/2419 2884/2852/2421
f 565/2894/2458 2886/2853/2422 2885/2850/2419
f 566/2895/2459 2887/2855/2424 2886/2853/2422
f 2884/2852/2421 2888/2851/2420 204/2896/2413
f 2888/2851/2420 2892/2857/2426 203/2897/2414
f 2892/2857/2426 2911/2887/2446 202/2898/2418
f 94/2899/222 2896/2863/2432 569/2900/2460
f 95/253/226 2897/2861/2430 2896/2863/2432
f 96/2901/227 2898/2864/2433 2897/2861/2430
f 97/2902/217 2899/2866/2435 2898/2864/2433
f 2896/2863/2432 2900/2862/2431 568/2903/2461
f 2900/2862/2431 2904/2868/2437 567/2904/2462
f 2904/2868/2437 2887/2884/2424 566/2905/2459
f 199/2906/2415 2908/2874/2443 100/239/212
f 200/2907/2416 2909/2872/2441 2908/2874/2443
f 201/2908/2417 2910/2875/2444 2909/2872/2441
f 202/2909/2418 2911/2877/2446 2910/2875/2444
f 2908/2874/2443 2912/2873/2442 99/242/215
f 2912/2873/2442 2916/2879/2448 98/243/216
f 98/243/216 2916/2879/2448 2899/2866/2435
f 2922/2910/2463 2926/2914/2467 2925/2911/2464
f 2923/2913/2466 2927/2916/2469 2926/2914/2467
f 2924/2915/2468 2928/2919/2472 2927/2916/2469
f 2926/2914/2467 2930/2918/2471 2929/2917/2470
f 2927/2916/2469 2931/2920/2473 2930/2918/2471
f 2928/2919/2472 2932/2945/2496 2931/2920/2473
f 2934/2921/2474 2938/2925/2478 2937/2922/2475
f 2935/2924/2477 2939/2927/2480 2938/2925/2478
f 2936/2926/2479 2940/2947/2497 2939/2927/2480
f 2937/2922/2475 2938/2925/2478 2942/2928/2481
f 2938/2925/2478 2939/2927/2480 2943/2930/2483
f 2939/2927/2480 2940/2947/2497 2944/2931/2484
f 2946/2932/2485 2950/2936/2489 2949/2933/2486
f 2947/2935/2488 2951/2938/2491 2950/2936/2489
f 2947/2935/2488 2948/2968/2498 2952/2937/2490
f 2950/2936/2489 2954/2940/2493 2953/2939/2492
f 2951/2938/2491 2955/2942/2495 2954/2940/2493
f 2951/2938/2491 2952/2937/2490 2956/2941/2494
f 2941/2929/2482 2942/2928/2481 2928/2943/2472
f 2942/2928/2481 2943/2930/2483 2932/2945/2496
f 2954/2940/2493 2940/2947/2497 2936/2946/2479
f 2954/2940/2493 2955/2942/2495 2944/2931/2484
f 2930/2918/2471 2952/2949/2490 2948/2948/2498
f 2931/2920/2473 2956/2941/2494 2952/2949/2490
f 2931/2920/2473 2932/2945/2496 2920/2950/2499
f 2943/2930/2483 2944/2931/2484 2920/2950/2499
f 2955/2942/2495 2956/2941/2494 2920/2950/2499
f 570/2951/108 2921/2912/2465 563/2952/2456
f 571/2953/112 2922/2910/2463 2921/2912/2465
f 572/2954/113 2923/2913/2466 2922/2910/2463
f 573/134/106 2924/2915/2468 2923/2913/2466
f 2921/2912/2465 2925/2911/2464 564/2955/2457
f 2925/2911/2464 2929/2917/2470 565/2894/2458
f 2929/2917/2470 2948/2948/2498 566/2905/2459
f 583/2956/2500 2933/2923/2476 576/2957/103
f 582/2958/2501 2934/2921/2474 2933/2923/2476
f 581/2959/2502 2935/2924/2477 2934/2921/2474
f 580/2960/2503 2936/2926/2479 2935/2924/2477
f 2933/2923/2476 2937/2922/2475 575/2961/104
f 575/2961/104 2937/2922/2475 2941/2929/2482
f 574/2962/105 2941/2929/2482 2924/2944/2468
f 569/2964/2460 2945/2934/2487 577/2965/2504
f 568/2966/2461 2946/2932/2485 2945/2934/2487
f 567/2967/2462 2947/2935/2488 2946/2932/2485
f 567/2967/2462 566/2905/2459 2948/2968/2498
f 2945/2934/2487 2949/2933/2486 578/2969/2505
f 2949/2933/2486 2953/2939/2492 579/2970/2506
f 2953/2939/2492 2936/2946/2479 580/2960/2503
f 2959/2971/2507 2963/2975/2511 2962/2972/2508
f 2960/2974/2510 2964/2977/2513 2963/2975/2511
f 2961/2976/2512 2965/2980/2516 2964/2977/2513
f 2963/2975/2511 2967/2979/2515 2966/2978/2514
f 2964/2977/2513 2968/2981/2517 2967/2979/2515
f 2965/2980/2516 2969/3006/2540 2968/2981/2517
f 2971/2982/2518 2975/2986/2522 2974/2983/2519
f 2971/2982/2518 2972/2987/2523 2976/2985/2521
f 2972/2987/2523 2973/3007/2541 2977/2988/2524
f 2974/2983/2519 2975/2986/2522 2979/2989/2525
f 2975/2986/2522 2976/2985/2521 2980/2991/2527
f 2976/2985/2521 2977/2988/2524 2981/2992/2528
f 2983/2993/2529 2987/2997/2533 2986/2994/2530
f 2984/2996/2532 2988/2999/2535 2987/2997/2533
f 2985/2998/2534 2989/3010/2542 2988/2999/2535
f 2987/2997/2533 2991/3001/2537 2990/3000/2536
f 2988/2999/2535 2992/3003/2539 2991/3001/2537
f 2988/2999/2535 2989/3010/2542 2993/3002/2538
f 2978/2990/2526 2979/2989/2525 2965/3004/2516
f 2979/2989/2525 2980/2991/2527 2969/3006/2540
f 2991/3001/2537 2977/3008/2524 2973/3007/2541
f 2992/3003/2539 2981/2992/2528 2977/3008/2524
f 2967/2979/2515 2989/3010/2542 2985/3009/2534
f 2968/2981/2517 2993/3002/2538 2989/3010/2542
f 2968/2981/2517 2969/3006/2540 2957/3011/2543
f 2980/2991/2527 2981/2992/2528 2957/3011/2543
f 2992/3003/2539 2993/3002/2538 2957/3011/2543
f 191/3012/2544 2958/2973/2509 583/2956/2500
f 190/3013/2545 2959/2971/2507 2958/2973/2509
f 189/3014/2546 2960/2974/2510 2959/2971/2507
f 188/3015/2547 2961/2976/2512 2960/2974/2510
f 2958/2973/2509 2962/2972/2508 582/2958/2501
f 2962/2972/2508 2966/2978/2514 581/3016/2502
f 2966/2978/2514 2985/3009/2534 580/3017/2503
f 206/3018/1696 2970/2984/2520 185/3019/2548
f 207/2036/1697 2971/2982/2518 2970/2984/2520
f 208/3020/1698 2972/2987/2523 2971/2982/2518
f 209/3021/1695 2973/3007/2541 2972/2987/2523
f 2970/2984/2520 2974/2983/2519 186/3022/2549
f 2974/2983/2519 2978/2990/2526 187/3023/2550
f 2978/2990/2526 2961/3005/2512 188/3024/2547
f 577/2965/2504 2982/2995/2531 212/3025/1692
f 578/3026/2505 2983/2993/2529 2982/2995/2531
f 579/3027/2506 2984/2996/2532 2983/2993/2529
f 579/3027/2506 580/6046/2503 2985/2998/2534
f 2982/2995/2531 2986/2994/2530 211/3028/1693
f 2986/2994/2530 2990/3000/2536 210/3029/1694
f 2990/3000/2536 2973/3007/2541 209/2029/1695
f 2996/3030/2551 3000/3034/2555 2999/3031/2552
f 2997/3033/2554 3001/3036/2557 3000/3034/2555
f 2998/3035/2556 3002/3039/2560 3001/3036/2557
f 3000/3034/2555 3004/3038/2559 3003/3037/2558
f 3001/3036/2557 3005/3040/2561 3004/3038/2559
f 3002/3039/2560 3006/3071/2587 3005/3040/2561
f 3008/3041/2562 3012/3045/2566 3011/3042/2563
f 3009/3044/2565 3013/3047/2568 3012/3045/2566
f 3010/3046/2567 3014/3050/2571 3013/3047/2568
f 3012/3045/2566 3016/3049/2570 3015/3048/2569
f 3013/3047/2568 3017/3051/2572 3016/3049/2570
f 3014/3050/2571 3018/3067/2584 3017/3051/2572
f 3020/3052/2573 3024/3056/2577 3023/3053/2574
f 3020/3052/2573 3021/3057/2578 3025/3055/2576
f 3021/3057/2578 3022/3091/2585 3026/3058/2579
f 3023/3053/2574 3024/3056/2577 3028/3059/2580
f 3024/3056/2577 3025/3055/2576 3029/3061/2582
f 3025/3055/2576 3026/3058/2579 3030/3062/2583
f 3016/3049/2570 3002/3064/2560 2998/3063/2556
f 3017/3051/2572 3006/3071/2587 3002/3064/2560
f 3027/3060/2581 3028/3059/2580 3014/3065/2571
f 3028/3059/2580 3029/3061/2582 3018/3067/2584
f 3004/3038/2559 3026/3069/2579 3022/3068/2585
f 3005/3040/2561 3030/3062/2583 3026/3069/2579
f 3005/3040/2561 3006/3071/2587 2994/3070/2586
f 3017/3051/2572 3018/3067/2584 2994/3070/2586
f 3029/3061/2582 3030/3062/2583 2994/3070/2586
f 584/3072/2588 2995/3032/2553 191/3073/2544
f 585/3074/2589 2996/3030/2551 2995/3032/2553
f 586/3075/2590 2997/3033/2554 2996/3030/2551
f 586/3075/2590 587/6047/2594 2998/3035/2556
f 2995/3032/2553 2999/3031/2552 190/3076/2545
f 2999/3031/2552 3003/3037/2558 189/3077/2546
f 3003/3037/2558 3022/3068/2585 188/3078/2547
f 80/3079/161 3007/3043/2564 590/3080/2591
f 81/3081/165 3008/3041/2562 3007/3043/2564
f 82/3082/166 3009/3044/2565 3008/3041/2562
f 83/3083/156 3010/3046/2567 3009/3044/2565
f 3007/3043/2564 3011/3042/2563 589/3084/2592
f 3011/3042/2563 3015/3048/2569 588/3085/2593
f 3015/3048/2569 2998/3063/2556 587/3086/2594
f 185/3087/2548 3019/3054/2575 86/3088/151
f 186/3089/2549 3020/3052/2573 3019/3054/2575
f 186/3089/2549 187/3090/2550 3021/3057/2578
f 187/3090/2550 188/6048/2547 3022/3091/2585
f 3019/3054/2575 3023/3053/2574 85/3092/154
f 85/3092/154 3023/3053/2574 3027/3060/2581
f 84/180/155 3027/3060/2581 3010/3066/2567
f 3033/3093/2595 3037/3097/2599 3036/3094/2596
f 3034/3096/2598 3038/3099/2601 3037/3097/2599
f 3034/3096/2598 3035/3135/2628 3039/3098/2600
f 3037/3097/2599 3041/3101/2603 3040/3100/2602
f 3038/3099/2601 3042/3103/2605 3041/3101/2603
f 3038/3099/2601 3039/3098/2600 3043/3102/2604
f 3045/3104/2606 3049/3108/2610 3048/3105/2607
f 3046/3107/2609 3050/3110/2612 3049/3108/2610
f 3047/3109/2611 3051/3113/2615 3050/3110/2612
f 3049/3108/2610 3053/3112/2614 3052/3111/2613
f 3050/3110/2612 3054/3114/2616 3053/3112/2614
f 3051/3113/2615 3055/3129/2629 3054/3114/2616
f 3057/3115/2617 3061/3119/2621 3060/3116/2618
f 3058/3118/2620 3062/3121/2623 3061/3119/2621
f 3059/3120/2622 3063/6049/2630 3062/3121/2623
f 3061/3119/2621 3065/3123/2625 3064/3122/2624
f 3062/3121/2623 3066/3125/2627 3065/3123/2625
f 3062/3121/2623 3063/6049/2630 3067/3124/2626
f 3053/3112/2614 3039/3127/2600 3035/3126/2628
f 3054/3114/2616 3043/3102/2604 3039/3127/2600
f 3064/3122/2624 3065/3123/2625 3051/3113/2615
f 3065/3123/2625 3066/3125/2627 3055/3129/2629
f 3041/3101/2603 3063/3131/2630 3059/3130/2622
f 3041/3101/2603 3042/3103/2605 3067/3124/2626
f 3042/3103/2605 3043/3102/2604 3031/3132/2631
f 3054/3114/2616 3055/3129/2629 3031/3132/2631
f 3066/3125/2627 3067/3124/2626 3031/3132/2631
f 591/60/55 3032/3095/2597 584/3072/2588
f 592/3133/59 3033/3093/2595 3032/3095/2597
f 592/3133/59 593/3134/60 3034/3096/2598
f 593/3134/60 594/66/61 3035/3135/2628
f 3032/3095/2597 3036/3094/2596 585/3136/2589
f 3036/3094/2596 3040/3100/2602 586/3075/2590
f 3040/3100/2602 3059/3130/2622 587/3137/2594
f 604/3138/2632 3044/3106/2608 597/3139/49
f 603/3140/2633 3045/3104/2606 3044/3106/2608
f 602/3141/2634 3046/3107/2609 3045/3104/2606
f 601/3142/2635 3047/3109/2611 3046/3107/2609
f 3044/3106/2608 3048/3105/2607 596/3143/50
f 3048/3105/2607 3052/3111/2613 595/3144/51
f 3052/3111/2613 3035/3126/2628 594/3145/61
f 590/3146/2591 3056/3117/2619 598/3147/2636
f 589/3148/2592 3057/3115/2617 3056/3117/2619
f 588/3149/2593 3058/3118/2620 3057/3115/2617
f 587/3137/2594 3059/3120/2622 3058/3118/2620
f 3056/3117/2619 3060/3116/2618 599/3150/2637
f 3060/3116/2618 3064/3122/2624 600/3151/2638
f 600/3151/2638 3064/3122/2624 3047/3128/2611
f 3070/3153/2639 3074/3157/2643 3073/3154/2640
f 3071/3156/2642 3075/3159/2645 3074/3157/2643
f 3072/3158/2644 3076/3162/2648 3075/3159/2645
f 3074/3157/2643 3078/3161/2647 3077/3160/2646
f 3075/3159/2645 3079/3163/2649 3078/3161/2647
f 3076/3162/2648 3080/3193/2675 3079/3163/2649
f 3082/3164/2650 3086/3168/2654 3085/3165/2651
f 3083/3167/2653 3087/3170/2656 3086/3168/2654
f 3084/3169/2655 3088/3173/2659 3087/3170/2656
f 3086/3168/2654 3090/3172/2658 3089/3171/2657
f 3087/3170/2656 3091/3174/2660 3090/3172/2658
f 3088/3173/2659 3092/3190/2672 3091/3174/2660
f 3094/3175/2661 3098/3179/2665 3097/3176/2662
f 3095/3178/2664 3099/3181/2667 3098/3179/2665
f 3095/3178/2664 3096/6050/2673 3100/3180/2666
f 3098/3179/2665 3102/3184/2670 3101/3182/2668
f 3098/3179/2665 3099/3181/2667 3103/3183/2669
f 3099/3181/2667 3100/3180/2666 3104/3185/2671
f 3090/3172/2658 3076/3187/2648 3072/3186/2644
f 3091/3174/2660 3080/3193/2675 3076/3187/2648
f 3101/3182/2668 3102/3184/2670 3088/3188/2659
f 3102/3184/2670 3103/3183/2669 3092/3190/2672
f 3078/3161/2647 3100/3180/2666 3096/3191/2673
f 3079/3163/2649 3104/3185/2671 3100/3180/2666
f 3079/3163/2649 3080/3193/2675 3068/3192/2674
f 3091/3174/2660 3092/3190/2672 3068/3192/2674
f 3103/3183/2669 3104/3185/2671 3068/3192/2674
f 184/3194/2676 3069/3155/2641 604/3138/2632
f 183/3195/2677 3070/3153/2639 3069/3155/2641
f 182/3196/2678 3071/3156/2642 3070/3153/2639
f 181/3197/2679 3072/3158/2644 3071/3156/2642
f 3069/3155/2641 3073/3154/2640 603/3140/2633
f 3073/3154/2640 3077/3160/2646 602/3198/2634
f 602/3198/2634 3077/3160/2646 3096/3191/2673
f 192/3200/1828 3081/3166/2652 178/3201/2680
f 193/3202/1829 3082/3164/2650 3081/3166/2652
f 194/3203/1830 3083/3167/2653 3082/3164/2650
f 195/3204/1827 3084/3169/2655 3083/3167/2653
f 3081/3166/2652 3085/3165/2651 179/3205/2681
f 3085/3165/2651 3089/3171/2657 180/3206/2682
f 3089/3171/2657 3072/3186/2644 181/3207/2679
f 598/3208/2636 3093/3177/2663 198/3209/1824
f 599/3210/2637 3094/3175/2661 3093/3177/2663
f 600/3211/2638 3095/3178/2664 3094/3175/2661
f 601/3199/2635 3096/6050/2673 3095/3178/2664
f 3093/3177/2663 3097/3176/2662 197/2204/1825
f 197/2204/1825 3097/3176/2662 3101/3182/2668
f 196/2205/1826 3101/3182/2668 3084/3189/2655
f 3105/3213/2683 3106/3216/2686 3113/3214/2684
f 3106/3216/2686 3107/3218/2688 3114/3217/2687
f 3107/3218/2688 3108/3220/2690 3115/3219/2689
f 3108/3220/2690 3109/3222/2692 3116/3221/2691
f 3109/3222/2692 3110/3224/2694 3117/3223/2693
f 3110/3224/2694 3111/3264/2731 3118/3225/2695
f 3112/3215/2685 3113/3214/2684 3120/3226/2696
f 3113/3214/2684 3114/3217/2687 3121/3228/2698
f 3114/3217/2687 3115/3219/2689 3122/3229/2699
f 3115/3219/2689 3116/3221/2691 3123/3230/2700
f 3116/3221/2691 3117/3223/2693 3124/3231/2701
f 3117/3223/2693 3118/3225/2695 3125/3232/2702
f 3119/3227/2697 3120/3226/2696 3127/3233/2703
f 3120/3226/2696 3121/3228/2698 3128/3235/2705
f 3121/3228/2698 3122/3229/2699 3129/3236/2706
f 3122/3229/2699 3123/3230/2700 3130/3237/2707
f 3123/3230/2700 3124/3231/2701 3131/3238/2708
f 3124/3231/2701 3125/3232/2702 3132/3239/2709
f 3126/3234/2704 3127/3233/2703 3134/3240/2710
f 3127/3233/2703 3128/3235/2705 3135/3242/2712
f 3128/3235/2705 3129/3236/2706 3136/3243/2713
f 3129/3236/2706 3130/3237/2707 3137/3244/2714
f 3130/3237/2707 3131/3238/2708 3138/3245/2715
f 3131/3238/2708 3132/3239/2709 3139/3246/2716
f 3133/3241/2711 3134/3240/2710 3141/3247/2717
f 3134/3240/2710 3135/3242/2712 3142/3249/2719
f 3135/3242/2712 3136/3243/2713 3143/3250/2720
f 3136/3243/2713 3137/3244/2714 3144/3251/2721
f 3137/3244/2714 3138/3245/2715 3145/3252/2722
f 3138/3245/2715 3139/3246/2716 3146/3253/2723
f 3140/3248/2718 3141/3247/2717 3148/3254/2724
f 3141/3247/2717 3142/3249/2719 3149/3256/2726
f 3142/3249/2719 3143/3250/2720 3150/3257/2727
f 3143/3250/2720 3144/3251/2721 3151/3258/2728
f 3144/3251/2721 3145/3252/2722 3152/3259/2729
f 3145/3252/2722 3146/3253/2723 3153/3260/2730
f 5/1632/1337 220/1631/1336 3105/3213/2683
f 220/1631/1336 221/3261/1341 3106/3216/2686
f 221/3261/1341 222/3262/1342 3107/3218/2688
f 222/3262/1342 223/1638/1343 3108/3220/2690
f 223/1638/1343 224/1626/1334 3109/3222/2692
f 224/1626/1334 225/3263/1333 3110/3224/2694
f 225/3263/1333 226/3265/1332 3111/3264/2731
f 226/3265/1332 17/313/281 618/3266/2732
f 3111/3264/2731 618/3266/2732 617/3267/2733
f 3118/3225/2695 617/3267/2733 616/3268/2734
f 3125/3232/2702 616/3268/2734 615/3269/2735
f 3132/3239/2709 615/3269/2735 614/3270/2736
f 3139/3246/2716 614/3270/2736 613/3271/2737
f 3146/3253/2723 613/3271/2737 612/3272/2738
f 612/3272/2738 44/3529/2952 835/3273/2739
f 3152/3259/2729 3153/3260/2730 835/3273/2739
f 3151/3258/2728 3152/3259/2729 834/3274/2740
f 3150/3257/2727 3151/3258/2728 833/3275/2741
f 3149/3256/2726 3150/3257/2727 832/3276/2742
f 3148/3254/2724 3149/3256/2726 831/3277/2743
f 3147/3255/2725 3148/3254/2724 830/3278/2744
f 528/2709/2296 3147/3255/2725 829/3279/2745
f 529/2707/2294 3140/3248/2718 3147/3255/2725
f 3133/3241/2711 3140/3248/2718 529/2707/2294
f 3126/3234/2704 3133/3241/2711 530/2706/2293
f 3119/3227/2697 3126/3234/2704 531/2705/2292
f 533/2703/2290 3112/3215/2685 3119/3227/2697
f 534/2702/2289 3105/3213/2683 3112/3215/2685
f 3155/3281/2747 3162/3285/2751 3161/3282/2748
f 3156/3284/2750 3163/3287/2753 3162/3285/2751
f 3157/3286/2752 3164/3289/2755 3163/3287/2753
f 3158/3288/2754 3165/3291/2757 3164/3289/2755
f 3159/3290/2756 3166/3293/2759 3165/3291/2757
f 3160/3292/2758 3167/3299/2765 3166/3293/2759
f 3162/3285/2751 3169/3295/2761 3168/3294/2760
f 3163/3287/2753 3170/3296/2762 3169/3295/2761
f 3164/3289/2755 3171/3297/2763 3170/3296/2762
f 3165/3291/2757 3172/3298/2764 3171/3297/2763
f 3166/3293/2759 3173/3300/2766 3172/3298/2764
f 3167/3299/2765 3174/3306/2772 3173/3300/2766
f 3169/3295/2761 3176/3302/2768 3175/3301/2767
f 3170/3296/2762 3177/3303/2769 3176/3302/2768
f 3171/3297/2763 3178/3304/2770 3177/3303/2769
f 3172/3298/2764 3179/3305/2771 3178/3304/2770
f 3173/3300/2766 3180/3307/2773 3179/3305/2771
f 3174/3306/2772 3181/3313/2779 3180/3307/2773
f 3176/3302/2768 3183/3309/2775 3182/3308/2774
f 3177/3303/2769 3184/3310/2776 3183/3309/2775
f 3178/3304/2770 3185/3311/2777 3184/3310/2776
f 3179/3305/2771 3186/3312/2778 3185/3311/2777
f 3180/3307/2773 3187/3314/2780 3186/3312/2778
f 3181/3313/2779 3188/3320/2786 3187/3314/2780
f 3183/3309/2775 3190/3316/2782 3189/3315/2781
f 3184/3310/2776 3191/3317/2783 3190/3316/2782
f 3185/3311/2777 3192/3318/2784 3191/3317/2783
f 3186/3312/2778 3193/3319/2785 3192/3318/2784
f 3187/3314/2780 3194/3321/2787 3193/3319/2785
f 3188/3320/2786 3195/3327/2793 3194/3321/2787
f 3190/3316/2782 3197/3323/2789 3196/3322/2788
f 3191/3317/2783 3198/3324/2790 3197/3323/2789
f 3192/3318/2784 3199/3325/2791 3198/3324/2790
f 3193/3319/2785 3200/3326/2792 3199/3325/2791
f 3194/3321/2787 3201/3328/2794 3200/3326/2792
f 3195/3327/2793 3202/3335/2795 3201/3328/2794
f 324/3329/625 3154/3283/2749 541/2428/2031
f 323/3330/629 3155/3281/2747 3154/3283/2749
f 322/3331/630 3156/3284/2750 3155/3281/2747
f 321/714/623 3157/3286/2752 3156/3284/2750
f 320/3332/622 3158/3288/2754 3157/3286/2752
f 319/3333/621 3159/3290/2756 3158/3288/2754
f 318/3334/620 3160/3292/2758 3159/3290/2756
f 29/699/560 542/2558/2167 3160/3292/2758
f 542/2558/2167 543/2582/2182 3167/3299/2765
f 543/2582/2182 544/2581/2181 3174/3306/2772
f 544/2581/2181 545/2580/2180 3181/3313/2779
f 545/2580/2180 546/2579/2179 3188/3320/2786
f 546/2579/2179 547/2578/2178 3195/3327/2793
f 547/2578/2178 548/2576/2176 3202/3335/2795
f 548/2576/2176 56/2577/2177 920/3336/2796
f 3202/3335/2795 920/3336/2796 921/3337/2797
f 3201/3328/2794 921/3337/2797 922/3338/2798
f 3200/3326/2792 922/3338/2798 923/3339/2799
f 3199/3325/2791 923/3339/2799 924/3340/2800
f 3198/3324/2790 924/3340/2800 925/3341/2801
f 3197/3323/2789 925/3341/2801 926/3342/2802
f 3196/3322/2788 926/3342/2802 51/2435/2038
f 3189/3315/2781 3196/3322/2788 535/2434/2037
f 3182/3308/2774 3189/3315/2781 536/2433/2036
f 3175/3301/2767 3182/3308/2774 537/2432/2035
f 3168/3294/2760 3175/3301/2767 538/2431/2034
f 3161/3282/2748 3168/3294/2760 539/2430/2033
f 3154/3283/2749 3161/3282/2748 540/2429/2032
f 3204/3343/2803 3211/3347/2807 3210/3344/2804
f 3205/3346/2806 3212/3349/2809 3211/3347/2807
f 3206/3348/2808 3213/3351/2811 3212/3349/2809
f 3207/3350/2810 3214/3353/2813 3213/3351/2811
f 3208/3352/2812 3215/3355/2815 3214/3353/2813
f 3209/3354/2814 3216/3361/2821 3215/3355/2815
f 3211/3347/2807 3218/3357/2817 3217/3356/2816
f 3212/3349/2809 3219/3358/2818 3218/3357/2817
f 3213/3351/2811 3220/3359/2819 3219/3358/2818
f 3214/3353/2813 3221/3360/2820 3220/3359/2819
f 3215/3355/2815 3222/3362/2822 3221/3360/2820
f 3216/3361/2821 3223/3368/2828 3222/3362/2822
f 3218/3357/2817 3225/3364/2824 3224/3363/2823
f 3219/3358/2818 3226/3365/2825 3225/3364/2824
f 3220/3359/2819 3227/3366/2826 3226/3365/2825
f 3221/3360/2820 3228/3367/2827 3227/3366/2826
f 3222/3362/2822 3229/3369/2829 3228/3367/2827
f 3223/3368/2828 3230/3375/2835 3229/3369/2829
f 3225/3364/2824 3232/3371/2831 3231/3370/2830
f 3226/3365/2825 3233/3372/2832 3232/3371/2831
f 3227/3366/2826 3234/3373/2833 3233/3372/2832
f 3228/3367/2827 3235/3374/2834 3234/3373/2833
f 3229/3369/2829 3236/3376/2836 3235/3374/2834
f 3230/3375/2835 3237/3382/2842 3236/3376/2836
f 3232/3371/2831 3239/3378/2838 3238/3377/2837
f 3233/3372/2832 3240/3379/2839 3239/3378/2838
f 3234/3373/2833 3241/3380/2840 3240/3379/2839
f 3235/3374/2834 3242/3381/2841 3241/3380/2840
f 3236/3376/2836 3243/3383/2843 3242/3381/2841
f 3237/3382/2842 3244/3389/2849 3243/3383/2843
f 3239/3378/2838 3246/3385/2845 3245/3384/2844
f 3240/3379/2839 3247/3386/2846 3246/3385/2845
f 3241/3380/2840 3248/3387/2847 3247/3386/2846
f 3242/3381/2841 3249/3388/2848 3248/3387/2847
f 3243/3383/2843 3250/3390/2850 3249/3388/2848
f 3244/3389/2849 3251/3398/2851 3250/3390/2850
f 255/3391/386 3203/3345/2805 555/2359/1966
f 256/3392/387 3204/3343/2803 3203/3345/2805
f 257/3393/388 3205/3346/2806 3204/3343/2803
f 258/3394/389 3206/3348/2808 3205/3346/2806
f 259/3395/397 3207/3350/2810 3206/3348/2808
f 260/3396/398 3208/3352/2812 3207/3350/2810
f 261/3397/396 3209/3354/2814 3208/3352/2812
f 22/448/394 605/1696/1395 3209/3354/2814
f 605/1696/1395 606/1722/1416 3216/3361/2821
f 606/1722/1416 607/1721/1415 3223/3368/2828
f 607/1721/1415 608/1720/1414 3230/3375/2835
f 608/1720/1414 609/1719/1413 3237/3382/2842
f 609/1719/1413 610/1718/1412 3244/3389/2849
f 610/1718/1412 611/1716/1410 3251/3398/2851
f 611/1716/1410 48/1717/1411 856/3399/2852
f 3251/3398/2851 856/3399/2852 855/3400/2853
f 3250/3390/2850 855/3400/2853 854/3401/2854
f 3249/3388/2848 854/3401/2854 853/3402/2855
f 3248/3387/2847 853/3402/2855 852/3403/2856
f 3247/3386/2846 852/3403/2856 851/3404/2857
f 3246/3385/2845 851/3404/2857 850/3405/2858
f 3245/3384/2844 850/3405/2858 57/2366/1973
f 3238/3377/2837 3245/3384/2844 549/2365/1972
f 551/2363/1970 3231/3370/2830 3238/3377/2837
f 552/2362/1969 3224/3363/2823 3231/3370/2830
f 553/2361/1968 3217/3356/2816 3224/3363/2823
f 554/2360/1967 3210/3344/2804 3217/3356/2816
f 3203/3345/2805 3210/3344/2804 554/2360/1967
f 3253/3406/2859 3254/3409/2862 3258/3407/2860
f 3254/3409/2862 3255/3411/2864 3259/3410/2863
f 3255/3411/2864 3256/3449/2892 3260/3412/2865
f 3257/3408/2861 3258/3407/2860 3262/3413/2866
f 3258/3407/2860 3259/3410/2863 3263/3415/2868
f 3259/3410/2863 3260/3412/2865 3264/3416/2869
f 3266/3417/2870 3270/3421/2874 3269/3418/2871
f 3267/3420/2873 3271/3423/2876 3270/3421/2874
f 3268/3422/2875 3272/3426/2879 3271/3423/2876
f 3270/3421/2874 3274/3425/2878 3273/3424/2877
f 3271/3423/2876 3275/3427/2880 3274/3425/2878
f 3272/3426/2879 3276/3443/2893 3275/3427/2880
f 3277/3428/2881 3278/3431/2884 3282/3429/2882
f 3278/3431/2884 3279/3433/2886 3283/3432/2885
f 3279/3433/2886 3280/3463/2894 3284/3434/2887
f 3281/3430/2883 3282/3429/2882 3286/3435/2888
f 3282/3429/2882 3283/3432/2885 3287/3437/2890
f 3283/3432/2885 3284/3434/2887 3288/3438/2891
f 3274/3425/2878 3260/3440/2865 3256/3439/2892
f 3275/3427/2880 3264/3416/2869 3260/3440/2865
f 3285/3436/2889 3286/3435/2888 3272/3441/2879
f 3286/3435/2888 3287/3437/2890 3276/3443/2893
f 3261/3414/2867 3262/3413/2866 3284/3434/2887
f 3262/3413/2866 3263/3415/2868 3288/3438/2891
f 3263/3415/2868 3264/3416/2869 3252/3445/2895
f 3276/3443/2893 3252/3445/2895 3264/3416/2869
f 3287/3437/2890 3288/3438/2891 3252/3445/2895
f 10/2782/47 626/3447/2366 3253/3406/2859
f 626/3447/2366 627/3448/2364 3254/3409/2862
f 627/3448/2364 628/2776/2363 3255/3411/2864
f 628/2776/2363 629/6051/2362 3256/3449/2892
f 184/3446/2676 3253/3406/2859 3257/3408/2861
f 183/3450/2677 3257/3408/2861 3261/3414/2867
f 182/3451/2678 3261/3414/2867 3280/3444/2894
f 66/3453/1886 3265/3419/2872 632/3454/2359
f 67/3455/1885 3266/3417/2870 3265/3419/2872
f 68/3456/1884 3267/3420/2873 3266/3417/2870
f 69/2276/1883 3268/3422/2875 3267/3420/2873
f 3265/3419/2872 3269/3418/2871 631/3457/2360
f 3269/3418/2871 3273/3424/2877 630/2774/2361
f 3273/3424/2877 3256/3439/2892 629/3458/2362
f 2/304/273 178/3460/2680 3277/3428/2881
f 178/3460/2680 179/3461/2681 3278/3431/2884
f 179/3461/2681 180/3462/2682 3279/3433/2886
f 180/3462/2682 181/6052/2679 3280/3463/2894
f 72/3459/1879 3277/3428/2881 3281/3430/2883
f 71/3464/1881 3281/3430/2883 3285/3436/2889
f 70/3465/1882 3285/3436/2889 3268/3442/2875
f 3289/3467/2896 3290/3470/2899 3297/3468/2897
f 3290/3470/2899 3291/3472/2901 3298/3471/2900
f 3291/3472/2901 3292/3474/2903 3299/3473/2902
f 3292/3474/2903 3293/3476/2905 3300/3475/2904
f 3293/3476/2905 3294/3478/2907 3301/3477/2906
f 3294/3478/2907 3295/3520/2944 3302/3479/2908
f 3296/3469/2898 3297/3468/2897 3304/3480/2909
f 3297/3468/2897 3298/3471/2900 3305/3482/2911
f 3298/3471/2900 3299/3473/2902 3306/3483/2912
f 3299/3473/2902 3300/3475/2904 3307/3484/2913
f 3300/3475/2904 3301/3477/2906 3308/3485/2914
f 3301/3477/2906 3302/3479/2908 3309/3486/2915
f 3303/3481/2910 3304/3480/2909 3311/3487/2916
f 3304/3480/2909 3305/3482/2911 3312/3489/2918
f 3305/3482/2911 3306/3483/2912 3313/3490/2919
f 3306/3483/2912 3307/3484/2913 3314/3491/2920
f 3307/3484/2913 3308/3485/2914 3315/3492/2921
f 3308/3485/2914 3309/3486/2915 3316/3493/2922
f 3310/3488/2917 3311/3487/2916 3318/3494/2923
f 3311/3487/2916 3312/3489/2918 3319/3496/2925
f 3312/3489/2918 3313/3490/2919 3320/3497/2926
f 3313/3490/2919 3314/3491/2920 3321/3498/2927
f 3314/3491/2920 3315/3492/2921 3322/3499/2928
f 3315/3492/2921 3316/3493/2922 3323/3500/2929
f 3317/3495/2924 3318/3494/2923 3325/3501/2930
f 3318/3494/2923 3319/3496/2925 3326/3503/2932
f 3319/3496/2925 3320/3497/2926 3327/3504/2933
f 3320/3497/2926 3321/3498/2927 3328/3505/2934
f 3321/3498/2927 3322/3499/2928 3329/3506/2935
f 3322/3499/2928 3323/3500/2929 3330/3507/2936
f 3324/3502/2931 3325/3501/2930 3332/3508/2937
f 3325/3501/2930 3326/3503/2932 3333/3510/2939
f 3326/3503/2932 3327/3504/2933 3334/3511/2940
f 3327/3504/2933 3328/3505/2934 3335/3512/2941
f 3328/3505/2934 3329/3506/2935 3336/3513/2942
f 3329/3506/2935 3330/3507/2936 3337/3514/2943
f 101/3515/282 3289/3467/2896 618/3266/2732
f 101/3515/282 102/3516/286 3290/3470/2899
f 102/3516/286 103/3517/287 3291/3472/2901
f 103/3517/287 104/3518/288 3292/3474/2903
f 104/3518/288 105/308/277 3293/3476/2905
f 105/308/277 106/3519/276 3294/3478/2907
f 106/3519/276 107/3521/275 3295/3520/2944
f 107/3521/275 2/304/273 619/2273/1880
f 3295/3520/2944 619/2273/1880 620/2302/1909
f 620/2302/1909 621/2301/1908 3309/3486/2915
f 621/2301/1908 622/2300/1907 3316/3493/2922
f 622/2300/1907 623/2299/1906 3323/3500/2929
f 623/2299/1906 624/2298/1905 3330/3507/2936
f 3330/3507/2936 624/2298/1905 625/2297/1904
f 3337/3514/2943 625/2297/1904 35/2296/1903
f 3336/3513/2942 3337/3514/2943 716/3522/2945
f 3335/3512/2941 3336/3513/2942 715/3523/2946
f 3334/3511/2940 3335/3512/2941 714/3524/2947
f 3333/3510/2939 3334/3511/2940 713/3525/2948
f 3332/3508/2937 3333/3510/2939 712/3526/2949
f 3331/3509/2938 3332/3508/2937 711/3527/2950
f 612/3272/2738 3331/3509/2938 710/3528/2951
f 613/3271/2737 3324/3502/2931 3331/3509/2938
f 614/3270/2736 3317/3495/2924 3324/3502/2931
f 615/3269/2735 3310/3488/2917 3317/3495/2924
f 616/3268/2734 3303/3481/2910 3310/3488/2917
f 617/3267/2733 3296/3469/2898 3303/3481/2910
f 618/3266/2732 3289/3467/2896 3296/3469/2898
f 3338/3530/2953 3339/3533/2956 3346/3531/2954
f 3339/3533/2956 3340/3535/2958 3347/3534/2957
f 3340/3535/2958 3341/3537/2960 3348/3536/2959
f 3341/3537/2960 3342/3539/2962 3349/3538/2961
f 3342/3539/2962 3343/3541/2964 3350/3540/2963
f 3343/3541/2964 3344/3584/3001 3351/3542/2965
f 3345/3532/2955 3346/3531/2954 3353/3543/2966
f 3346/3531/2954 3347/3534/2957 3354/3545/2968
f 3347/3534/2957 3348/3536/2959 3355/3546/2969
f 3348/3536/2959 3349/3538/2961 3356/3547/2970
f 3349/3538/2961 3350/3540/2963 3357/3548/2971
f 3350/3540/2963 3351/3542/2965 3358/3549/2972
f 3352/3544/2967 3353/3543/2966 3360/3550/2973
f 3353/3543/2966 3354/3545/2968 3361/3552/2975
f 3354/3545/2968 3355/3546/2969 3362/3553/2976
f 3355/3546/2969 3356/3547/2970 3363/3554/2977
f 3356/3547/2970 3357/3548/2971 3364/3555/2978
f 3357/3548/2971 3358/3549/2972 3365/3556/2979
f 3359/3551/2974 3360/3550/2973 3367/3557/2980
f 3360/3550/2973 3361/3552/2975 3368/3559/2982
f 3361/3552/2975 3362/3553/2976 3369/3560/2983
f 3362/3553/2976 3363/3554/2977 3370/3561/2984
f 3363/3554/2977 3364/3555/2978 3371/3562/2985
f 3364/3555/2978 3365/3556/2979 3372/3563/2986
f 3366/3558/2981 3367/3557/2980 3374/3564/2987
f 3367/3557/2980 3368/3559/2982 3375/3566/2989
f 3368/3559/2982 3369/3560/2983 3376/3567/2990
f 3369/3560/2983 3370/3561/2984 3377/3568/2991
f 3370/3561/2984 3371/3562/2985 3378/3569/2992
f 3371/3562/2985 3372/3563/2986 3379/3570/2993
f 3373/3565/2988 3374/3564/2987 3381/3571/2994
f 3374/3564/2987 3375/3566/2989 3382/3573/2996
f 3375/3566/2989 3376/3567/2990 3383/3574/2997
f 3376/3567/2990 3377/3568/2991 3384/3575/2998
f 3377/3568/2991 3378/3569/2992 3385/3576/2999
f 3378/3569/2992 3379/3570/2993 3386/3577/3000
f 26/3578/859 367/3579/910 3338/3530/2953
f 367/3579/910 368/3580/911 3339/3533/2956
f 368/3580/911 369/3581/912 3340/3535/2958
f 369/3581/912 370/1100/913 3341/3537/2960
f 370/1100/913 371/3582/909 3342/3539/2962
f 371/3582/909 372/3583/908 3343/3541/2964
f 372/3583/908 373/3585/907 3344/3584/3001
f 373/3585/907 23/509/448 640/2696/2288
f 3344/3584/3001 640/2696/2288 641/2723/2310
f 3351/3542/2965 641/2723/2310 642/2722/2309
f 3358/3549/2972 642/2722/2309 643/2721/2308
f 3365/3556/2979 643/2721/2308 644/2720/2307
f 3372/3563/2986 644/2720/2307 645/2719/2306
f 3379/3570/2993 645/2719/2306 646/2718/2305
f 3386/3577/3000 646/2718/2305 58/2717/2304
f 3385/3576/2999 3386/3577/3000 933/3586/3002
f 3384/3575/2998 3385/3576/2999 932/3587/3003
f 3383/3574/2997 3384/3575/2998 931/3588/3004
f 3382/3573/2996 3383/3574/2997 930/3589/3005
f 3381/3571/2994 3382/3573/2996 929/3590/3006
f 3380/3572/2995 3381/3571/2994 928/3591/3007
f 633/1855/1552 3380/3572/2995 927/3592/3008
f 634/1853/1550 3373/3565/2988 3380/3572/2995
f 635/1852/1549 3366/3558/2981 3373/3565/2988
f 636/1851/1548 3359/3551/2974 3366/3558/2981
f 637/1850/1547 3352/3544/2967 3359/3551/2974
f 638/1849/1546 3345/3532/2955 3352/3544/2967
f 639/1848/1545 3338/3530/2953 3345/3532/2955
f 3388/3594/3010 3389/3597/3013 3393/3595/3011
f 3389/3597/3013 3390/3599/3015 3394/3598/3014
f 3390/3599/3015 3391/3638/3043 3395/3600/3016
f 3392/3596/3012 3393/3595/3011 3397/3601/3017
f 3393/3595/3011 3394/3598/3014 3398/3603/3019
f 3394/3598/3014 3395/3600/3016 3399/3604/3020
f 3401/3605/3021 3405/3609/3025 3404/3606/3022
f 3402/3608/3024 3406/3611/3027 3405/3609/3025
f 3403/3610/3026 3407/3614/3030 3406/3611/3027
f 3405/3609/3025 3409/3613/3029 3408/3612/3028
f 3406/3611/3027 3410/3615/3031 3409/3613/3029
f 3407/3614/3030 3411/3629/3044 3410/3615/3031
f 3412/3616/3032 3413/3620/3036 3417/3617/3033
f 3414/3619/3035 3418/3622/3038 3417/3617/3033
f 3415/3621/3037 3419/3626/3042 3418/3622/3038
f 3416/3618/3034 3417/3617/3033 3421/3623/3039
f 3417/3617/3033 3418/3622/3038 3422/3625/3041
f 3419/3626/3042 3423/3631/3045 3422/3625/3041
f 3409/3613/3029 3395/3600/3016 3391/3627/3043
f 3410/3615/3031 3399/3604/3020 3395/3600/3016
f 3420/3624/3040 3421/3623/3039 3407/3628/3030
f 3421/3623/3039 3422/3625/3041 3411/3629/3044
f 3396/3602/3018 3397/3601/3017 3419/3626/3042
f 3397/3601/3017 3398/3603/3019 3423/3631/3045
f 3398/3603/3019 3399/3604/3020 3387/3632/3046
f 3411/3629/3044 3387/3632/3046 3399/3604/3020
f 3422/3625/3041 3423/3631/3045 3387/3632/3046
f 31/3633/2239 780/3635/3047 3388/3594/3010
f 780/3635/3047 781/3636/3048 3389/3597/3013
f 781/3636/3048 782/3637/3049 3390/3599/3015
f 782/3637/3049 783/6053/3058 3391/3638/3043
f 653/3634/2105 3388/3594/3010 3392/3596/3012
f 652/3639/2106 3392/3596/3012 3396/3602/3018
f 651/3640/2107 3396/3602/3018 3415/3630/3037
f 1115/3642/3050 3400/3607/3023 786/3643/3051
f 1114/3645/3053 3401/3605/3021 3400/3607/3023
f 1113/3646/3054 3402/3608/3024 3401/3605/3021
f 1112/3647/3055 3403/3610/3026 3402/3608/3024
f 3400/3607/3023 3404/3606/3022 785/3648/3056
f 3404/3606/3022 3408/3612/3028 784/3649/3057
f 3408/3612/3028 3391/3627/3043 783/3650/3058
f 30/2782/2113 647/3652/2111 3412/3616/3032
f 647/3652/2111 648/3654/2110 3413/3620/3036
f 649/3653/2109 3414/3619/3035 3413/3620/3036
f 650/3641/2108 3415/3621/3037 3414/3619/3035
f 1109/3651/3059 3412/3616/3032 3416/3618/3034
f 1110/3655/3060 3416/3618/3034 3420/3624/3040
f 1111/3656/3061 3420/3624/3040 3403/3610/3026
f 3426/3658/3062 3430/3662/3066 3429/3659/3063
f 3426/3658/3062 3427/3663/3067 3431/3661/3065
f 3427/3663/3067 3428/3704/3095 3432/3664/3068
f 3429/3659/3063 3430/3662/3066 3434/3665/3069
f 3430/3662/3066 3431/3661/3065 3435/3667/3071
f 3431/3661/3065 3432/3664/3068 3436/3668/3072
f 3438/3669/3073 3442/3673/3077 3441/3670/3074
f 3439/3672/3076 3443/3675/3079 3442/3673/3077
f 3440/3674/3078 3444/3678/3082 3443/3675/3079
f 3442/3673/3077 3446/3677/3081 3445/3676/3080
f 3443/3675/3079 3447/3679/3083 3446/3677/3081
f 3444/3678/3082 3448/3694/3096 3447/3679/3083
f 3450/3680/3084 3454/3684/3088 3453/3681/3085
f 3451/3683/3087 3455/3686/3090 3454/3684/3088
f 3452/3685/3089 3456/3689/3093 3455/3686/3090
f 3454/3684/3088 3458/3688/3092 3457/3687/3091
f 3455/3686/3090 3459/3690/3094 3458/3688/3092
f 3456/3689/3093 3460/3697/3097 3459/3690/3094
f 3446/3677/3081 3432/3692/3068 3428/3691/3095
f 3447/3679/3083 3436/3668/3072 3432/3692/3068
f 3457/3687/3091 3458/3688/3092 3444/3678/3082
f 3458/3688/3092 3459/3690/3094 3448/3694/3096
f 3433/3666/3070 3434/3665/3069 3456/3695/3093
f 3434/3665/3069 3435/3667/3071 3460/3697/3097
f 3435/3667/3071 3436/3668/3072 3424/3698/3098
f 3447/3679/3083 3448/3694/3096 3424/3698/3098
f 3459/3690/3094 3460/3697/3097 3424/3698/3098
f 660/3699/3099 3425/3660/3064 674/3700/3100
f 659/3702/3102 3426/3658/3062 3425/3660/3064
f 659/3702/3102 658/3703/3103 3427/3663/3067
f 658/3703/3103 657/6054/3114 3428/3704/3095
f 3425/3660/3064 3429/3659/3063 673/3705/3104
f 673/3705/3104 3429/3659/3063 3433/3666/3070
f 672/3706/3105 3433/3666/3070 3452/3696/3089
f 1094/3708/3107 3437/3671/3075 654/3709/3108
f 1093/3711/3109 3438/3669/3073 3437/3671/3075
f 1092/3712/3110 3439/3672/3076 3438/3669/3073
f 1091/3713/3111 3440/3674/3078 3439/3672/3076
f 3437/3671/3075 3441/3670/3074 655/3714/3112
f 3441/3670/3074 3445/3676/3080 656/3715/3113
f 3445/3676/3080 3428/3691/3095 657/3716/3114
f 668/3717/3115 3449/3682/3086 1088/3718/3116
f 669/3720/3118 3450/3680/3084 3449/3682/3086
f 670/3721/3119 3451/3683/3087 3450/3680/3084
f 671/3707/3106 3452/3685/3089 3451/3683/3087
f 3449/3682/3086 3453/3681/3085 1089/3722/3120
f 1089/3722/3120 3453/3681/3085 3457/3687/3091
f 1090/3723/3121 3457/3687/3091 3440/3693/3078
f 3462/3725/3122 3463/3728/3125 3467/3726/3123
f 3463/3728/3125 3464/3730/3127 3468/3729/3126
f 3464/3730/3127 3465/3771/3155 3469/3731/3128
f 3466/3727/3124 3467/3726/3123 3471/3732/3129
f 3467/3726/3123 3468/3729/3126 3472/3734/3131
f 3468/3729/3126 3469/3731/3128 3473/3735/3132
f 3474/3736/3133 3475/3739/3136 3479/3737/3134
f 3475/3739/3136 3476/3741/3138 3480/3740/3137
f 3476/3741/3138 3477/3760/3156 3481/3742/3139
f 3479/3737/3134 3483/3745/3142 3482/3743/3140
f 3479/3737/3134 3480/3740/3137 3484/3744/3141
f 3480/3740/3137 3481/3742/3139 3485/3746/3143
f 3487/3747/3144 3491/3751/3148 3490/3748/3145
f 3488/3750/3147 3492/3753/3150 3491/3751/3148
f 3489/3752/3149 3493/3756/3153 3492/3753/3150
f 3491/3751/3148 3495/3755/3152 3494/3754/3151
f 3492/3753/3150 3496/3757/3154 3495/3755/3152
f 3493/3756/3153 3497/3764/3157 3496/3757/3154
f 3483/3745/3142 3469/3759/3128 3465/3758/3155
f 3484/3744/3141 3473/3735/3132 3469/3759/3128
f 3495/3755/3152 3481/3761/3139 3477/3760/3156
f 3496/3757/3154 3485/3746/3143 3481/3761/3139
f 3470/3733/3130 3471/3732/3129 3493/3762/3153
f 3471/3732/3129 3472/3734/3131 3497/3764/3157
f 3472/3734/3131 3473/3735/3132 3461/3765/3158
f 3484/3744/3141 3485/3746/3143 3461/3765/3158
f 3497/3764/3157 3461/3765/3158 3485/3746/3143
f 31/3766/2239 688/3768/2238 3462/3725/3122
f 688/3768/2238 687/3769/2237 3463/3728/3125
f 687/3769/2237 686/3770/2236 3464/3730/3127
f 686/3770/2236 685/3781/2235 3465/3771/3155
f 801/3767/3159 3462/3725/3122 3466/3727/3124
f 802/3772/3160 3466/3727/3124 3470/3733/3130
f 803/3773/3161 3470/3733/3130 3489/3763/3149
f 39/1773/1489 1073/3776/3163 3474/3736/3133
f 1073/3776/3163 1072/3777/3164 3475/3739/3136
f 1072/3777/3164 1071/3778/3165 3476/3741/3138
f 1071/3778/3165 1070/3789/3173 3477/3760/3156
f 682/3775/2232 3474/3736/3133 3478/3738/3135
f 3478/3738/3135 3482/3743/3140 684/3780/2234
f 3482/3743/3140 3465/3758/3155 685/3781/2235
f 807/3782/3166 3486/3749/3146 1067/3783/3167
f 806/3785/3169 3487/3747/3144 3486/3749/3146
f 805/3786/3170 3488/3750/3147 3487/3747/3144
f 804/3774/3162 3489/3752/3149 3488/3750/3147
f 3486/3749/3146 3490/3748/3145 1068/3787/3171
f 3490/3748/3145 3494/3754/3151 1069/3788/3172
f 3494/3754/3151 3477/3760/3156 1070/3789/3173
f 3500/3790/3174 3504/3794/3178 3503/3791/3175
f 3500/3790/3174 3501/3795/3179 3505/3793/3177
f 3501/3795/3179 3502/3823/3207 3506/3796/3180
f 3503/3791/3175 3504/3794/3178 3508/3797/3181
f 3504/3794/3178 3505/3793/3177 3509/3799/3183
f 3505/3793/3177 3506/3796/3180 3510/3800/3184
f 3512/3801/3185 3516/3805/3189 3515/3802/3186
f 3513/3804/3188 3517/3807/3191 3516/3805/3189
f 3513/3804/3188 3514/3840/3208 3518/3806/3190
f 3516/3805/3189 3520/3809/3193 3519/3808/3192
f 3517/3807/3191 3521/3811/3195 3520/3809/3193
f 3517/3807/3191 3518/3806/3190 3522/3810/3194
f 3524/3812/3196 3528/3816/3200 3527/3813/3197
f 3525/3815/3199 3529/3818/3202 3528/3816/3200
f 3526/3817/3201 3530/3821/3205 3529/3818/3202
f 3528/3816/3200 3532/3820/3204 3531/3819/3203
f 3529/3818/3202 3533/3822/3206 3532/3820/3204
f 3530/3821/3205 3534/3828/3209 3533/3822/3206
f 3520/3809/3193 3506/3824/3180 3502/3823/3207
f 3521/3811/3195 3510/3800/3184 3506/3824/3180
f 3532/3820/3204 3518/3806/3190 3514/3825/3208
f 3533/3822/3206 3522/3810/3194 3518/3806/3190
f 3507/3798/3182 3508/3797/3181 3530/3826/3205
f 3508/3797/3181 3509/3799/3183 3534/3828/3209
f 3509/3799/3183 3510/3800/3184 3498/3829/3210
f 3521/3811/3195 3522/3810/3194 3498/3829/3210
f 3533/3822/3206 3534/3828/3209 3498/3829/3210
f 674/3830/3100 3499/3792/3176 702/3831/3211
f 673/3832/3104 3500/3790/3174 3499/3792/3176
f 672/3706/3105 3501/3795/3179 3500/3790/3174
f 672/3706/3105 671/3842/3106 3502/3823/3207
f 3499/3792/3176 3503/3791/3175 701/3833/3212
f 701/3833/3212 3503/3791/3175 3507/3798/3182
f 700/3834/3213 3507/3798/3182 3526/3827/3201
f 1052/3836/3215 3511/3803/3187 668/3837/3115
f 1051/3838/3216 3512/3801/3185 3511/3803/3187
f 1050/3839/3217 3513/3804/3188 3512/3801/3185
f 1050/3839/3217 1049/5522/3225 3514/3840/3208
f 3511/3803/3187 3515/3802/3186 669/3720/3118
f 3515/3802/3186 3519/3808/3192 670/3841/3119
f 3519/3808/3192 3502/3823/3207 671/3842/3106
f 696/3843/3218 3523/3814/3198 1046/3844/3219
f 697/3846/3221 3524/3812/3196 3523/3814/3198
f 698/3847/3222 3525/3815/3199 3524/3812/3196
f 699/3835/3214 3526/3817/3201 3525/3815/3199
f 3523/3814/3198 3527/3813/3197 1047/3848/3223
f 3527/3813/3197 3531/3819/3203 1048/3849/3224
f 3531/3819/3203 3514/3825/3208 1049/3850/3225
f 3537/3851/3226 3541/3855/3230 3540/3852/3227
f 3538/3854/3229 3542/3857/3232 3541/3855/3230
f 3539/3856/3231 3543/3860/3235 3542/3857/3232
f 3541/3855/3230 3545/3859/3234 3544/3858/3233
f 3542/3857/3232 3546/3861/3236 3545/3859/3234
f 3543/3860/3235 3547/3885/3259 3546/3861/3236
f 3548/3862/3237 3549/3865/3240 3553/3863/3238
f 3549/3865/3240 3550/3868/3243 3554/3866/3241
f 3551/3867/3242 3555/6055/3260 3554/3866/3241
f 3552/3864/3239 3553/3863/3238 3557/3869/3244
f 3553/3863/3238 3554/3866/3241 3558/3871/3246
f 3554/3866/3241 3555/6055/3260 3559/3872/3247
f 3560/3873/3248 3561/3876/3251 3565/3874/3249
f 3561/3876/3251 3562/3878/3253 3566/3877/3252
f 3562/3878/3253 3563/3887/3261 3567/3879/3254
f 3564/3875/3250 3565/3874/3249 3569/3880/3255
f 3565/3874/3249 3566/3877/3252 3570/3882/3257
f 3566/3877/3252 3567/3879/3254 3571/3883/3258
f 3556/3870/3245 3557/3869/3244 3543/3884/3235
f 3557/3869/3244 3558/3871/3246 3547/3885/3259
f 3568/3881/3256 3569/3880/3255 3555/3886/3260
f 3569/3880/3255 3570/3882/3257 3559/3872/3247
f 3545/3859/3234 3567/3879/3254 3563/3887/3261
f 3546/3861/3236 3571/3883/3258 3567/3879/3254
f 3547/3885/3259 3535/3888/3262 3571/3883/3258
f 3558/3871/3246 3559/3872/3247 3535/3888/3262
f 3570/3882/3257 3571/3883/3258 3535/3888/3262
f 667/2295/1902 3536/3853/3228 716/3889/2945
f 666/2294/1901 3537/3851/3226 3536/3853/3228
f 665/2293/1900 3538/3854/3229 3537/3851/3226
f 664/2292/1899 3539/3856/3231 3538/3854/3229
f 3536/3853/3228 3540/3852/3227 715/3890/2946
f 3540/3852/3227 3544/3858/3233 714/3891/2947
f 3544/3858/3233 3563/3887/3261 713/3892/2948
f 34/2790/2374 1031/3894/3263 3548/3862/3237
f 1031/3894/3263 1030/3895/3264 3549/3865/3240
f 1030/3895/3264 1029/3897/3266 3550/3868/3243
f 1028/3896/3265 3551/3867/3242 3550/3868/3243
f 661/3893/1896 3548/3862/3237 3552/3864/3239
f 662/3898/1897 3552/3864/3239 3556/3870/3245
f 663/3899/1898 3556/3870/3245 3539/3856/3231
f 44/3529/2952 710/3528/2951 3560/3873/3248
f 710/3528/2951 711/3527/2950 3561/3876/3251
f 711/3527/2950 712/3526/2949 3562/3878/3253
f 712/3526/2949 713/3525/2948 3563/3887/3261
f 1025/3900/3267 3560/3873/3248 3564/3875/3250
f 1026/3901/3268 3564/3875/3250 3568/3881/3256
f 1027/3902/3269 3568/3881/3256 3551/3867/3242
f 3574/3903/3270 3578/3907/3274 3577/3904/3271
f 3574/3903/3270 3575/3908/3275 3579/3906/3273
f 3575/3908/3275 3576/3949/3303 3580/3909/3276
f 3577/3904/3271 3578/3907/3274 3582/3910/3277
f 3578/3907/3274 3579/3906/3273 3583/3912/3279
f 3579/3906/3273 3580/3909/3276 3584/3913/3280
f 3586/3914/3281 3590/3918/3285 3589/3915/3282
f 3587/3917/3284 3591/3920/3287 3590/3918/3285
f 3588/3919/3286 3592/3923/3290 3591/3920/3287
f 3590/3918/3285 3594/3922/3289 3593/3921/3288
f 3591/3920/3287 3595/3924/3291 3594/3922/3289
f 3592/3923/3290 3596/3940/3304 3595/3924/3291
f 3598/3925/3292 3602/3929/3296 3601/3926/3293
f 3599/3928/3295 3603/3931/3298 3602/3929/3296
f 3600/3930/3297 3604/3934/3301 3603/3931/3298
f 3602/3929/3296 3606/3933/3300 3605/3932/3299
f 3603/3931/3298 3607/3935/3302 3606/3933/3300
f 3604/3934/3301 3608/3942/3305 3607/3935/3302
f 3594/3922/3289 3580/3937/3276 3576/3936/3303
f 3595/3924/3291 3584/3913/3280 3580/3937/3276
f 3605/3932/3299 3606/3933/3300 3592/3938/3290
f 3606/3933/3300 3607/3935/3302 3596/3940/3304
f 3581/3911/3278 3582/3910/3277 3604/3934/3301
f 3582/3910/3277 3583/3912/3279 3608/3942/3305
f 3583/3912/3279 3584/3913/3280 3572/3943/3306
f 3595/3924/3291 3596/3940/3304 3572/3943/3306
f 3607/3935/3302 3608/3942/3305 3572/3943/3306
f 695/3944/3307 3573/3905/3272 730/3945/3308
f 694/3947/3310 3574/3903/3270 3573/3905/3272
f 694/3947/3310 693/3948/3311 3575/3908/3275
f 693/3948/3311 692/3960/3322 3576/3949/3303
f 3573/3905/3272 3577/3904/3271 729/3950/3312
f 729/3950/3312 3577/3904/3271 3581/3911/3278
f 728/3951/3313 3581/3911/3278 3600/3941/3297
f 1010/3953/3315 3585/3916/3283 689/3954/3316
f 1009/3955/3317 3586/3914/3281 3585/3916/3283
f 1008/3956/3318 3587/3917/3284 3586/3914/3281
f 1007/3957/3319 3588/3919/3286 3587/3917/3284
f 3585/3916/3283 3589/3915/3282 690/3958/3320
f 3589/3915/3282 3593/3921/3288 691/3959/3321
f 3593/3921/3288 3576/3936/3303 692/3960/3322
f 724/3961/3323 3597/3927/3294 1004/3962/3324
f 725/3964/3326 3598/3925/3292 3597/3927/3294
f 726/3965/3327 3599/3928/3295 3598/3925/3292
f 727/3952/3314 3600/3930/3297 3599/3928/3295
f 3597/3927/3294 3601/3926/3293 1005/3966/3328
f 3601/3926/3293 3605/3932/3299 1006/3967/3329
f 1006/3967/3329 3605/3932/3299 3588/3939/3286
f 3611/3969/3330 3615/3973/3334 3614/3970/3331
f 3611/3969/3330 3612/3974/3335 3616/3972/3333
f 3612/3974/3335 3613/6056/3363 3617/3975/3336
f 3614/3970/3331 3615/3973/3334 3619/3976/3337
f 3615/3973/3334 3616/3972/3333 3620/3978/3339
f 3616/3972/3333 3617/3975/3336 3621/3979/3340
f 3623/3980/3341 3627/3984/3345 3626/3981/3342
f 3624/3983/3344 3628/3986/3347 3627/3984/3345
f 3625/3985/3346 3629/3989/3350 3628/3986/3347
f 3627/3984/3345 3631/3988/3349 3630/3987/3348
f 3628/3986/3347 3632/3990/3351 3631/3988/3349
f 3629/3989/3350 3633/4006/3364 3632/3990/3351
f 3635/3991/3352 3639/3995/3356 3638/3992/3353
f 3635/3991/3352 3636/3997/3358 3640/3994/3355
f 3637/3996/3357 3641/4001/3362 3640/3994/3355
f 3639/3995/3356 3643/4000/3361 3642/3998/3359
f 3639/3995/3356 3640/3994/3355 3644/3999/3360
f 3641/4001/3362 3645/4008/3365 3644/3999/3360
f 3631/3988/3349 3617/4003/3336 3613/4002/3363
f 3631/3988/3349 3632/3990/3351 3621/3979/3340
f 3642/3998/3359 3643/4000/3361 3629/4004/3350
f 3643/4000/3361 3644/3999/3360 3633/4006/3364
f 3618/3977/3338 3619/3976/3337 3641/4001/3362
f 3619/3976/3337 3620/3978/3339 3645/4008/3365
f 3620/3978/3339 3621/3979/3340 3609/4009/3366
f 3632/3990/3351 3633/4006/3364 3609/4009/3366
f 3644/3999/3360 3645/4008/3365 3609/4009/3366
f 702/4010/3211 3610/3971/3332 836/4011/3367
f 701/4012/3212 3611/3969/3330 3610/3971/3332
f 700/3834/3213 3612/3974/3335 3611/3969/3330
f 699/4013/3214 3613/6056/3363 3612/3974/3335
f 836/4011/3367 3610/3971/3332 3614/3970/3331
f 837/4014/3368 3614/3970/3331 3618/3977/3338
f 838/4015/3369 3618/3977/3338 3637/4007/3357
f 989/4017/3371 3622/3982/3343 696/4018/3218
f 988/4019/3372 3623/3980/3341 3622/3982/3343
f 988/4019/3372 987/4021/3374 3624/3983/3344
f 986/4020/3373 3625/3985/3346 3624/3983/3344
f 3622/3982/3343 3626/3981/3342 697/4022/3221
f 697/4022/3221 3626/3981/3342 3630/3987/3348
f 698/4023/3222 3630/3987/3348 3613/4002/3363
f 842/4024/3375 3634/3993/3354 983/4025/3376
f 841/4027/3378 3635/3991/3352 3634/3993/3354
f 841/4027/3378 840/4029/3379 3636/3997/3358
f 839/4028/3370 3637/3996/3357 3636/3997/3358
f 983/4025/3376 3634/3993/3354 3638/3992/3353
f 984/4030/3380 3638/3992/3353 3642/3998/3359
f 985/4031/3381 3642/3998/3359 3625/4005/3346
f 3648/4033/3382 3652/4037/3386 3651/4034/3383
f 3649/4036/3385 3653/4039/3388 3652/4037/3386
f 3649/4036/3385 3650/6057/3415 3654/4038/3387
f 3652/4037/3386 3656/4042/3391 3655/4040/3389
f 3652/4037/3386 3653/4039/3388 3657/4041/3390
f 3653/4039/3388 3654/4038/3387 3658/4043/3392
f 3660/4044/3393 3664/4048/3397 3663/4045/3394
f 3661/4047/3396 3665/4050/3399 3664/4048/3397
f 3662/4049/3398 3666/4053/3402 3665/4050/3399
f 3664/4048/3397 3668/4052/3401 3667/4051/3400
f 3665/4050/3399 3669/4054/3403 3668/4052/3401
f 3666/4053/3402 3670/4070/3416 3669/4054/3403
f 3672/4055/3404 3676/4059/3408 3675/4056/3405
f 3673/4058/3407 3677/4061/3410 3676/4059/3408
f 3674/4060/3409 3678/6058/3417 3677/4061/3410
f 3676/4059/3408 3680/4064/3413 3679/4062/3411
f 3676/4059/3408 3677/4061/3410 3681/4063/3412
f 3677/4061/3410 3678/6058/3417 3682/4065/3414
f 3668/4052/3401 3654/4067/3387 3650/4066/3415
f 3669/4054/3403 3658/4043/3392 3654/4067/3387
f 3679/4062/3411 3680/4064/3413 3666/4068/3402
f 3680/4064/3413 3681/4063/3412 3670/4070/3416
f 3655/4040/3389 3656/4042/3391 3678/4071/3417
f 3656/4042/3391 3657/4041/3390 3682/4065/3414
f 3657/4041/3390 3658/4043/3392 3646/4073/3418
f 3669/4054/3403 3670/4070/3416 3646/4073/3418
f 3681/4063/3412 3682/4065/3414 3646/4073/3418
f 730/4074/3308 3647/4035/3384 822/4075/3419
f 729/4076/3312 3648/4033/3382 3647/4035/3384
f 728/3951/3313 3649/4036/3385 3648/4033/3382
f 727/4077/3314 3650/6057/3415 3649/4036/3385
f 3647/4035/3384 3651/4034/3383 823/4078/3420
f 3651/4034/3383 3655/4040/3389 824/4079/3421
f 3655/4040/3389 3674/4072/3409 825/4080/3422
f 968/4081/3423 3659/4046/3395 724/3961/3323
f 967/4082/3424 3660/4044/3393 3659/4046/3395
f 966/4083/3425 3661/4047/3396 3660/4044/3393
f 965/4084/3426 3662/4049/3398 3661/4047/3396
f 3659/4046/3395 3663/4045/3394 725/4085/3326
f 3663/4045/3394 3667/4051/3400 726/4086/3327
f 3667/4051/3400 3650/4066/3415 727/4087/3314
f 828/4088/3427 3671/4057/3406 962/4089/3428
f 827/4091/3430 3672/4055/3404 3671/4057/3406
f 826/4092/3431 3673/4058/3407 3672/4055/3404
f 826/4092/3431 825/5587/3422 3674/4060/3409
f 3671/4057/3406 3675/4056/3405 963/4093/3432
f 963/4093/3432 3675/4056/3405 3679/4062/3411
f 964/4094/3433 3679/4062/3411 3662/4069/3398
f 3685/4096/3434 3689/4100/3438 3688/4097/3435
f 3686/4099/3437 3690/4102/3440 3689/4100/3438
f 3686/4099/3437 3687/4141/3467 3691/4101/3439
f 3689/4100/3438 3693/4104/3442 3692/4103/3441
f 3690/4102/3440 3694/4106/3444 3693/4104/3442
f 3690/4102/3440 3691/4101/3439 3695/4105/3443
f 3697/4107/3445 3701/4111/3449 3700/4108/3446
f 3698/4110/3448 3702/4113/3451 3701/4111/3449
f 3699/4112/3450 3703/4116/3454 3702/4113/3451
f 3701/4111/3449 3705/4115/3453 3704/4114/3452
f 3702/4113/3451 3706/4117/3455 3705/4115/3453
f 3703/4116/3454 3707/4136/3470 3706/4117/3455
f 3709/4118/3456 3713/4122/3460 3712/4119/3457
f 3710/4121/3459 3714/4124/3462 3713/4122/3460
f 3711/4123/3461 3715/4127/3465 3714/4124/3462
f 3713/4122/3460 3717/4126/3464 3716/4125/3463
f 3714/4124/3462 3718/4128/3466 3717/4126/3464
f 3715/4127/3465 3719/4134/3468 3718/4128/3466
f 3705/4115/3453 3691/4130/3439 3687/4129/3467
f 3706/4117/3455 3695/4105/3443 3691/4130/3439
f 3717/4126/3464 3703/4132/3454 3699/4131/3450
f 3718/4128/3466 3707/4136/3470 3703/4132/3454
f 3693/4104/3442 3715/4127/3465 3711/4133/3461
f 3693/4104/3442 3694/4106/3444 3719/4134/3468
f 3694/4106/3444 3695/4105/3443 3683/4135/3469
f 3706/4117/3455 3707/4136/3470 3683/4135/3469
f 3718/4128/3466 3719/4134/3468 3683/4135/3469
f 744/4137/3471 3684/4098/3436 765/4138/3472
f 743/4139/3473 3685/4096/3434 3684/4098/3436
f 743/4139/3473 742/4140/3474 3686/4099/3437
f 742/4140/3474 741/6059/3486 3687/4141/3467
f 3684/4098/3436 3688/4097/3435 764/4142/3475
f 3688/4097/3435 3692/4103/3441 763/4143/3476
f 3692/4103/3441 3711/4133/3461 762/4144/3477
f 947/4145/3478 3696/4109/3447 738/4146/3479
f 946/4148/3481 3697/4107/3445 3696/4109/3447
f 945/4149/3482 3698/4110/3448 3697/4107/3445
f 944/4150/3483 3699/4112/3450 3698/4110/3448
f 3696/4109/3447 3700/4108/3446 739/4151/3484
f 3700/4108/3446 3704/4114/3452 740/4152/3485
f 3704/4114/3452 3687/4129/3467 741/4153/3486
f 759/4154/3487 3708/4120/3458 941/4155/3488
f 760/4157/3489 3709/4118/3456 3708/4120/3458
f 761/4158/3490 3710/4121/3459 3709/4118/3456
f 762/4159/3477 3711/4123/3461 3710/4121/3459
f 3708/4120/3458 3712/4119/3457 942/4160/3491
f 942/4160/3491 3712/4119/3457 3716/4125/3463
f 943/4161/3492 3716/4125/3463 3699/4131/3450
f 3721/4163/3493 3722/4166/3496 3726/4164/3494
f 3722/4166/3496 3723/4168/3498 3727/4167/3497
f 3723/4168/3498 3724/4203/3526 3728/4169/3499
f 3725/4165/3495 3726/4164/3494 3730/4170/3500
f 3726/4164/3494 3727/4167/3497 3731/4172/3502
f 3727/4167/3497 3728/4169/3499 3732/4173/3503
f 3734/4174/3504 3738/4178/3508 3737/4175/3505
f 3735/4177/3507 3739/4180/3510 3738/4178/3508
f 3736/4179/3509 3740/4183/3513 3739/4180/3510
f 3738/4178/3508 3742/4182/3512 3741/4181/3511
f 3739/4180/3510 3743/4184/3514 3742/4182/3512
f 3740/4183/3513 3744/4199/3527 3743/4184/3514
f 3745/4185/3515 3746/4188/3518 3750/4186/3516
f 3746/4188/3518 3747/4190/3520 3751/4189/3519
f 3747/4190/3520 3748/4200/3528 3752/4191/3521
f 3749/4187/3517 3750/4186/3516 3754/4192/3522
f 3750/4186/3516 3751/4189/3519 3755/4194/3524
f 3751/4189/3519 3752/4191/3521 3756/4195/3525
f 3742/4182/3512 3728/4197/3499 3724/4196/3526
f 3743/4184/3514 3732/4173/3503 3728/4197/3499
f 3753/4193/3523 3754/4192/3522 3740/4183/3513
f 3754/4192/3522 3755/4194/3524 3744/4199/3527
f 3729/4171/3501 3730/4170/3500 3752/4191/3521
f 3730/4170/3500 3731/4172/3502 3756/4195/3525
f 3731/4172/3502 3732/4173/3503 3720/4201/3529
f 3744/4199/3527 3720/4201/3529 3732/4173/3503
f 3755/4194/3524 3756/4195/3525 3720/4201/3529
f 49/2443/2046 751/2442/2045 3721/4163/3493
f 751/2442/2045 750/2441/2044 3722/4166/3496
f 750/2441/2044 749/2440/2043 3723/4168/3498
f 749/2440/2043 748/2439/2042 3724/4203/3526
f 779/4202/3530 3721/4163/3493 3725/4165/3495
f 778/4204/3531 3725/4165/3495 3729/4171/3501
f 777/4205/3532 3729/4171/3501 3748/4200/3528
f 926/3342/2802 3733/4176/3506 745/4207/2039
f 925/3341/2801 3734/4174/3504 3733/4176/3506
f 924/3340/2800 3735/4177/3507 3734/4174/3504
f 923/3339/2799 3736/4179/3509 3735/4177/3507
f 3733/4176/3506 3737/4175/3505 746/4208/2040
f 3737/4175/3505 3741/4181/3511 747/4209/2041
f 3741/4181/3511 3724/4196/3526 748/4210/2042
f 56/2577/2177 773/4212/3534 3745/4185/3515
f 773/4212/3534 774/4213/3535 3746/4188/3518
f 774/4213/3535 775/4214/3536 3747/4190/3520
f 775/4214/3536 776/6060/3533 3748/4200/3528
f 920/4211/2796 3745/4185/3515 3749/4187/3517
f 921/4215/2797 3749/4187/3517 3753/4193/3523
f 922/4216/2798 3753/4193/3523 3736/4198/3509
f 3758/4218/3537 3759/4221/3540 3763/4219/3538
f 3759/4221/3540 3760/4223/3542 3764/4222/3541
f 3760/4223/3542 3761/4265/3570 3765/4224/3543
f 3762/4220/3539 3763/4219/3538 3767/4225/3544
f 3763/4219/3538 3764/4222/3541 3768/4227/3546
f 3764/4222/3541 3765/4224/3543 3769/4228/3547
f 3771/4229/3548 3775/4233/3552 3774/4230/3549
f 3772/4232/3551 3776/4235/3554 3775/4233/3552
f 3773/4234/3553 3777/4238/3557 3776/4235/3554
f 3775/4233/3552 3779/4237/3556 3778/4236/3555
f 3776/4235/3554 3780/4239/3558 3779/4237/3556
f 3777/4238/3557 3781/4255/3571 3780/4239/3558
f 3783/4240/3559 3787/4244/3563 3786/4241/3560
f 3784/4243/3562 3788/4246/3565 3787/4244/3563
f 3785/4245/3564 3789/4249/3568 3788/4246/3565
f 3787/4244/3563 3791/4248/3567 3790/4247/3566
f 3788/4246/3565 3792/4250/3569 3791/4248/3567
f 3789/4249/3568 3793/4258/3572 3792/4250/3569
f 3779/4237/3556 3765/4252/3543 3761/4251/3570
f 3780/4239/3558 3769/4228/3547 3765/4252/3543
f 3790/4247/3566 3791/4248/3567 3777/4253/3557
f 3791/4248/3567 3792/4250/3569 3781/4255/3571
f 3766/4226/3545 3767/4225/3544 3789/4256/3568
f 3767/4225/3544 3768/4227/3546 3793/4258/3572
f 3768/4227/3546 3769/4228/3547 3757/4259/3573
f 3781/4255/3571 3757/4259/3573 3769/4228/3547
f 3792/4250/3569 3793/4258/3572 3757/4259/3573
f 758/4260/3574 3758/4218/3537 885/4261/3575
f 758/4260/3574 757/4263/3577 3759/4221/3540
f 757/4263/3577 756/4264/3578 3760/4223/3542
f 756/4264/3578 755/4277/3590 3761/4265/3570
f 3758/4218/3537 3762/4220/3539 886/4266/3579
f 3762/4220/3539 3766/4226/3545 887/4267/3580
f 3766/4226/3545 3785/4257/3564 888/4268/3581
f 912/4269/3582 3770/4231/3550 752/4270/3583
f 911/4272/3585 3771/4229/3548 3770/4231/3550
f 910/4273/3586 3772/4232/3551 3771/4229/3548
f 909/4274/3587 3773/4234/3553 3772/4232/3551
f 3770/4231/3550 3774/4230/3549 753/4275/3588
f 3774/4230/3549 3778/4236/3555 754/4276/3589
f 3778/4236/3555 3761/4251/3570 755/4277/3590
f 891/4278/3591 3782/4242/3561 906/4279/3592
f 890/4281/3594 3783/4240/3559 3782/4242/3561
f 889/4282/3595 3784/4243/3562 3783/4240/3559
f 888/4283/3581 3785/4245/3564 3784/4243/3562
f 3782/4242/3561 3786/4241/3560 907/4284/3596
f 907/4284/3596 3786/4241/3560 3790/4247/3566
f 908/4285/3597 3790/4247/3566 3773/4254/3553
f 3796/4287/3598 3800/4291/3602 3799/4288/3599
f 3797/4290/3601 3801/4293/3604 3800/4291/3602
f 3798/4292/3603 3802/4296/3607 3801/4293/3604
f 3800/4291/3602 3804/4295/3606 3803/4294/3605
f 3801/4293/3604 3805/4297/3608 3804/4295/3606
f 3802/4296/3607 3806/4322/3631 3805/4297/3608
f 3807/4298/3609 3808/4301/3612 3812/4299/3610
f 3808/4301/3612 3809/4303/3614 3813/4302/3613
f 3809/4303/3614 3810/4323/3632 3814/4304/3615
f 3811/4300/3611 3812/4299/3610 3816/4305/3616
f 3812/4299/3610 3813/4302/3613 3817/4307/3618
f 3813/4302/3613 3814/4304/3615 3818/4308/3619
f 3820/4309/3620 3824/4313/3624 3823/4310/3621
f 3820/4309/3620 3821/4314/3625 3825/4312/3623
f 3821/4314/3625 3822/4347/3633 3826/4315/3626
f 3824/4313/3624 3828/4318/3629 3827/4316/3627
f 3824/4313/3624 3825/4312/3623 3829/4317/3628
f 3825/4312/3623 3826/4315/3626 3830/4319/3630
f 3815/4306/3617 3816/4305/3616 3802/4320/3607
f 3816/4305/3616 3817/4307/3618 3806/4322/3631
f 3828/4318/3629 3814/4304/3615 3810/4323/3632
f 3829/4317/3628 3818/4308/3619 3814/4304/3615
f 3804/4295/3606 3826/4325/3626 3822/4324/3633
f 3805/4297/3608 3830/4319/3630 3826/4325/3626
f 3806/4322/3631 3794/4326/3634 3830/4319/3630
f 3817/4307/3618 3818/4308/3619 3794/4326/3634
f 3829/4317/3628 3830/4319/3630 3794/4326/3634
f 899/4327/3635 3795/4289/3600 766/4328/3636
f 899/4327/3635 900/4330/3638 3796/4287/3598
f 901/4329/3637 3797/4290/3601 3796/4287/3598
f 902/4331/3639 3798/4292/3603 3797/4290/3601
f 3795/4289/3600 3799/4288/3599 767/4332/3640
f 3799/4288/3599 3803/4294/3605 768/4333/3641
f 3803/4294/3605 3822/4324/3633 769/4334/3642
f 56/4335/2177 898/4337/2175 3807/4298/3609
f 898/4337/2175 897/4338/2174 3808/4301/3612
f 897/4338/2174 896/4339/2173 3809/4303/3614
f 896/4339/2173 895/4350/2172 3810/4323/3632
f 905/4336/3643 3807/4298/3609 3811/4300/3611
f 904/4340/3644 3811/4300/3611 3815/4306/3617
f 903/4341/3645 3815/4306/3617 3798/4321/3603
f 772/4342/3646 3819/4311/3622 892/4343/2169
f 772/4342/3646 771/4345/3647 3820/4309/3620
f 771/4345/3647 770/4346/3648 3821/4314/3625
f 770/4346/3648 769/4334/3642 3822/4347/3633
f 892/4343/2169 3819/4311/3622 3823/4310/3621
f 893/4348/2170 3823/4310/3621 3827/4316/3627
f 3827/4316/3627 3810/4323/3632 895/4350/2172
f 3833/4351/3649 3837/4355/3653 3836/4352/3650
f 3834/4354/3652 3838/4357/3655 3837/4355/3653
f 3835/4356/3654 3839/4360/3658 3838/4357/3655
f 3837/4355/3653 3841/4359/3657 3840/4358/3656
f 3838/4357/3655 3842/4361/3659 3841/4359/3657
f 3839/4360/3658 3843/4390/3684 3842/4361/3659
f 3845/4362/3660 3849/4366/3664 3848/4363/3661
f 3846/4365/3663 3850/4368/3666 3849/4366/3664
f 3847/4367/3665 3851/4371/3669 3850/4368/3666
f 3849/4366/3664 3853/4370/3668 3852/4369/3667
f 3850/4368/3666 3854/4372/3670 3853/4370/3668
f 3851/4371/3669 3855/4391/3685 3854/4372/3670
f 3857/4373/3671 3861/4377/3675 3860/4374/3672
f 3858/4376/3674 3862/4379/3677 3861/4377/3675
f 3859/4378/3676 3863/4382/3680 3862/4379/3677
f 3861/4377/3675 3865/4381/3679 3864/4380/3678
f 3862/4379/3677 3866/4383/3681 3865/4381/3679
f 3863/4382/3680 3867/4389/3683 3866/4383/3681
f 3853/4370/3668 3839/4360/3658 3835/4356/3654
f 3854/4372/3670 3843/4390/3684 3839/4360/3658
f 3865/4381/3679 3851/4385/3669 3847/4384/3665
f 3866/4383/3681 3855/4391/3685 3851/4385/3669
f 3841/4359/3657 3863/4387/3680 3859/4386/3676
f 3842/4361/3659 3867/4389/3683 3863/4387/3680
f 3842/4361/3659 3843/4390/3684 3831/4388/3682
f 3854/4372/3670 3855/4391/3685 3831/4388/3682
f 3866/4383/3681 3867/4389/3683 3831/4388/3682
f 906/4392/3592 3832/4353/3651 899/4393/3635
f 907/4394/3596 3833/4351/3649 3832/4353/3651
f 908/4395/3597 3834/4354/3652 3833/4351/3649
f 909/4396/3587 3835/4356/3654 3834/4354/3652
f 3832/4353/3651 3836/4352/3650 900/4397/3638
f 3836/4352/3650 3840/4358/3656 901/4398/3637
f 3840/4358/3656 3859/4386/3676 902/4399/3639
f 919/4400/3686 3844/4364/3662 912/4401/3582
f 918/4402/3687 3845/4362/3660 3844/4364/3662
f 917/4403/3688 3846/4365/3663 3845/4362/3660
f 916/4404/3689 3847/4367/3665 3846/4365/3663
f 3844/4364/3662 3848/4363/3661 911/4272/3585
f 3848/4363/3661 3852/4369/3667 910/4405/3586
f 910/4405/3586 3852/4369/3667 3835/4356/3654
f 905/4407/3643 3856/4375/3673 913/4408/3690
f 904/4409/3644 3857/4373/3671 3856/4375/3673
f 903/4410/3645 3858/4376/3674 3857/4373/3671
f 902/4411/3639 3859/4378/3676 3858/4376/3674
f 3856/4375/3673 3860/4374/3672 914/4412/3691
f 3860/4374/3672 3864/4380/3678 915/4413/3692
f 3864/4380/3678 3847/4384/3665 916/4414/3689
f 3870/4415/3693 3874/4419/3697 3873/4416/3694
f 3871/4418/3696 3875/4421/3699 3874/4419/3697
f 3871/4418/3696 3872/4448/3726 3876/4420/3698
f 3873/4416/3694 3874/4419/3697 3878/4422/3700
f 3874/4419/3697 3875/4421/3699 3879/4424/3702
f 3875/4421/3699 3876/4420/3698 3880/4425/3703
f 3882/4426/3704 3886/4430/3708 3885/4427/3705
f 3883/4429/3707 3887/4432/3710 3886/4430/3708
f 3884/4431/3709 3888/6061/3727 3887/4432/3710
f 3886/4430/3708 3890/4434/3712 3889/4433/3711
f 3887/4432/3710 3891/4436/3714 3890/4434/3712
f 3887/4432/3710 3888/6061/3727 3892/4435/3713
f 3894/4437/3715 3898/4441/3719 3897/4438/3716
f 3895/4440/3718 3899/4443/3721 3898/4441/3719
f 3896/4442/3720 3900/4446/3724 3899/4443/3721
f 3898/4441/3719 3902/4445/3723 3901/4444/3722
f 3899/4443/3721 3903/4447/3725 3902/4445/3723
f 3900/4446/3724 3904/4454/3728 3903/4447/3725
f 3890/4434/3712 3876/4449/3698 3872/4448/3726
f 3891/4436/3714 3880/4425/3703 3876/4449/3698
f 3902/4445/3723 3888/4451/3727 3884/4450/3709
f 3903/4447/3725 3892/4435/3713 3888/4451/3727
f 3877/4423/3701 3878/4422/3700 3900/4452/3724
f 3878/4422/3700 3879/4424/3702 3904/4454/3728
f 3879/4424/3702 3880/4425/3703 3868/4455/3729
f 3891/4436/3714 3892/4435/3713 3868/4455/3729
f 3903/4447/3725 3904/4454/3728 3868/4455/3729
f 877/4456/3730 3869/4417/3695 919/4400/3686
f 876/4457/3731 3870/4415/3693 3869/4417/3695
f 875/4458/3732 3871/4418/3696 3870/4415/3693
f 874/4459/3733 3872/4448/3726 3871/4418/3696
f 3869/4417/3695 3873/4416/3694 918/4402/3687
f 918/4402/3687 3873/4416/3694 3877/4423/3701
f 917/4403/3688 3877/4423/3701 3896/4453/3720
f 779/4461/3530 3881/4428/3706 871/4462/3734
f 778/4463/3531 3882/4426/3704 3881/4428/3706
f 777/4464/3532 3883/4429/3707 3882/4426/3704
f 776/4465/3533 3884/4431/3709 3883/4429/3707
f 3881/4428/3706 3885/4427/3705 872/4466/3735
f 3885/4427/3705 3889/4433/3711 873/4467/3736
f 873/4467/3736 3889/4433/3711 3872/4448/3726
f 913/4468/3690 3893/4439/3717 773/4469/3534
f 914/4470/3691 3894/4437/3715 3893/4439/3717
f 915/4471/3692 3895/4440/3718 3894/4437/3715
f 916/4414/3689 3896/4442/3720 3895/4440/3718
f 3893/4439/3717 3897/4438/3716 774/4472/3535
f 3897/4438/3716 3901/4444/3722 775/4473/3536
f 3901/4444/3722 3884/4450/3709 776/4474/3533
f 3907/4475/3737 3911/4479/3741 3910/4476/3738
f 3908/4478/3740 3912/4481/3743 3911/4479/3741
f 3909/4480/3742 3913/4484/3746 3912/4481/3743
f 3911/4479/3741 3915/4483/3745 3914/4482/3744
f 3912/4481/3743 3916/4485/3747 3915/4483/3745
f 3913/4484/3746 3917/4509/3770 3916/4485/3747
f 3918/4486/3748 3919/4489/3751 3923/4487/3749
f 3919/4489/3751 3920/4491/3753 3924/4490/3752
f 3920/4491/3753 3921/4510/3771 3925/4492/3754
f 3922/4488/3750 3923/4487/3749 3927/4493/3755
f 3923/4487/3749 3924/4490/3752 3928/4495/3757
f 3924/4490/3752 3925/4492/3754 3929/4496/3758
f 3930/4497/3759 3931/4500/3762 3935/4498/3760
f 3931/4500/3762 3932/4502/3764 3936/4501/3763
f 3932/4502/3764 3933/4525/3772 3937/4503/3765
f 3934/4499/3761 3935/4498/3760 3939/4504/3766
f 3935/4498/3760 3936/4501/3763 3940/4506/3768
f 3936/4501/3763 3937/4503/3765 3941/4507/3769
f 3926/4494/3756 3927/4493/3755 3913/4484/3746
f 3927/4493/3755 3928/4495/3757 3917/4509/3770
f 3938/4505/3767 3939/4504/3766 3925/4492/3754
f 3939/4504/3766 3940/4506/3768 3929/4496/3758
f 3915/4483/3745 3937/4512/3765 3933/4511/3772
f 3916/4485/3747 3941/4507/3769 3937/4512/3765
f 3917/4509/3770 3905/4513/3773 3941/4507/3769
f 3928/4495/3757 3929/4496/3758 3905/4513/3773
f 3940/4506/3768 3941/4507/3769 3905/4513/3773
f 870/2716/2303 3906/4477/3739 933/4514/3002
f 869/2715/2302 3907/4475/3737 3906/4477/3739
f 868/2714/2301 3908/4478/3740 3907/4475/3737
f 867/2713/2300 3909/4480/3742 3908/4478/3740
f 3906/4477/3739 3910/4476/3738 932/4515/3003
f 3910/4476/3738 3914/4482/3744 931/4516/3004
f 3914/4482/3744 3933/4511/3772 930/4517/3005
f 46/3280/2746 765/4518/3472 3918/4486/3748
f 765/4518/3472 764/4519/3475 3919/4489/3751
f 764/4519/3475 763/4520/3476 3920/4491/3753
f 763/4520/3476 762/6062/3477 3921/4510/3771
f 864/2710/2297 3918/4486/3748 3922/4488/3750
f 865/4521/2298 3922/4488/3750 3926/4494/3756
f 866/4522/2299 3926/4494/3756 3909/4508/3742
f 53/3593/3009 927/3592/3008 3930/4497/3759
f 927/3592/3008 928/3591/3007 3931/4500/3762
f 928/3591/3007 929/3590/3006 3932/4502/3764
f 929/3590/3006 930/3589/3005 3933/4525/3772
f 759/4524/3487 3930/4497/3759 3934/4499/3761
f 760/4526/3489 3934/4499/3761 3938/4505/3767
f 761/4527/3490 3938/4505/3767 3921/4510/3771
f 3943/4529/3774 3944/4532/3777 3948/4530/3775
f 3944/4532/3777 3945/4534/3779 3949/4533/3778
f 3945/4534/3779 3946/4574/3807 3950/4535/3780
f 3947/4531/3776 3948/4530/3775 3952/4536/3781
f 3948/4530/3775 3949/4533/3778 3953/4538/3783
f 3949/4533/3778 3950/4535/3780 3954/4539/3784
f 3956/4540/3785 3960/4544/3789 3959/4541/3786
f 3957/4543/3788 3961/4546/3791 3960/4544/3789
f 3958/4545/3790 3962/4549/3794 3961/4546/3791
f 3960/4544/3789 3964/4548/3793 3963/4547/3792
f 3961/4546/3791 3965/4550/3795 3964/4548/3793
f 3962/4549/3794 3966/4565/3808 3965/4550/3795
f 3968/4551/3796 3972/4555/3800 3971/4552/3797
f 3969/4554/3799 3973/4557/3802 3972/4555/3800
f 3970/4556/3801 3974/4560/3805 3973/4557/3802
f 3972/4555/3800 3976/4559/3804 3975/4558/3803
f 3973/4557/3802 3977/4561/3806 3976/4559/3804
f 3974/4560/3805 3978/4568/3809 3977/4561/3806
f 3964/4548/3793 3950/4563/3780 3946/4562/3807
f 3965/4550/3795 3954/4539/3784 3950/4563/3780
f 3976/4559/3804 3962/4566/3794 3958/4564/3790
f 3976/4559/3804 3977/4561/3806 3966/4565/3808
f 3951/4537/3782 3952/4536/3781 3974/4567/3805
f 3952/4536/3781 3953/4538/3783 3978/4568/3809
f 3953/4538/3783 3954/4539/3784 3942/4569/3810
f 3966/4565/3808 3942/4569/3810 3954/4539/3784
f 3977/4561/3806 3978/4568/3809 3942/4569/3810
f 53/4156/3009 934/4571/3811 3943/4529/3774
f 934/4571/3811 935/4572/3812 3944/4532/3777
f 935/4572/3812 936/4573/3813 3945/4534/3779
f 936/4573/3813 937/4585/3817 3946/4574/3807
f 884/4570/1553 3943/4529/3774 3947/4531/3776
f 883/4575/1554 3947/4531/3776 3951/4537/3782
f 882/4576/1555 3951/4537/3782 3970/4556/3801
f 766/4578/3636 3955/4542/3787 940/4579/3814
f 767/4581/3640 3956/4540/3785 3955/4542/3787
f 767/4581/3640 768/4582/3641 3957/4543/3788
f 768/4582/3641 769/4593/3642 3958/4545/3790
f 3955/4542/3787 3959/4541/3786 939/4583/3815
f 3959/4541/3786 3963/4547/3792 938/4584/3816
f 3963/4547/3792 3946/4562/3807 937/4585/3817
f 55/4586/1561 878/4589/1559 3967/4553/3798
f 879/4588/1558 3968/4551/3796 3967/4553/3798
f 880/4590/1557 3969/4554/3799 3968/4551/3796
f 881/4577/1556 3970/4556/3801 3969/4554/3799
f 3967/4553/3798 3971/4552/3797 771/4591/3647
f 3971/4552/3797 3975/4558/3803 770/4592/3648
f 3975/4558/3803 3958/4564/3790 769/4593/3642
f 3981/4594/3818 3985/4598/3822 3984/4595/3819
f 3982/4597/3821 3986/4600/3824 3985/4598/3822
f 3983/4599/3823 3987/4603/3827 3986/4600/3824
f 3985/4598/3822 3989/4602/3826 3988/4601/3825
f 3986/4600/3824 3990/4604/3828 3989/4602/3826
f 3987/4603/3827 3991/4628/3851 3990/4604/3828
f 3993/4605/3829 3997/4609/3833 3996/4606/3830
f 3994/4608/3832 3998/4611/3835 3997/4609/3833
f 3995/4610/3834 3999/4614/3838 3998/4611/3835
f 3997/4609/3833 4001/4613/3837 4000/4612/3836
f 3998/4611/3835 4002/4615/3839 4001/4613/3837
f 3999/4614/3838 4003/4630/3852 4002/4615/3839
f 4005/4616/3840 4009/4620/3844 4008/4617/3841
f 4006/4619/3843 4010/4622/3846 4009/4620/3844
f 4006/4619/3843 4007/4632/3853 4011/4621/3845
f 4009/4620/3844 4013/4624/3848 4012/4623/3847
f 4010/4622/3846 4014/4626/3850 4013/4624/3848
f 4010/4622/3846 4011/4621/3845 4015/4625/3849
f 4000/4612/3836 4001/4613/3837 3987/4603/3827
f 4001/4613/3837 4002/4615/3839 3991/4628/3851
f 4013/4624/3848 3999/4631/3838 3995/4629/3834
f 4013/4624/3848 4014/4626/3850 4003/4630/3852
f 3989/4602/3826 4011/4633/3845 4007/4632/3853
f 3990/4604/3828 4015/4625/3849 4011/4633/3845
f 3990/4604/3828 3991/4628/3851 3979/4634/3854
f 4002/4615/3839 4003/4630/3852 3979/4634/3854
f 4014/4626/3850 4015/4625/3849 3979/4634/3854
f 941/4635/3488 3980/4596/3820 934/4636/3811
f 942/4160/3491 3981/4594/3818 3980/4596/3820
f 943/4637/3492 3982/4597/3821 3981/4594/3818
f 944/4150/3483 3983/4599/3823 3982/4597/3821
f 3980/4596/3820 3984/4595/3819 935/4638/3812
f 3984/4595/3819 3988/4601/3825 936/4639/3813
f 3988/4601/3825 4007/4632/3853 937/4585/3817
f 954/4640/3855 3992/4607/3831 947/4641/3478
f 953/4642/3856 3993/4605/3829 3992/4607/3831
f 952/4643/3857 3994/4608/3832 3993/4605/3829
f 951/4644/3858 3995/4610/3834 3994/4608/3832
f 3992/4607/3831 3996/4606/3830 946/4148/3481
f 3996/4606/3830 4000/4612/3836 945/4645/3482
f 945/4645/3482 4000/4612/3836 3983/4627/3823
f 940/4647/3814 4004/4618/3842 948/4648/3859
f 939/4649/3815 4005/4616/3840 4004/4618/3842
f 939/4649/3815 938/4650/3816 4006/4619/3843
f 938/4650/3816 937/6063/3817 4007/4632/3853
f 4004/4618/3842 4008/4617/3841 949/4651/3860
f 4008/4617/3841 4012/4623/3847 950/4652/3861
f 4012/4623/3847 3995/4629/3834 951/4653/3858
f 4018/4654/3862 4022/4658/3866 4021/4655/3863
f 4019/4657/3865 4023/4660/3868 4022/4658/3866
f 4020/4659/3867 4024/4663/3871 4023/4660/3868
f 4022/4658/3866 4026/4662/3870 4025/4661/3869
f 4023/4660/3868 4027/4664/3872 4026/4662/3870
f 4024/4663/3871 4028/4687/3895 4027/4664/3872
f 4029/4665/3873 4030/4668/3876 4034/4666/3874
f 4030/4668/3876 4031/4670/3878 4035/4669/3877
f 4031/4670/3878 4032/4705/3896 4036/4671/3879
f 4033/4667/3875 4034/4666/3874 4038/4672/3880
f 4034/4666/3874 4035/4669/3877 4039/4674/3882
f 4035/4669/3877 4036/4671/3879 4040/4675/3883
f 4042/4676/3884 4046/4680/3888 4045/4677/3885
f 4043/4679/3887 4047/4682/3890 4046/4680/3888
f 4044/4681/3889 4048/4685/3893 4047/4682/3890
f 4045/4677/3885 4046/4680/3888 4050/4683/3891
f 4047/4682/3890 4051/4686/3894 4050/4683/3891
f 4048/4685/3893 4052/4692/3897 4051/4686/3894
f 4037/4673/3881 4038/4672/3880 4024/4663/3871
f 4038/4672/3880 4039/4674/3882 4028/4687/3895
f 4050/4683/3891 4036/4689/3879 4032/4688/3896
f 4051/4686/3894 4040/4675/3883 4036/4689/3879
f 4025/4661/3869 4026/4662/3870 4048/4690/3893
f 4026/4662/3870 4027/4664/3872 4052/4692/3897
f 4027/4664/3872 4028/4687/3895 4016/4693/3898
f 4039/4674/3882 4040/4675/3883 4016/4693/3898
f 4052/4692/3897 4016/4693/3898 4040/4675/3883
f 863/4694/3899 4017/4656/3864 954/4640/3855
f 862/4695/3900 4018/4654/3862 4017/4656/3864
f 861/4696/3901 4019/4657/3865 4018/4654/3862
f 860/4697/3902 4020/4659/3867 4019/4657/3865
f 954/4640/3855 4017/4656/3864 4021/4655/3863
f 953/4698/3856 4021/4655/3863 4025/4661/3869
f 4025/4661/3869 4044/4691/3889 951/4700/3858
f 43/4262/3576 885/4702/3575 4029/4665/3873
f 885/4702/3575 886/4703/3579 4030/4668/3876
f 886/4703/3579 887/4704/3580 4031/4670/3878
f 887/4704/3580 888/6064/3581 4032/4705/3896
f 857/4701/3903 4029/4665/3873 4033/4667/3875
f 858/4706/3904 4033/4667/3875 4037/4673/3881
f 859/4707/3905 4037/4673/3881 4020/4659/3867
f 948/4709/3859 4041/4678/3886 891/4710/3591
f 949/4711/3860 4042/4676/3884 4041/4678/3886
f 950/4712/3861 4043/4679/3887 4042/4676/3884
f 951/4653/3858 4044/4681/3889 4043/4679/3887
f 891/4710/3591 4041/4678/3886 4045/4677/3885
f 890/4713/3594 4045/4677/3885 4049/4684/3892
f 4049/4684/3892 4032/4688/3896 888/4715/3581
f 4055/4716/3906 4059/4720/3910 4058/4717/3907
f 4055/4716/3906 4056/4721/3911 4060/4719/3909
f 4056/4721/3911 4057/4761/3938 4061/4722/3912
f 4058/4717/3907 4059/4720/3910 4063/4723/3913
f 4059/4720/3910 4060/4719/3909 4064/4725/3915
f 4060/4719/3909 4061/4722/3912 4065/4726/3916
f 4067/4727/3917 4071/4731/3921 4070/4728/3918
f 4068/4730/3920 4072/4733/3923 4071/4731/3921
f 4068/4730/3920 4069/4766/3939 4073/4732/3922
f 4071/4731/3921 4075/4735/3925 4074/4734/3924
f 4072/4733/3923 4076/4736/3926 4075/4735/3925
f 4073/4732/3922 4077/4756/3942 4076/4736/3926
f 4079/4737/3927 4083/4741/3931 4082/4738/3928
f 4080/4740/3930 4084/4743/3933 4083/4741/3931
f 4081/4742/3932 4085/4746/3936 4084/4743/3933
f 4083/4741/3931 4087/4745/3935 4086/4744/3934
f 4084/4743/3933 4088/4747/3937 4087/4745/3935
f 4085/4746/3936 4089/4754/3940 4088/4747/3937
f 4075/4735/3925 4061/4749/3912 4057/4748/3938
f 4076/4736/3926 4065/4726/3916 4061/4749/3912
f 4087/4745/3935 4073/4751/3922 4069/4750/3939
f 4088/4747/3937 4077/4756/3942 4073/4751/3922
f 4062/4724/3914 4063/4723/3913 4085/4752/3936
f 4063/4723/3913 4064/4725/3915 4089/4754/3940
f 4064/4725/3915 4065/4726/3916 4053/4755/3941
f 4076/4736/3926 4077/4756/3942 4053/4755/3941
f 4088/4747/3937 4089/4754/3940 4053/4755/3941
f 955/4757/3943 4054/4718/3908 703/4758/3944
f 955/4757/3943 956/4759/3945 4055/4716/3906
f 956/4759/3945 957/4760/3946 4056/4721/3911
f 957/4760/3946 958/6065/3953 4057/4761/3938
f 703/4758/3944 4054/4718/3908 4058/4717/3907
f 704/4762/3947 4058/4717/3907 4062/4724/3914
f 705/4763/3948 4062/4724/3914 4081/4753/3932
f 752/4270/3583 4066/4729/3919 961/4765/3950
f 753/4275/3588 4067/4727/3917 4066/4729/3919
f 753/4275/3588 754/4276/3589 4068/4730/3920
f 754/4276/3589 755/6066/3590 4069/4766/3939
f 4066/4729/3919 4070/4728/3918 960/4767/3951
f 4070/4728/3918 4074/4734/3924 959/4768/3952
f 4074/4734/3924 4057/4748/3938 958/4769/3953
f 709/4770/3954 4078/4739/3929 758/4771/3574
f 708/4772/3955 4079/4737/3927 4078/4739/3929
f 707/4773/3956 4080/4740/3930 4079/4737/3927
f 706/4764/3949 4081/4742/3932 4080/4740/3930
f 4078/4739/3929 4082/4738/3928 757/4774/3577
f 4082/4738/3928 4086/4744/3934 756/4775/3578
f 4086/4744/3934 4069/4750/3939 755/4776/3590
f 4092/4777/3957 4096/4781/3961 4095/4778/3958
f 4093/4780/3960 4097/4783/3963 4096/4781/3961
f 4094/4782/3962 4098/4786/3966 4097/4783/3963
f 4096/4781/3961 4100/4785/3965 4099/4784/3964
f 4097/4783/3963 4101/4787/3967 4100/4785/3965
f 4098/4786/3966 4102/4811/3990 4101/4787/3967
f 4104/4788/3968 4108/4792/3972 4107/4789/3969
f 4105/4791/3971 4109/4794/3974 4108/4792/3972
f 4106/4793/3973 4110/4797/3977 4109/4794/3974
f 4108/4792/3972 4112/4796/3976 4111/4795/3975
f 4109/4794/3974 4113/4798/3978 4112/4796/3976
f 4110/4797/3977 4114/4813/3991 4113/4798/3978
f 4116/4799/3979 4120/4803/3983 4119/4800/3980
f 4117/4802/3982 4121/4805/3985 4120/4803/3983
f 4117/4802/3982 4118/4834/3992 4122/4804/3984
f 4120/4803/3983 4124/4807/3987 4123/4806/3986
f 4121/4805/3985 4125/4809/3989 4124/4807/3987
f 4121/4805/3985 4122/4804/3984 4126/4808/3988
f 4112/4796/3976 4098/4812/3966 4094/4810/3962
f 4112/4796/3976 4113/4798/3978 4102/4811/3990
f 4124/4807/3987 4110/4814/3977 4106/4793/3973
f 4124/4807/3987 4125/4809/3989 4114/4813/3991
f 4100/4785/3965 4122/4804/3984 4118/4815/3992
f 4101/4787/3967 4126/4808/3988 4122/4804/3984
f 4101/4787/3967 4102/4811/3990 4090/4816/3993
f 4113/4798/3978 4114/4813/3991 4090/4816/3993
f 4125/4809/3989 4126/4808/3988 4090/4816/3993
f 962/4817/3428 4091/4779/3959 955/4757/3943
f 963/4818/3432 4092/4777/3957 4091/4779/3959
f 964/4819/3433 4093/4780/3960 4092/4777/3957
f 965/4820/3426 4094/4782/3962 4093/4780/3960
f 4091/4779/3959 4095/4778/3958 956/4821/3945
f 4095/4778/3958 4099/4784/3964 957/4760/3946
f 4099/4784/3964 4118/4815/3992 958/4822/3953
f 975/4823/3994 4103/4790/3970 968/4081/3423
f 974/4824/3995 4104/4788/3968 4103/4790/3970
f 973/4825/3996 4105/4791/3971 4104/4788/3968
f 972/4826/3997 4106/4793/3973 4105/4791/3971
f 4103/4790/3970 4107/4789/3969 967/4827/3424
f 4107/4789/3969 4111/4795/3975 966/4828/3425
f 966/4828/3425 4111/4795/3975 4094/4810/3962
f 961/4830/3950 4115/4801/3981 969/4831/3998
f 960/4832/3951 4116/4799/3979 4115/4801/3981
f 959/4833/3952 4117/4802/3982 4116/4799/3979
f 959/4833/3952 958/4822/3953 4118/4834/3992
f 4115/4801/3981 4119/4800/3980 970/4835/3999
f 4119/4800/3980 4123/4806/3986 971/4836/4000
f 4123/4806/3986 4106/4793/3973 972/4837/3997
f 4129/4838/4001 4133/4842/4005 4132/4839/4002
f 4129/4838/4001 4130/4843/4006 4134/4841/4004
f 4130/4843/4006 4131/4879/4034 4135/4844/4007
f 4132/4839/4002 4133/4842/4005 4137/4845/4008
f 4133/4842/4005 4134/4841/4004 4138/4847/4010
f 4134/4841/4004 4135/4844/4007 4139/4848/4011
f 4141/4849/4012 4145/4853/4016 4144/4850/4013
f 4142/4852/4015 4146/4855/4018 4145/4853/4016
f 4143/4854/4017 4147/4858/4021 4146/4855/4018
f 4145/4853/4016 4149/4857/4020 4148/4856/4019
f 4146/4855/4018 4150/4859/4022 4149/4857/4020
f 4147/4858/4021 4151/4872/4035 4150/4859/4022
f 4153/4860/4023 4157/4864/4027 4156/4861/4024
f 4154/4863/4026 4158/4866/4029 4157/4864/4027
f 4155/4865/4028 4159/6067/4036 4158/4866/4029
f 4157/4864/4027 4161/4869/4032 4160/4867/4030
f 4157/4864/4027 4158/4866/4029 4162/4868/4031
f 4158/4866/4029 4159/6067/4036 4163/4870/4033
f 4149/4857/4020 4135/4844/4007 4131/4871/4034
f 4150/4859/4022 4139/4848/4011 4135/4844/4007
f 4160/4867/4030 4161/4869/4032 4147/4858/4021
f 4161/4869/4032 4162/4868/4031 4151/4872/4035
f 4136/4846/4009 4137/4845/4008 4159/4873/4036
f 4137/4845/4008 4138/4847/4010 4163/4870/4033
f 4138/4847/4010 4139/4848/4011 4127/4875/4037
f 4150/4859/4022 4151/4872/4035 4127/4875/4037
f 4162/4868/4031 4163/4870/4033 4127/4875/4037
f 849/4876/4038 4128/4840/4003 975/4823/3994
f 848/4877/4039 4129/4838/4001 4128/4840/4003
f 848/4877/4039 847/4878/4040 4130/4843/4006
f 847/4878/4040 846/6068/4044 4131/4879/4034
f 4128/4840/4003 4132/4839/4002 974/4824/3995
f 974/4824/3995 4132/4839/4002 4136/4846/4009
f 973/4880/3996 4136/4846/4009 4155/4874/4028
f 871/4881/3734 4140/4851/4014 843/4882/4041
f 872/4466/3735 4141/4849/4012 4140/4851/4014
f 873/4883/3736 4142/4852/4015 4141/4849/4012
f 874/4459/3733 4143/4854/4017 4142/4852/4015
f 4140/4851/4014 4144/4850/4013 844/4884/4042
f 4144/4850/4013 4148/4856/4019 845/4885/4043
f 4148/4856/4019 4131/4871/4034 846/4886/4044
f 969/4831/3998 4152/4862/4025 877/4456/3730
f 970/4887/3999 4153/4860/4023 4152/4862/4025
f 971/4888/4000 4154/4863/4026 4153/4860/4023
f 972/4826/3997 4155/4865/4028 4154/4863/4026
f 4152/4862/4025 4156/4861/4024 876/4889/3731
f 4156/4861/4024 4160/4867/4030 875/4458/3732
f 875/4458/3732 4160/4867/4030 4143/4854/4017
f 4166/4891/4045 4170/4895/4049 4169/4892/4046
f 4166/4891/4045 4167/4896/4050 4171/4894/4048
f 4167/4896/4050 4168/4935/4078 4172/4897/4051
f 4169/4892/4046 4170/4895/4049 4174/4898/4052
f 4170/4895/4049 4171/4894/4048 4175/4900/4054
f 4171/4894/4048 4172/4897/4051 4176/4901/4055
f 4178/4902/4056 4182/4906/4060 4181/4903/4057
f 4178/4902/4056 4179/4907/4061 4183/4905/4059
f 4179/4907/4061 4180/4941/4079 4184/4908/4062
f 4182/4906/4060 4186/4911/4065 4185/4909/4063
f 4182/4906/4060 4183/4905/4059 4187/4910/4064
f 4183/4905/4059 4184/4908/4062 4188/4912/4066
f 4190/4913/4067 4194/4917/4071 4193/4914/4068
f 4191/4916/4070 4195/4919/4073 4194/4917/4071
f 4192/4918/4072 4196/4922/4076 4195/4919/4073
f 4194/4917/4071 4198/4921/4075 4197/4920/4074
f 4195/4919/4073 4199/4923/4077 4198/4921/4075
f 4196/4922/4076 4200/4929/4080 4199/4923/4077
f 4186/4911/4065 4172/4925/4051 4168/4924/4078
f 4186/4911/4065 4187/4910/4064 4176/4901/4055
f 4198/4921/4075 4184/4927/4062 4180/4926/4079
f 4199/4923/4077 4188/4912/4066 4184/4927/4062
f 4173/4899/4053 4174/4898/4052 4196/4928/4076
f 4174/4898/4052 4175/4900/4054 4200/4929/4080
f 4175/4900/4054 4176/4901/4055 4164/4930/4081
f 4187/4910/4064 4188/4912/4066 4164/4930/4081
f 4200/4929/4080 4164/4930/4081 4188/4912/4066
f 976/4931/4082 4165/4893/4047 717/4932/4083
f 976/4931/4082 977/4933/4084 4166/4891/4045
f 977/4933/4084 978/4934/4085 4167/4896/4050
f 978/4934/4085 979/6069/4092 4168/4935/4078
f 717/4932/4083 4165/4893/4047 4169/4892/4046
f 718/4936/4086 4169/4892/4046 4173/4899/4053
f 719/4937/4087 4173/4899/4053 4192/4918/4072
f 738/4146/3479 4177/4904/4058 982/4939/4089
f 739/4151/3484 4178/4902/4056 4177/4904/4058
f 739/4151/3484 740/4940/3485 4179/4907/4061
f 740/4940/3485 741/6070/3486 4180/4941/4079
f 4177/4904/4058 4181/4903/4057 981/4942/4090
f 981/4942/4090 4181/4903/4057 4185/4909/4063
f 4185/4909/4063 4168/4924/4078 979/4944/4092
f 723/4945/4093 4189/4915/4069 744/4946/3471
f 722/4947/4094 4190/4913/4067 4189/4915/4069
f 721/4948/4095 4191/4916/4070 4190/4913/4067
f 720/4949/4088 4192/4918/4072 4191/4916/4070
f 4189/4915/4069 4193/4914/4068 743/4950/3473
f 4193/4914/4068 4197/4920/4074 742/4951/3474
f 4197/4920/4074 4180/4926/4079 741/4952/3486
f 4203/4953/4096 4207/4957/4100 4206/4954/4097
f 4204/4956/4099 4208/4959/4102 4207/4957/4100
f 4205/4958/4101 4209/4962/4105 4208/4959/4102
f 4207/4957/4100 4211/4961/4104 4210/4960/4103
f 4208/4959/4102 4212/4963/4106 4211/4961/4104
f 4209/4962/4105 4213/4987/4129 4212/4963/4106
f 4215/4964/4107 4219/4968/4111 4218/4965/4108
f 4216/4967/4110 4220/4970/4113 4219/4968/4111
f 4217/4969/4112 4221/6071/4130 4220/4970/4113
f 4219/4968/4111 4223/4972/4115 4222/4971/4114
f 4220/4970/4113 4224/4974/4117 4223/4972/4115
f 4220/4970/4113 4221/6071/4130 4225/4973/4116
f 4227/4975/4118 4231/4979/4122 4230/4976/4119
f 4228/4978/4121 4232/4981/4124 4231/4979/4122
f 4229/4980/4123 4233/6072/4131 4232/4981/4124
f 4231/4979/4122 4235/4983/4126 4234/4982/4125
f 4232/4981/4124 4236/4985/4128 4235/4983/4126
f 4232/4981/4124 4233/6072/4131 4237/4984/4127
f 4223/4972/4115 4209/4988/4105 4205/4986/4101
f 4223/4972/4115 4224/4974/4117 4213/4987/4129
f 4235/4983/4126 4221/4989/4130 4217/4969/4112
f 4235/4983/4126 4236/4985/4128 4225/4973/4116
f 4211/4961/4104 4233/4991/4131 4229/4990/4123
f 4212/4963/4106 4237/4984/4127 4233/4991/4131
f 4212/4963/4106 4213/4987/4129 4201/4992/4132
f 4224/4974/4117 4225/4973/4116 4201/4992/4132
f 4236/4985/4128 4237/4984/4127 4201/4992/4132
f 983/4993/3376 4202/4955/4098 976/4994/4082
f 984/4995/3380 4203/4953/4096 4202/4955/4098
f 985/4996/3381 4204/4956/4099 4203/4953/4096
f 986/4032/3373 4205/4958/4101 4204/4956/4099
f 4202/4955/4098 4206/4954/4097 977/4997/4084
f 4206/4954/4097 4210/4960/4103 978/4934/4085
f 4210/4960/4103 4229/4990/4123 979/4944/4092
f 996/4998/4133 4214/4966/4109 989/4017/3371
f 995/4999/4134 4215/4964/4107 4214/4966/4109
f 994/5000/4135 4216/4967/4110 4215/4964/4107
f 993/5001/4136 4217/4969/4112 4216/4967/4110
f 4214/4966/4109 4218/4965/4108 988/5002/3372
f 4218/4965/4108 4222/4971/4114 987/4021/3374
f 4222/4971/4114 4205/4986/4101 986/4032/3373
f 982/5003/4089 4226/4977/4120 990/5004/4137
f 981/5005/4090 4227/4975/4118 4226/4977/4120
f 980/5006/4091 4228/4978/4121 4227/4975/4118
f 979/4944/4092 4229/4980/4123 4228/4978/4121
f 4226/4977/4120 4230/4976/4119 991/5007/4138
f 4230/4976/4119 4234/4982/4125 992/5008/4139
f 4234/4982/4125 4217/4969/4112 993/5009/4136
f 4240/5010/4140 4244/5014/4144 4243/5011/4141
f 4241/5013/4143 4245/5016/4146 4244/5014/4144
f 4241/5013/4143 4242/5043/4173 4246/5015/4145
f 4244/5014/4144 4248/5018/4148 4247/5017/4147
f 4245/5016/4146 4249/5020/4150 4248/5018/4148
f 4245/5016/4146 4246/5015/4145 4250/5019/4149
f 4252/5021/4151 4256/5025/4155 4255/5022/4152
f 4253/5024/4154 4257/5027/4157 4256/5025/4155
f 4254/5026/4156 4258/6073/4174 4257/5027/4157
f 4256/5025/4155 4260/5029/4159 4259/5028/4158
f 4257/5027/4157 4261/5031/4161 4260/5029/4159
f 4257/5027/4157 4258/6073/4174 4262/5030/4160
f 4264/5032/4162 4268/5036/4166 4267/5033/4163
f 4265/5035/4165 4269/5038/4168 4268/5036/4166
f 4266/5037/4167 4270/6074/4175 4269/5038/4168
f 4268/5036/4166 4272/5040/4170 4271/5039/4169
f 4269/5038/4168 4273/5042/4172 4272/5040/4170
f 4269/5038/4168 4270/6074/4175 4274/5041/4171
f 4260/5029/4159 4246/5044/4145 4242/5043/4173
f 4260/5029/4159 4261/5031/4161 4250/5019/4149
f 4271/5039/4169 4272/5040/4170 4258/5045/4174
f 4272/5040/4170 4273/5042/4172 4262/5030/4160
f 4248/5018/4148 4270/5047/4175 4266/5046/4167
f 4248/5018/4148 4249/5020/4150 4274/5041/4171
f 4249/5020/4150 4250/5019/4149 4238/5048/4176
f 4261/5031/4161 4262/5030/4160 4238/5048/4176
f 4273/5042/4172 4274/5041/4171 4238/5048/4176
f 821/5049/4177 4239/5012/4142 996/4998/4133
f 820/5050/4178 4240/5010/4140 4239/5012/4142
f 820/5050/4178 819/5051/4179 4241/5013/4143
f 819/5051/4179 818/5457/4183 4242/5043/4173
f 4239/5012/4142 4243/5011/4141 995/4999/4134
f 995/4999/4134 4243/5011/4141 4247/5017/4147
f 994/5052/4135 4247/5017/4147 4266/5046/4167
f 857/4701/3903 4251/5023/4153 815/5054/4180
f 858/4706/3904 4252/5021/4151 4251/5023/4153
f 859/5055/3905 4253/5024/4154 4252/5021/4151
f 860/4708/3902 4254/5026/4156 4253/5024/4154
f 4251/5023/4153 4255/5022/4152 816/5056/4181
f 4255/5022/4152 4259/5028/4158 817/5057/4182
f 4259/5028/4158 4242/5043/4173 818/5058/4183
f 990/5004/4137 4263/5034/4164 863/4694/3899
f 991/5059/4138 4264/5032/4162 4263/5034/4164
f 991/5059/4138 992/5060/4139 4265/5035/4165
f 992/5060/4139 993/6075/4136 4266/5037/4167
f 4263/5034/4164 4267/5033/4163 862/4695/3900
f 862/4695/3900 4267/5033/4163 4271/5039/4169
f 861/4696/3901 4271/5039/4169 4254/5026/4156
f 4277/5062/4184 4281/5066/4188 4280/5063/4185
f 4278/5065/4187 4282/5068/4190 4281/5066/4188
f 4279/5067/4189 4283/5071/4193 4282/5068/4190
f 4281/5066/4188 4285/5070/4192 4284/5069/4191
f 4282/5068/4190 4286/5072/4194 4285/5070/4192
f 4283/5071/4193 4287/5097/4217 4286/5072/4194
f 4288/5073/4195 4289/5077/4199 4293/5074/4196
f 4290/5076/4198 4294/5079/4201 4293/5074/4196
f 4291/5078/4200 4295/5083/4205 4294/5079/4201
f 4292/5075/4197 4293/5074/4196 4297/5080/4202
f 4293/5074/4196 4294/5079/4201 4298/5082/4204
f 4295/5083/4205 4299/5099/4218 4298/5082/4204
f 4300/5084/4206 4301/5087/4209 4305/5085/4207
f 4301/5087/4209 4302/5089/4211 4306/5088/4210
f 4302/5089/4211 4303/5115/4219 4307/5090/4212
f 4304/5086/4208 4305/5085/4207 4309/5091/4213
f 4305/5085/4207 4306/5088/4210 4310/5093/4215
f 4306/5088/4210 4307/5090/4212 4311/5094/4216
f 4296/5081/4203 4297/5080/4202 4283/5095/4193
f 4297/5080/4202 4298/5082/4204 4287/5097/4217
f 4308/5092/4214 4309/5091/4213 4295/5083/4205
f 4309/5091/4213 4310/5093/4215 4299/5099/4218
f 4285/5070/4192 4307/5090/4212 4303/5100/4219
f 4286/5072/4194 4311/5094/4216 4307/5090/4212
f 4287/5097/4217 4275/5101/4220 4311/5094/4216
f 4298/5082/4204 4299/5099/4218 4275/5101/4220
f 4310/5093/4215 4311/5094/4216 4275/5101/4220
f 997/5102/4221 4276/5064/4186 849/4876/4038
f 998/5103/4222 4277/5062/4184 4276/5064/4186
f 999/5104/4223 4278/5065/4187 4277/5062/4184
f 1000/5105/4224 4279/5067/4189 4278/5065/4187
f 4276/5064/4186 4280/5063/4185 848/5106/4039
f 4280/5063/4185 4284/5069/4191 847/5107/4040
f 4284/5069/4191 4303/5100/4219 846/4886/4044
f 48/1717/1411 731/1715/1409 4288/5073/4195
f 731/1715/1409 732/1714/1408 4289/5077/4199
f 733/1713/1407 4290/5076/4198 4289/5077/4199
f 734/1712/1406 4291/5078/4200 4290/5076/4198
f 1003/5108/4225 4288/5073/4195 4292/5075/4197
f 1002/5109/4226 4292/5075/4197 4296/5081/4203
f 1001/5110/4227 4296/5081/4203 4279/5096/4189
f 49/2443/2046 843/5113/4041 4300/5084/4206
f 843/5113/4041 844/5114/4042 4301/5087/4209
f 844/5114/4042 845/4885/4043 4302/5089/4211
f 845/4885/4043 846/6076/4044 4303/5115/4219
f 737/5112/1403 4300/5084/4206 4304/5086/4208
f 736/5116/1404 4304/5086/4208 4308/5092/4214
f 735/5117/1405 4308/5092/4214 4291/5098/4200
f 4314/5119/4228 4318/5123/4232 4317/5120/4229
f 4315/5122/4231 4319/5125/4234 4318/5123/4232
f 4316/5124/4233 4320/5128/4237 4319/5125/4234
f 4318/5123/4232 4322/5127/4236 4321/5126/4235
f 4319/5125/4234 4323/5129/4238 4322/5127/4236
f 4320/5128/4237 4324/5159/4264 4323/5129/4238
f 4326/5130/4239 4330/5134/4243 4329/5131/4240
f 4327/5133/4242 4331/5136/4245 4330/5134/4243
f 4328/5135/4244 4332/6077/4261 4331/5136/4245
f 4330/5134/4243 4334/5138/4247 4333/5137/4246
f 4331/5136/4245 4335/5140/4249 4334/5138/4247
f 4331/5136/4245 4332/6077/4261 4336/5139/4248
f 4338/5141/4250 4342/5145/4254 4341/5142/4251
f 4339/5144/4253 4343/5147/4256 4342/5145/4254
f 4340/5146/4255 4344/5150/4259 4343/5147/4256
f 4342/5145/4254 4346/5149/4258 4345/5148/4257
f 4343/5147/4256 4347/5151/4260 4346/5149/4258
f 4344/5150/4259 4348/5157/4262 4347/5151/4260
f 4334/5138/4247 4320/5153/4237 4316/5152/4233
f 4335/5140/4249 4324/5159/4264 4320/5153/4237
f 4346/5149/4258 4332/5155/4261 4328/5154/4244
f 4347/5151/4260 4336/5139/4248 4332/5155/4261
f 4321/5126/4235 4322/5127/4236 4344/5150/4259
f 4322/5127/4236 4323/5129/4238 4348/5157/4262
f 4323/5129/4238 4324/5159/4264 4312/5158/4263
f 4335/5140/4249 4336/5139/4248 4312/5158/4263
f 4347/5151/4260 4348/5157/4262 4312/5158/4263
f 1004/5160/3324 4313/5121/4230 997/5161/4221
f 1005/5162/3328 4314/5119/4228 4313/5121/4230
f 1006/3967/3329 4315/5122/4231 4314/5119/4228
f 1007/5163/3319 4316/5124/4233 4315/5122/4231
f 4313/5121/4230 4317/5120/4229 998/5164/4222
f 4317/5120/4229 4321/5126/4235 999/5104/4223
f 999/5104/4223 4321/5126/4235 4340/5156/4255
f 1017/5166/4265 4325/5132/4241 1010/5167/3315
f 1016/5168/4266 4326/5130/4239 4325/5132/4241
f 1015/5169/4267 4327/5133/4242 4326/5130/4239
f 1014/5170/4268 4328/5135/4244 4327/5133/4242
f 4325/5132/4241 4329/5131/4240 1009/5171/3317
f 1009/5171/3317 4329/5131/4240 4333/5137/4246
f 1008/5172/3318 4333/5137/4246 4316/5152/4233
f 1003/5174/4225 4337/5143/4252 1011/5175/4269
f 1002/5109/4226 4338/5141/4250 4337/5143/4252
f 1001/5176/4227 4339/5144/4253 4338/5141/4250
f 1000/5165/4224 4340/5146/4255 4339/5144/4253
f 4337/5143/4252 4341/5142/4251 1012/5177/4270
f 4341/5142/4251 4345/5148/4257 1013/5178/4271
f 4345/5148/4257 4328/5154/4244 1014/5179/4268
f 4350/5180/4272 4351/5183/4275 4355/5181/4273
f 4351/5183/4275 4352/5185/4277 4356/5184/4276
f 4352/5185/4277 4353/5220/4305 4357/5186/4278
f 4354/5182/4274 4355/5181/4273 4359/5187/4279
f 4355/5181/4273 4356/5184/4276 4360/5189/4281
f 4356/5184/4276 4357/5186/4278 4361/5190/4282
f 4363/5191/4283 4367/5195/4287 4366/5192/4284
f 4364/5194/4286 4368/5197/4289 4367/5195/4287
f 4365/5196/4288 4369/5200/4292 4368/5197/4289
f 4367/5195/4287 4371/5199/4291 4370/5198/4290
f 4368/5197/4289 4372/5201/4293 4371/5199/4291
f 4369/5200/4292 4373/5217/4306 4372/5201/4293
f 4374/5202/4294 4375/5205/4297 4379/5203/4295
f 4375/5205/4297 4376/5207/4299 4380/5206/4298
f 4376/5207/4299 4377/5231/4307 4381/5208/4300
f 4378/5204/4296 4379/5203/4295 4383/5209/4301
f 4379/5203/4295 4380/5206/4298 4384/5211/4303
f 4380/5206/4298 4381/5208/4300 4385/5212/4304
f 4371/5199/4291 4357/5214/4278 4353/5213/4305
f 4372/5201/4293 4361/5190/4282 4357/5214/4278
f 4382/5210/4302 4383/5209/4301 4369/5215/4292
f 4383/5209/4301 4384/5211/4303 4373/5217/4306
f 4359/5187/4279 4381/5208/4300 4377/5218/4307
f 4359/5187/4279 4360/5189/4281 4385/5212/4304
f 4360/5189/4281 4361/5190/4282 4349/5219/4308
f 4373/5217/4306 4349/5219/4308 4361/5190/4282
f 4384/5211/4303 4385/5212/4304 4349/5219/4308
f 40/2374/1981 814/2373/1980 4350/5180/4272
f 814/2373/1980 813/2372/1979 4351/5183/4275
f 813/2372/1979 812/2371/1978 4352/5185/4277
f 812/2371/1978 811/2370/1977 4353/5220/4305
f 1017/5166/4265 4350/5180/4272 4354/5182/4274
f 1016/5221/4266 4354/5182/4274 4358/5188/4280
f 1015/5222/4267 4358/5188/4280 4377/5218/4307
f 850/3405/2858 4362/5193/4285 808/5224/1974
f 851/3404/2857 4363/5191/4283 4362/5193/4285
f 852/3403/2856 4364/5194/4286 4363/5191/4283
f 853/3402/2855 4365/5196/4288 4364/5194/4286
f 4362/5193/4285 4366/5192/4284 809/5225/1975
f 4366/5192/4284 4370/5198/4290 810/5226/1976
f 4370/5198/4290 4353/5213/4305 811/5227/1977
f 48/1717/1411 1011/5229/4269 4374/5202/4294
f 1011/5229/4269 1012/5177/4270 4375/5205/4297
f 1012/5177/4270 1013/5230/4271 4376/5207/4299
f 1013/5230/4271 1014/5223/4268 4377/5231/4307
f 856/5228/2852 4374/5202/4294 4378/5204/4296
f 855/5232/2853 4378/5204/4296 4382/5210/4302
f 854/3401/2854 4382/5210/4302 4365/5216/4288
f 4387/5234/4309 4388/5237/4312 4392/5235/4310
f 4388/5237/4312 4389/5239/4314 4393/5238/4313
f 4389/5239/4314 4390/5277/4342 4394/5240/4315
f 4392/5235/4310 4396/5243/4318 4395/5241/4316
f 4392/5235/4310 4393/5238/4313 4397/5242/4317
f 4393/5238/4313 4394/5240/4315 4398/5244/4319
f 4400/5245/4320 4404/5249/4324 4403/5246/4321
f 4401/5248/4323 4405/5251/4326 4404/5249/4324
f 4402/5250/4325 4406/5254/4329 4405/5251/4326
f 4404/5249/4324 4408/5253/4328 4407/5252/4327
f 4405/5251/4326 4409/5255/4330 4408/5253/4328
f 4406/5254/4329 4410/5270/4343 4409/5255/4330
f 4411/5256/4331 4412/5259/4334 4416/5257/4332
f 4412/5259/4334 4413/5261/4336 4417/5260/4335
f 4413/5261/4336 4414/5288/4344 4418/5262/4337
f 4415/5258/4333 4416/5257/4332 4420/5263/4338
f 4416/5257/4332 4417/5260/4335 4421/5265/4340
f 4417/5260/4335 4418/5262/4337 4422/5266/4341
f 4408/5253/4328 4394/5268/4315 4390/5267/4342
f 4409/5255/4330 4398/5244/4319 4394/5268/4315
f 4419/5264/4339 4420/5263/4338 4406/5254/4329
f 4420/5263/4338 4421/5265/4340 4410/5270/4343
f 4396/5243/4318 4418/5262/4337 4414/5271/4344
f 4397/5242/4317 4422/5266/4341 4418/5262/4337
f 4397/5242/4317 4398/5244/4319 4386/5272/4345
f 4410/5270/4343 4386/5272/4345 4398/5244/4319
f 4421/5265/4340 4422/5266/4341 4386/5272/4345
f 44/3529/2952 1018/5274/4346 4387/5234/4309
f 1018/5274/4346 1019/5275/4347 4388/5237/4312
f 1019/5275/4347 1020/5276/4348 4389/5239/4314
f 1020/5276/4348 1021/6078/4352 4390/5277/4342
f 835/5273/2739 4387/5234/4309 4391/5236/4311
f 4391/5236/4311 4395/5241/4316 833/5278/2741
f 4395/5241/4316 4414/5271/4344 832/5279/2742
f 717/4932/4083 4399/5247/4322 1024/5280/4349
f 718/5281/4086 4400/5245/4320 4399/5247/4322
f 719/5282/4087 4401/5248/4323 4400/5245/4320
f 720/5283/4088 4402/5250/4325 4401/5248/4323
f 4399/5247/4322 4403/5246/4321 1023/5284/4350
f 4403/5246/4321 4407/5252/4327 1022/5285/4351
f 4407/5252/4327 4390/5267/4342 1021/5286/4352
f 46/3280/2746 829/3279/2745 4411/5256/4331
f 829/3279/2745 830/3278/2744 4412/5259/4334
f 830/3278/2744 831/3277/2743 4413/5261/4336
f 831/3277/2743 832/3276/2742 4414/5288/4344
f 723/5287/4093 4411/5256/4331 4415/5258/4333
f 722/4947/4094 4415/5258/4333 4419/5264/4339
f 721/5289/4095 4419/5264/4339 4402/5269/4325
f 4425/5290/4353 4429/5294/4357 4428/5291/4354
f 4426/5293/4356 4430/5296/4359 4429/5294/4357
f 4427/5295/4358 4431/5299/4362 4430/5296/4359
f 4429/5294/4357 4433/5298/4361 4432/5297/4360
f 4430/5296/4359 4434/5300/4363 4433/5298/4361
f 4431/5299/4362 4435/5324/4386 4434/5300/4363
f 4437/5301/4364 4441/5305/4368 4440/5302/4365
f 4438/5304/4367 4442/5307/4370 4441/5305/4368
f 4438/5304/4367 4439/5339/4387 4443/5306/4369
f 4441/5305/4368 4445/5310/4373 4444/5308/4371
f 4441/5305/4368 4442/5307/4370 4446/5309/4372
f 4442/5307/4370 4443/5306/4369 4447/5311/4374
f 4449/5312/4375 4453/5316/4379 4452/5313/4376
f 4450/5315/4378 4454/5318/4381 4453/5316/4379
f 4450/5315/4378 4451/5326/4388 4455/5317/4380
f 4453/5316/4379 4457/5320/4383 4456/5319/4382
f 4454/5318/4381 4458/5322/4385 4457/5320/4383
f 4454/5318/4381 4455/5317/4380 4459/5321/4384
f 4444/5308/4371 4445/5310/4373 4431/5323/4362
f 4445/5310/4373 4446/5309/4372 4435/5324/4386
f 4457/5320/4383 4443/5306/4369 4439/5325/4387
f 4458/5322/4385 4447/5311/4374 4443/5306/4369
f 4433/5298/4361 4455/5327/4380 4451/5326/4388
f 4434/5300/4363 4459/5321/4384 4455/5327/4380
f 4434/5300/4363 4435/5324/4386 4423/5328/4389
f 4446/5309/4372 4447/5311/4374 4423/5328/4389
f 4458/5322/4385 4459/5321/4384 4423/5328/4389
f 1025/3900/3267 4424/5292/4355 1018/5274/4346
f 1026/5329/3268 4425/5290/4353 4424/5292/4355
f 1027/5330/3269 4426/5293/4356 4425/5290/4353
f 1028/5331/3265 4427/5295/4358 4426/5293/4356
f 4424/5292/4355 4428/5291/4354 1019/5332/4347
f 4428/5291/4354 4432/5297/4360 1020/5333/4348
f 4432/5297/4360 4451/5326/4388 1021/5334/4352
f 1038/5335/4390 4436/5303/4366 1031/5336/3263
f 1038/5335/4390 1037/5337/4391 4437/5301/4364
f 1037/5337/4391 1036/5338/4392 4438/5304/4367
f 1036/5338/4392 1035/6079/4396 4439/5339/4387
f 4436/5303/4366 4440/5302/4365 1030/5340/3264
f 4440/5302/4365 4444/5308/4371 1029/3897/3266
f 1029/3897/3266 4444/5308/4371 4427/5295/4358
f 1024/5341/4349 4448/5314/4377 1032/5342/4393
f 1023/5343/4350 4449/5312/4375 4448/5314/4377
f 1022/5344/4351 4450/5315/4378 4449/5312/4375
f 1022/5344/4351 1021/5286/4352 4451/5326/4388
f 4448/5314/4377 4452/5313/4376 1033/5345/4394
f 4452/5313/4376 4456/5319/4382 1034/5346/4395
f 4456/5319/4382 4439/5325/4387 1035/5347/4396
f 4462/5348/4397 4466/5352/4401 4465/5349/4398
f 4463/5351/4400 4467/5354/4403 4466/5352/4401
f 4464/5353/4402 4468/5357/4406 4467/5354/4403
f 4466/5352/4401 4470/5356/4405 4469/5355/4404
f 4467/5354/4403 4471/5358/4407 4470/5356/4405
f 4468/5357/4406 4472/5383/4430 4471/5358/4407
f 4474/5359/4408 4478/5363/4412 4477/5360/4409
f 4475/5362/4411 4479/5365/4414 4478/5363/4412
f 4476/5364/4413 4480/5368/4417 4479/5365/4414
f 4478/5363/4412 4482/5367/4416 4481/5366/4415
f 4479/5365/4414 4483/5369/4418 4482/5367/4416
f 4480/5368/4417 4484/5386/4431 4483/5369/4418
f 4486/5370/4419 4490/5374/4423 4489/5371/4420
f 4486/5370/4419 4487/5375/4424 4491/5373/4422
f 4487/5375/4424 4488/5408/4432 4492/5376/4425
f 4489/5371/4420 4490/5374/4423 4494/5377/4426
f 4490/5374/4423 4491/5373/4422 4495/5379/4428
f 4491/5373/4422 4492/5376/4425 4496/5380/4429
f 4481/5366/4415 4482/5367/4416 4468/5381/4406
f 4482/5367/4416 4483/5369/4418 4472/5383/4430
f 4493/5378/4427 4494/5377/4426 4480/5384/4417
f 4494/5377/4426 4495/5379/4428 4484/5386/4431
f 4470/5356/4405 4492/5388/4425 4488/5387/4432
f 4471/5358/4407 4496/5380/4429 4492/5388/4425
f 4471/5358/4407 4472/5383/4430 4460/5389/4433
f 4483/5369/4418 4484/5386/4431 4460/5389/4433
f 4495/5379/4428 4496/5380/4429 4460/5389/4433
f 793/5390/4434 4461/5350/4399 1038/5391/4390
f 792/5392/4435 4462/5348/4397 4461/5350/4399
f 791/5393/4436 4463/5351/4400 4462/5348/4397
f 790/5394/4437 4464/5353/4402 4463/5351/4400
f 4461/5350/4399 4465/5349/4398 1037/5395/4391
f 4465/5349/4398 4469/5355/4404 1036/5396/4392
f 4469/5355/4404 4488/5387/4432 1035/5397/4396
f 836/5398/3367 4473/5361/4410 787/5399/4438
f 837/5400/3368 4474/5359/4408 4473/5361/4410
f 838/4015/3369 4475/5362/4411 4474/5359/4408
f 839/5401/3370 4476/5364/4413 4475/5362/4411
f 4473/5361/4410 4477/5360/4409 788/5402/4439
f 4477/5360/4409 4481/5366/4415 789/5403/4440
f 4481/5366/4415 4464/5382/4402 790/5404/4437
f 1032/5405/4393 4485/5372/4421 842/5406/3375
f 1032/5405/4393 1033/5407/4394 4486/5370/4419
f 1034/5346/4395 4487/5375/4424 4486/5370/4419
f 1034/5346/4395 1035/5347/4396 4488/5408/4432
f 4485/5372/4421 4489/5371/4420 841/5409/3378
f 4489/5371/4420 4493/5378/4427 840/4029/3379
f 840/4029/3379 4493/5378/4427 4476/5385/4413
f 4499/5411/4441 4503/5415/4445 4502/5412/4442
f 4500/5414/4444 4504/5417/4447 4503/5415/4445
f 4501/5416/4446 4505/5420/4450 4504/5417/4447
f 4503/5415/4445 4507/5419/4449 4506/5418/4448
f 4504/5417/4447 4508/5421/4451 4507/5419/4449
f 4505/5420/4450 4509/5445/4474 4508/5421/4451
f 4511/5422/4452 4515/5426/4456 4514/5423/4453
f 4512/5425/4455 4516/5428/4458 4515/5426/4456
f 4513/5427/4457 4517/5432/4462 4516/5428/4458
f 4514/5423/4453 4515/5426/4456 4519/5429/4459
f 4515/5426/4456 4516/5428/4458 4520/5431/4461
f 4517/5432/4462 4521/5448/4475 4520/5431/4461
f 4522/5433/4463 4523/5436/4466 4527/5434/4464
f 4523/5436/4466 4524/5438/4468 4528/5437/4467
f 4524/5438/4468 4525/5449/4476 4529/5439/4469
f 4526/5435/4465 4527/5434/4464 4531/5440/4470
f 4527/5434/4464 4528/5437/4467 4532/5442/4472
f 4528/5437/4467 4529/5439/4469 4533/5443/4473
f 4518/5430/4460 4519/5429/4459 4505/5420/4450
f 4519/5429/4459 4520/5431/4461 4509/5445/4474
f 4530/5441/4471 4531/5440/4470 4517/5446/4462
f 4531/5440/4470 4532/5442/4472 4521/5448/4475
f 4507/5419/4449 4529/5450/4469 4525/5449/4476
f 4508/5421/4451 4533/5443/4473 4529/5450/4469
f 4508/5421/4451 4509/5445/4474 4497/5451/4477
f 4521/5448/4475 4497/5451/4477 4509/5445/4474
f 4532/5442/4472 4533/5443/4473 4497/5451/4477
f 1039/5452/4478 4498/5413/4443 821/5049/4177
f 1040/5453/4479 4499/5411/4441 4498/5413/4443
f 1041/5454/4480 4500/5414/4444 4499/5411/4441
f 1042/5455/4481 4501/5416/4446 4500/5414/4444
f 4498/5413/4443 4502/5412/4442 820/5050/4178
f 4502/5412/4442 4506/5418/4448 819/5456/4179
f 4506/5418/4448 4525/5449/4476 818/5457/4183
f 703/5458/3944 4510/5424/4454 1045/5459/4482
f 704/5460/3947 4511/5422/4452 4510/5424/4454
f 705/5461/3948 4512/5425/4455 4511/5422/4452
f 706/5462/3949 4513/5427/4457 4512/5425/4455
f 1045/5459/4482 4510/5424/4454 4514/5423/4453
f 1044/5463/4483 4514/5423/4453 4518/5430/4460
f 1043/5464/4484 4518/5430/4460 4501/5444/4446
f 43/4262/3576 815/5054/4180 4522/5433/4463
f 815/5054/4180 816/5467/4181 4523/5436/4466
f 816/5467/4181 817/5057/4182 4524/5438/4468
f 817/5057/4182 818/6080/4183 4525/5449/4476
f 709/5466/3954 4522/5433/4463 4526/5435/4465
f 708/5468/3955 4526/5435/4465 4530/5441/4471
f 707/5469/3956 4530/5441/4471 4513/5447/4457
f 4536/5470/4485 4540/5474/4489 4539/5471/4486
f 4537/5473/4488 4541/5476/4491 4540/5474/4489
f 4537/5473/4488 4538/5513/4518 4542/5475/4490
f 4540/5474/4489 4544/5479/4494 4543/5477/4492
f 4540/5474/4489 4541/5476/4491 4545/5478/4493
f 4541/5476/4491 4542/5475/4490 4546/5480/4495
f 4548/5481/4496 4552/5485/4500 4551/5482/4497
f 4549/5484/4499 4553/5487/4502 4552/5485/4500
f 4549/5484/4499 4550/5519/4519 4554/5486/4501
f 4552/5485/4500 4556/5489/4504 4555/5488/4503
f 4553/5487/4502 4557/5491/4506 4556/5489/4504
f 4553/5487/4502 4554/5486/4501 4558/5490/4505
f 4560/5492/4507 4564/5496/4511 4563/5493/4508
f 4561/5495/4510 4565/5498/4513 4564/5496/4511
f 4562/5497/4512 4566/5501/4516 4565/5498/4513
f 4564/5496/4511 4568/5500/4515 4567/5499/4514
f 4565/5498/4513 4569/5502/4517 4568/5500/4515
f 4566/5501/4516 4570/5508/4520 4569/5502/4517
f 4556/5489/4504 4542/5504/4490 4538/5503/4518
f 4557/5491/4506 4546/5480/4495 4542/5504/4490
f 4568/5500/4515 4554/5506/4501 4550/5505/4519
f 4569/5502/4517 4558/5490/4505 4554/5506/4501
f 4543/5477/4492 4544/5479/4494 4566/5507/4516
f 4544/5479/4494 4545/5478/4493 4570/5508/4520
f 4545/5478/4493 4546/5480/4495 4534/5509/4521
f 4557/5491/4506 4558/5490/4505 4534/5509/4521
f 4569/5502/4517 4570/5508/4520 4534/5509/4521
f 1046/5510/3219 4535/5472/4487 1039/5511/4478
f 1047/5512/3223 4536/5470/4485 4535/5472/4487
f 1048/3849/3224 4537/5473/4488 4536/5470/4485
f 1048/3849/3224 1049/3850/3225 4538/5513/4518
f 4535/5472/4487 4539/5471/4486 1040/5514/4479
f 1040/5514/4479 4539/5471/4486 4543/5477/4492
f 1041/5454/4480 4543/5477/4492 4562/5497/4512
f 1059/5516/4522 4547/5483/4498 1052/3836/3215
f 1058/5517/4523 4548/5481/4496 4547/5483/4498
f 1057/5518/4524 4549/5484/4499 4548/5481/4496
f 1057/5518/4524 1056/6081/4528 4550/5519/4519
f 4547/5483/4498 4551/5482/4497 1051/5520/3216
f 4551/5482/4497 4555/5488/4503 1050/5521/3217
f 4555/5488/4503 4538/5503/4518 1049/5522/3225
f 1045/5523/4482 4559/5494/4509 1053/5524/4525
f 1044/5525/4483 4560/5492/4507 4559/5494/4509
f 1043/5526/4484 4561/5495/4510 4560/5492/4507
f 1042/5515/4481 4562/5497/4512 4561/5495/4510
f 4559/5494/4509 4563/5493/4508 1054/5527/4526
f 4563/5493/4508 4567/5499/4514 1055/5528/4527
f 4567/5499/4514 4550/5505/4519 1056/5529/4528
f 4573/5530/4529 4577/5534/4533 4576/5531/4530
f 4574/5533/4532 4578/5536/4535 4577/5534/4533
f 4575/5535/4534 4579/5539/4538 4578/5536/4535
f 4577/5534/4533 4581/5538/4537 4580/5537/4536
f 4578/5536/4535 4582/5540/4539 4581/5538/4537
f 4579/5539/4538 4583/5564/4562 4582/5540/4539
f 4584/5541/4540 4585/5544/4543 4589/5542/4541
f 4585/5544/4543 4586/5546/4545 4590/5545/4544
f 4586/5546/4545 4587/5580/4563 4591/5547/4546
f 4589/5542/4541 4593/5550/4549 4592/5548/4547
f 4589/5542/4541 4590/5545/4544 4594/5549/4548
f 4590/5545/4544 4591/5547/4546 4595/5551/4550
f 4597/5552/4551 4601/5556/4555 4600/5553/4552
f 4597/5552/4551 4598/5557/4556 4602/5555/4554
f 4598/5557/4556 4599/5585/4564 4603/5558/4557
f 4601/5556/4555 4605/5561/4560 4604/5559/4558
f 4601/5556/4555 4602/5555/4554 4606/5560/4559
f 4602/5555/4554 4603/5558/4557 4607/5562/4561
f 4592/5548/4547 4593/5550/4549 4579/5539/4538
f 4593/5550/4549 4594/5549/4548 4583/5564/4562
f 4605/5561/4560 4591/5566/4546 4587/5565/4563
f 4605/5561/4560 4606/5560/4559 4595/5551/4550
f 4581/5538/4537 4603/5568/4557 4599/5567/4564
f 4582/5540/4539 4607/5562/4561 4603/5568/4557
f 4582/5540/4539 4583/5564/4562 4571/5569/4565
f 4594/5549/4548 4595/5551/4550 4571/5569/4565
f 4606/5560/4559 4607/5562/4561 4571/5569/4565
f 800/5570/4566 4572/5532/4531 1059/5516/4522
f 799/5571/4567 4573/5530/4529 4572/5532/4531
f 798/5572/4568 4574/5533/4532 4573/5530/4529
f 797/5573/4569 4575/5535/4534 4574/5533/4532
f 4572/5532/4531 4576/5531/4530 1058/5574/4523
f 4576/5531/4530 4580/5537/4536 1057/5575/4524
f 4580/5537/4536 4599/5567/4564 1056/5576/4528
f 822/5577/3419 4584/5541/4540 794/5578/4570
f 822/5577/3419 823/4078/3420 4585/5544/4543
f 823/4078/3420 824/5579/3421 4586/5546/4545
f 824/5579/3421 825/6082/3422 4587/5580/4563
f 794/5578/4570 4584/5541/4540 4588/5543/4542
f 4588/5543/4542 4592/5548/4547 796/5582/4572
f 4592/5548/4547 4575/5563/4534 797/5583/4569
f 1053/5524/4525 4596/5554/4553 828/4088/3427
f 1054/5584/4526 4597/5552/4551 4596/5554/4553
f 1054/5584/4526 1055/5528/4527 4598/5557/4556
f 1055/5528/4527 1056/5576/4528 4599/5585/4564
f 4596/5554/4553 4600/5553/4552 827/5586/3430
f 4600/5553/4552 4604/5559/4558 826/4092/3431
f 4604/5559/4558 4587/5565/4563 825/5587/3422
f 4610/5588/4573 4614/5592/4577 4613/5589/4574
f 4611/5591/4576 4615/5594/4579 4614/5592/4577
f 4611/5591/4576 4612/5620/4605 4616/5593/4578
f 4614/5592/4577 4618/5596/4581 4617/5595/4580
f 4615/5594/4579 4619/5598/4583 4618/5596/4581
f 4615/5594/4579 4616/5593/4578 4620/5597/4582
f 4622/5599/4584 4626/5603/4588 4625/5600/4585
f 4623/5602/4587 4627/5605/4590 4626/5603/4588
f 4623/5602/4587 4624/5621/4606 4628/5604/4589
f 4626/5603/4588 4630/5607/4592 4629/5606/4591
f 4627/5605/4590 4631/5608/4593 4630/5607/4592
f 4628/5604/4589 4632/5626/4609 4631/5608/4593
f 4634/5609/4594 4638/5613/4598 4637/5610/4595
f 4635/5612/4597 4639/5615/4600 4638/5613/4598
f 4636/5614/4599 4640/5624/4607 4639/5615/4600
f 4638/5613/4598 4642/5617/4602 4641/5616/4601
f 4639/5615/4600 4643/5619/4604 4642/5617/4602
f 4639/5615/4600 4640/5624/4607 4644/5618/4603
f 4630/5607/4592 4616/5593/4578 4612/5620/4605
f 4631/5608/4593 4620/5597/4582 4616/5593/4578
f 4642/5617/4602 4628/5622/4589 4624/5621/4606
f 4643/5619/4604 4632/5626/4609 4628/5622/4589
f 4618/5596/4581 4640/5624/4607 4636/5623/4599
f 4619/5598/4583 4644/5618/4603 4640/5624/4607
f 4619/5598/4583 4620/5597/4582 4608/5625/4608
f 4631/5608/4593 4632/5626/4609 4608/5625/4608
f 4643/5619/4604 4644/5618/4603 4608/5625/4608
f 1060/5627/4610 4609/5590/4575 675/5628/4611
f 1061/5629/4612 4610/5588/4573 4609/5590/4575
f 1061/5629/4612 1062/5630/4613 4611/5591/4576
f 1062/5630/4613 1063/5691/4620 4612/5620/4605
f 4609/5590/4575 4613/5589/4574 676/5631/4614
f 676/5631/4614 4613/5589/4574 4617/5595/4580
f 677/5632/4615 4617/5595/4580 4636/5623/4599
f 689/3954/3316 4621/5601/4586 1066/5634/4617
f 690/5635/3320 4622/5599/4584 4621/5601/4586
f 691/3959/3321 4623/5602/4587 4622/5599/4584
f 692/3960/3322 4624/5621/4606 4623/5602/4587
f 4621/5601/4586 4625/5600/4585 1065/5636/4618
f 4625/5600/4585 4629/5606/4591 1064/5637/4619
f 4629/5606/4591 4612/5620/4605 1063/5638/4620
f 681/5639/4621 4633/5611/4596 695/5640/3307
f 680/5641/4622 4634/5609/4594 4633/5611/4596
f 679/5642/4623 4635/5612/4597 4634/5609/4594
f 678/5643/4616 4636/5614/4599 4635/5612/4597
f 695/5640/3307 4633/5611/4596 4637/5610/4595
f 694/3947/3310 4637/5610/4595 4641/5616/4601
f 693/5644/3311 4641/5616/4601 4624/5621/4606
f 4647/5646/4624 4651/5650/4628 4650/5647/4625
f 4648/5649/4627 4652/5652/4630 4651/5650/4628
f 4649/5651/4629 4653/5655/4633 4652/5652/4630
f 4651/5650/4628 4655/5654/4632 4654/5653/4631
f 4652/5652/4630 4656/5656/4634 4655/5654/4632
f 4653/5655/4633 4657/5680/4657 4656/5656/4634
f 4659/5657/4635 4663/5661/4639 4662/5658/4636
f 4660/5660/4638 4664/5663/4641 4663/5661/4639
f 4661/5662/4640 4665/5666/4644 4664/5663/4641
f 4663/5661/4639 4667/5665/4643 4666/5664/4642
f 4664/5663/4641 4668/5667/4645 4667/5665/4643
f 4665/5666/4644 4669/5683/4658 4668/5667/4645
f 4670/5668/4646 4671/5671/4649 4675/5669/4647
f 4671/5671/4649 4672/5673/4651 4676/5672/4650
f 4672/5673/4651 4673/5684/4659 4677/5674/4652
f 4674/5670/4648 4675/5669/4647 4679/5675/4653
f 4675/5669/4647 4676/5672/4650 4680/5677/4655
f 4676/5672/4650 4677/5674/4652 4681/5678/4656
f 4667/5665/4643 4653/5655/4633 4649/5679/4629
f 4667/5665/4643 4668/5667/4645 4657/5680/4657
f 4678/5676/4654 4679/5675/4653 4665/5681/4644
f 4679/5675/4653 4680/5677/4655 4669/5683/4658
f 4655/5654/4632 4677/5674/4652 4673/5684/4659
f 4656/5656/4634 4681/5678/4656 4677/5674/4652
f 4657/5680/4657 4645/5685/4660 4681/5678/4656
f 4668/5667/4645 4669/5683/4658 4645/5685/4660
f 4680/5677/4655 4681/5678/4656 4645/5685/4660
f 1067/3783/3167 4646/5648/4626 1060/5686/4610
f 1068/5687/3171 4647/5646/4624 4646/5648/4626
f 1069/5688/3172 4648/5649/4627 4647/5646/4624
f 1069/5688/3172 1070/6083/3173 4649/5651/4629
f 4646/5648/4626 4650/5647/4625 1061/5689/4612
f 4650/5647/4625 4654/5653/4631 1062/5690/4613
f 4654/5653/4631 4673/5684/4659 1063/5691/4620
f 1080/1795/1488 4658/5659/4637 1073/5692/3163
f 1079/1794/1487 4659/5657/4635 4658/5659/4637
f 1078/1793/1486 4660/5660/4638 4659/5657/4635
f 1077/1792/1485 4661/5662/4640 4660/5660/4638
f 4658/5659/4637 4662/5658/4636 1072/5693/3164
f 4662/5658/4636 4666/5664/4642 1071/3778/3165
f 4666/5664/4642 4649/5679/4629 1070/5694/3173
f 40/2374/1981 1066/5634/4617 4670/5668/4646
f 1066/5634/4617 1065/5696/4618 4671/5671/4649
f 1065/5696/4618 1064/5697/4619 4672/5673/4651
f 1064/5697/4619 1063/6084/4620 4673/5684/4659
f 1074/5695/1482 4670/5668/4646 4674/5670/4648
f 1075/5698/1483 4674/5670/4648 4678/5676/4654
f 1076/5699/1484 4678/5676/4654 4661/5682/4640
f 4684/5701/4661 4688/5705/4665 4687/5702/4662
f 4685/5704/4664 4689/5707/4667 4688/5705/4665
f 4686/5706/4666 4690/5710/4670 4689/5707/4667
f 4688/5705/4665 4692/5709/4669 4691/5708/4668
f 4689/5707/4667 4693/5711/4671 4692/5709/4669
f 4690/5710/4670 4694/5735/4694 4693/5711/4671
f 4696/5712/4672 4700/5716/4676 4699/5713/4673
f 4697/5715/4675 4701/5718/4678 4700/5716/4676
f 4698/5717/4677 4702/5721/4681 4701/5718/4678
f 4700/5716/4676 4704/5720/4680 4703/5719/4679
f 4701/5718/4678 4705/5722/4682 4704/5720/4680
f 4702/5721/4681 4706/5739/4695 4705/5722/4682
f 4708/5723/4683 4712/5727/4687 4711/5724/4684
f 4708/5723/4683 4709/5728/4688 4713/5726/4686
f 4709/5728/4688 4710/5762/4696 4714/5729/4689
f 4712/5727/4687 4716/5732/4692 4715/5730/4690
f 4712/5727/4687 4713/5726/4686 4717/5731/4691
f 4713/5726/4686 4714/5729/4689 4718/5733/4693
f 4704/5720/4680 4690/5736/4670 4686/5734/4666
f 4704/5720/4680 4705/5722/4682 4694/5735/4694
f 4715/5730/4690 4716/5732/4692 4702/5737/4681
f 4716/5732/4692 4717/5731/4691 4706/5739/4695
f 4692/5709/4669 4714/5741/4689 4710/5740/4696
f 4693/5711/4671 4718/5733/4693 4714/5741/4689
f 4694/5735/4694 4682/5742/4697 4718/5733/4693
f 4705/5722/4682 4706/5739/4695 4682/5742/4697
f 4717/5731/4691 4718/5733/4693 4682/5742/4697
f 1081/5743/4698 4683/5703/4663 800/5744/4566
f 1082/5745/4699 4684/5701/4661 4683/5703/4663
f 1083/5746/4700 4685/5704/4664 4684/5701/4661
f 1084/5747/4701 4686/5706/4666 4685/5704/4664
f 4683/5703/4663 4687/5702/4662 799/5571/4567
f 4687/5702/4662 4691/5708/4668 798/5748/4568
f 4691/5708/4668 4710/5740/4696 797/5749/4569
f 675/5750/4611 4695/5714/4674 1087/5751/4702
f 676/5753/4614 4696/5712/4672 4695/5714/4674
f 677/5754/4615 4697/5715/4675 4696/5712/4672
f 678/5755/4616 4698/5717/4677 4697/5715/4675
f 4695/5714/4674 4699/5713/4673 1086/5756/4703
f 4699/5713/4673 4703/5719/4679 1085/5757/4704
f 4703/5719/4679 4686/5734/4666 1084/5758/4701
f 794/5759/4570 4707/5725/4685 681/5760/4621
f 795/5581/4571 4708/5723/4683 4707/5725/4685
f 795/5581/4571 796/5761/4572 4709/5728/4688
f 796/5761/4572 797/6085/4569 4710/5762/4696
f 4707/5725/4685 4711/5724/4684 680/5763/4622
f 680/5763/4622 4711/5724/4684 4715/5730/4690
f 679/5764/4623 4715/5730/4690 4698/5738/4677
f 4721/5766/4705 4725/5770/4709 4724/5767/4706
f 4722/5769/4708 4726/5772/4711 4725/5770/4709
f 4723/5771/4710 4727/6086/4738 4726/5772/4711
f 4725/5770/4709 4729/5774/4713 4728/5773/4712
f 4726/5772/4711 4730/5776/4715 4729/5774/4713
f 4726/5772/4711 4727/6086/4738 4731/5775/4714
f 4733/5777/4716 4737/5781/4720 4736/5778/4717
f 4734/5780/4719 4738/5783/4722 4737/5781/4720
f 4735/5782/4721 4739/5786/4725 4738/5783/4722
f 4737/5781/4720 4741/5785/4724 4740/5784/4723
f 4738/5783/4722 4742/5787/4726 4741/5785/4724
f 4739/5786/4725 4743/5801/4739 4742/5787/4726
f 4745/5788/4727 4749/5792/4731 4748/5789/4728
f 4746/5791/4730 4750/5794/4733 4749/5792/4731
f 4746/5791/4730 4747/5820/4740 4751/5793/4732
f 4749/5792/4731 4753/5797/4736 4752/5795/4734
f 4749/5792/4731 4750/5794/4733 4754/5796/4735
f 4750/5794/4733 4751/5793/4732 4755/5798/4737
f 4741/5785/4724 4727/5799/4738 4723/5771/4710
f 4741/5785/4724 4742/5787/4726 4731/5775/4714
f 4752/5795/4734 4753/5797/4736 4739/5800/4725
f 4753/5797/4736 4754/5796/4735 4743/5801/4739
f 4729/5774/4713 4751/5803/4732 4747/5802/4740
f 4730/5776/4715 4755/5798/4737 4751/5803/4732
f 4730/5776/4715 4731/5775/4714 4719/5804/4741
f 4742/5787/4726 4743/5801/4739 4719/5804/4741
f 4754/5796/4735 4755/5798/4737 4719/5804/4741
f 1088/5805/3116 4720/5768/4707 1081/5806/4698
f 1089/5807/3120 4721/5766/4705 4720/5768/4707
f 1090/3723/3121 4722/5769/4708 4721/5766/4705
f 1091/5808/3111 4723/5771/4710 4722/5769/4708
f 4720/5768/4707 4724/5767/4706 1082/5809/4699
f 4724/5767/4706 4728/5773/4712 1083/5810/4700
f 1083/5810/4700 4728/5773/4712 4747/5802/4740
f 1101/5811/4742 4732/5779/4718 1094/3708/3107
f 1100/5812/4743 4733/5777/4716 4732/5779/4718
f 1099/5813/4744 4734/5780/4719 4733/5777/4716
f 1098/5814/4745 4735/5782/4721 4734/5780/4719
f 4732/5779/4718 4736/5778/4717 1093/5815/3109
f 4736/5778/4717 4740/5784/4723 1092/5816/3110
f 4740/5784/4723 4723/5771/4710 1091/3713/3111
f 1087/5817/4702 4744/5790/4729 1095/5818/4746
f 1086/5819/4703 4745/5788/4727 4744/5790/4729
f 1086/5819/4703 1085/5757/4704 4746/5791/4730
f 1085/5757/4704 1084/6087/4701 4747/5820/4740
f 4744/5790/4729 4748/5789/4728 1096/5821/4747
f 4748/5789/4728 4752/5795/4734 1097/5822/4748
f 1097/5822/4748 4752/5795/4734 4735/5782/4721
f 4758/5823/4749 4762/5827/4753 4761/5824/4750
f 4758/5823/4749 4759/5828/4754 4763/5826/4752
f 4759/5828/4754 4760/5867/4782 4764/5829/4755
f 4762/5827/4753 4766/5832/4758 4765/5830/4756
f 4762/5827/4753 4763/5826/4752 4767/5831/4757
f 4763/5826/4752 4764/5829/4755 4768/5833/4759
f 4770/5834/4760 4774/5838/4764 4773/5835/4761
f 4771/5837/4763 4775/5840/4766 4774/5838/4764
f 4772/5839/4765 4776/5843/4769 4775/5840/4766
f 4774/5838/4764 4778/5842/4768 4777/5841/4767
f 4775/5840/4766 4779/5844/4770 4778/5842/4768
f 4776/5843/4769 4780/5859/4783 4779/5844/4770
f 4782/5845/4771 4786/5849/4775 4785/5846/4772
f 4783/5848/4774 4787/5851/4777 4786/5849/4775
f 4784/5850/4776 4788/6088/4784 4787/5851/4777
f 4785/5846/4772 4786/5849/4775 4790/5852/4778
f 4786/5849/4775 4787/5851/4777 4791/5854/4780
f 4787/5851/4777 4788/6088/4784 4792/5855/4781
f 4778/5842/4768 4764/5829/4755 4760/5856/4782
f 4779/5844/4770 4768/5833/4759 4764/5829/4755
f 4789/5853/4779 4790/5852/4778 4776/5857/4769
f 4790/5852/4778 4791/5854/4780 4780/5859/4783
f 4765/5830/4756 4766/5832/4758 4788/5860/4784
f 4766/5832/4758 4767/5831/4757 4792/5855/4781
f 4767/5831/4757 4768/5833/4759 4756/5862/4785
f 4779/5844/4770 4780/5859/4783 4756/5862/4785
f 4791/5854/4780 4792/5855/4781 4756/5862/4785
f 786/5863/3051 4757/5825/4751 1101/5864/4742
f 785/5865/3056 4758/5823/4749 4757/5825/4751
f 785/5865/3056 784/5866/3057 4759/5828/4754
f 784/5866/3057 783/5878/3058 4760/5867/4782
f 4757/5825/4751 4761/5824/4750 1100/5868/4743
f 1100/5868/4743 4761/5824/4750 4765/5830/4756
f 1099/5869/4744 4765/5830/4756 4784/5861/4776
f 801/5870/3159 4769/5836/4762 780/5871/3047
f 802/5873/3160 4770/5834/4760 4769/5836/4762
f 803/5874/3161 4771/5837/4763 4770/5834/4760
f 804/5875/3162 4772/5839/4765 4771/5837/4763
f 4769/5836/4762 4773/5835/4761 781/5876/3048
f 4773/5835/4761 4777/5841/4767 782/5877/3049
f 4777/5841/4767 4760/5856/4782 783/5878/3058
f 1095/5879/4746 4781/5847/4773 807/5880/3166
f 1096/5821/4747 4782/5845/4771 4781/5847/4773
f 1097/5881/4748 4783/5848/4774 4782/5845/4771
f 1098/5882/4745 4784/5850/4776 4783/5848/4774
f 4781/5847/4773 4785/5846/4772 806/5883/3169
f 806/5883/3169 4785/5846/4772 4789/5853/4779
f 805/5884/3170 4789/5853/4779 4772/5858/4765
f 4795/5885/4786 4799/5889/4790 4798/5886/4787
f 4796/5888/4789 4800/5891/4792 4799/5889/4790
f 4797/5890/4791 4801/6089/4819 4800/5891/4792
f 4799/5889/4790 4803/5893/4794 4802/5892/4793
f 4800/5891/4792 4804/5895/4796 4803/5893/4794
f 4800/5891/4792 4801/6089/4819 4805/5894/4795
f 4807/5896/4797 4811/5900/4801 4810/5897/4798
f 4808/5899/4800 4812/5902/4803 4811/5900/4801
f 4809/5901/4802 4813/5905/4806 4812/5902/4803
f 4811/5900/4801 4815/5904/4805 4814/5903/4804
f 4812/5902/4803 4816/5906/4807 4815/5904/4805
f 4813/5905/4806 4817/5922/4820 4816/5906/4807
f 4818/5907/4808 4819/5910/4811 4823/5908/4809
f 4819/5910/4811 4820/5912/4813 4824/5911/4812
f 4820/5912/4813 4821/5938/4821 4825/5913/4814
f 4822/5909/4810 4823/5908/4809 4827/5914/4815
f 4823/5908/4809 4824/5911/4812 4828/5916/4817
f 4824/5911/4812 4825/5913/4814 4829/5917/4818
f 4815/5904/4805 4801/5919/4819 4797/5918/4791
f 4816/5906/4807 4805/5894/4795 4801/5919/4819
f 4826/5915/4816 4827/5914/4815 4813/5920/4806
f 4827/5914/4815 4828/5916/4817 4817/5922/4820
f 4803/5893/4794 4825/5924/4814 4821/5923/4821
f 4804/5895/4796 4829/5917/4818 4825/5924/4814
f 4804/5895/4796 4805/5894/4795 4793/5925/4822
f 4817/5922/4820 4793/5925/4822 4805/5894/4795
f 4828/5916/4817 4829/5917/4818 4793/5925/4822
f 1109/5926/3059 4794/5887/4788 1102/5927/2367
f 1110/5928/3060 4795/5885/4786 4794/5887/4788
f 1111/3656/3061 4796/5888/4789 4795/5885/4786
f 1112/3657/3055 4797/5890/4791 4796/5888/4789
f 4794/5887/4788 4798/5886/4787 1103/5929/2368
f 4798/5886/4787 4802/5892/4793 1104/5930/2369
f 4802/5892/4793 4821/5923/4821 1105/2786/2370
f 1122/5931/4823 4806/5898/4799 1115/5932/3050
f 1121/5933/4824 4807/5896/4797 4806/5898/4799
f 1120/5934/4825 4808/5899/4800 4807/5896/4797
f 1119/5935/4826 4809/5901/4802 4808/5899/4800
f 4806/5898/4799 4810/5897/4798 1114/3645/3053
f 4810/5897/4798 4814/5903/4804 1113/3646/3054
f 4814/5903/4804 4797/5918/4791 1112/5936/3055
f 34/2790/2374 1108/2789/2373 4818/5907/4808
f 1108/2789/2373 1107/2788/2372 4819/5910/4811
f 1107/2788/2372 1106/2787/2371 4820/5912/4813
f 1106/2787/2371 1105/2786/2370 4821/5938/4821
f 1116/5937/4827 4818/5907/4808 4822/5909/4810
f 1117/5939/4828 4822/5909/4810 4826/5915/4816
f 1118/5940/4829 4826/5915/4816 4809/5921/4802
f 4832/5942/4830 4836/5946/4834 4835/5943/4831
f 4833/5945/4833 4837/5948/4836 4836/5946/4834
f 4834/5947/4835 4838/5951/4839 4837/5948/4836
f 4836/5946/4834 4840/5950/4838 4839/5949/4837
f 4837/5948/4836 4841/5952/4840 4840/5950/4838
f 4838/5951/4839 4842/5976/4863 4841/5952/4840
f 4844/5953/4841 4848/5957/4845 4847/5954/4842
f 4844/5953/4841 4845/5958/4846 4849/5956/4844
f 4845/5958/4846 4846/5994/4864 4850/5959/4847
f 4848/5957/4845 4852/5962/4850 4851/5960/4848
f 4848/5957/4845 4849/5956/4844 4853/5961/4849
f 4849/5956/4844 4850/5959/4847 4854/5963/4851
f 4856/5964/4852 4860/5968/4856 4859/5965/4853
f 4857/5967/4855 4861/5970/4858 4860/5968/4856
f 4858/5969/4857 4862/5973/4861 4861/5970/4858
f 4860/5968/4856 4864/5972/4860 4863/5971/4859
f 4861/5970/4858 4865/5974/4862 4864/5972/4860
f 4862/5973/4861 4866/5982/4865 4865/5974/4862
f 4852/5962/4850 4838/5977/4839 4834/5975/4835
f 4852/5962/4850 4853/5961/4849 4842/5976/4863
f 4864/5972/4860 4850/5979/4847 4846/5978/4864
f 4865/5974/4862 4854/5963/4851 4850/5979/4847
f 4839/5949/4837 4840/5950/4838 4862/5980/4861
f 4840/5950/4838 4841/5952/4840 4866/5982/4865
f 4841/5952/4840 4842/5976/4863 4830/5983/4866
f 4853/5961/4849 4854/5963/4851 4830/5983/4866
f 4865/5974/4862 4866/5982/4865 4830/5983/4866
f 654/5984/3108 4831/5944/4832 1122/5985/4823
f 655/5986/3112 4832/5942/4830 4831/5944/4832
f 656/5987/3113 4833/5945/4833 4832/5942/4830
f 657/5988/3114 4834/5947/4835 4833/5945/4833
f 4831/5944/4832 4835/5943/4831 1121/5989/4824
f 1121/5989/4824 4835/5943/4831 4839/5949/4837
f 1120/5990/4825 4839/5949/4837 4858/5981/4857
f 787/5399/4438 4843/5955/4843 660/5992/3099
f 788/5402/4439 4844/5953/4841 4843/5955/4843
f 788/5402/4439 789/5993/4440 4845/5958/4846
f 789/5993/4440 790/6090/4437 4846/5994/4864
f 4843/5955/4843 4847/5954/4842 659/5995/3102
f 4847/5954/4842 4851/5960/4848 658/5996/3103
f 4851/5960/4848 4834/5975/4835 657/5997/3114
f 1116/5937/4827 4855/5966/4854 793/5998/4434
f 1117/5939/4828 4856/5964/4852 4855/5966/4854
f 1118/5940/4829 4857/5967/4855 4856/5964/4852
f 1119/5991/4826 4858/5969/4857 4857/5967/4855
f 4855/5966/4854 4859/5965/4853 792/5999/4435
f 4859/5965/4853 4863/5971/4859 791/5393/4436
f 4863/5971/4859 4846/5978/4864 790/6000/4437
